entailment	Susan is reassuring. Janet is reassuring.	Susan and Janet are reassuring.
entailment	Carolyn is depressed. Daniel is depressed.	Carolyn and Daniel are depressed.
entailment	Edwin is guarded. Ian is guarded.	Edwin and Ian are guarded.
entailment	Michael is conceited. Ian is conceited.	Michael and Ian are conceited.
entailment	Ellen is civil. James is civil.	Ellen and James are civil.
entailment	Scott is practical. Sophie is practical.	Scott and Sophie are practical.
entailment	Cynthia is ugly. Carl is ugly.	Cynthia and Carl are ugly.
entailment	Sue is sharp. Keith is sharp.	Sue and Keith are sharp.
entailment	Sarah is touchy. Robin is touchy.	Sarah and Robin are touchy.
entailment	Virginia is interesting. Simon is interesting.	Virginia and Simon are interesting.
entailment	Bill is grave. Ron is grave.	Bill and Ron are grave.
entailment	Wendy is competent. Scott is competent.	Wendy and Scott are competent.
entailment	Rebecca is serious. Mike is serious.	Rebecca and Mike are serious.
entailment	Chris is immodest. Bruce is immodest.	Chris and Bruce are immodest.
entailment	Brian is guarded. Stephanie is guarded.	Brian and Stephanie are guarded.
entailment	Richard is lean. Ralph is lean.	Richard and Ralph are lean.
entailment	Chris is passive. Catherine is passive.	Chris and Catherine are passive.
entailment	Donald is flabby. Walter is flabby.	Donald and Walter are flabby.
entailment	Fiona is balanced. Jeff is balanced.	Fiona and Jeff are balanced.
entailment	Peter is thoughtful. Katie is thoughtful.	Peter and Katie are thoughtful.
entailment	Jennifer is artistic. Evelyn is artistic.	Jennifer and Evelyn are artistic.
entailment	Claire is ugly. Kelly is ugly.	Claire and Kelly are ugly.
entailment	Donna is impulsive. Nicole is impulsive.	Donna and Nicole are impulsive.
entailment	Johnny is soulless. Nancy is soulless.	Johnny and Nancy are soulless.
entailment	Laura is realistic. Martha is realistic.	Laura and Martha are realistic.
entailment	Christopher is peaceful. Jonathan is peaceful.	Christopher and Jonathan are peaceful.
entailment	Laura is timid. Donna is timid.	Laura and Donna are timid.
entailment	Ralph is vigilant. Victoria is vigilant.	Ralph and Victoria are vigilant.
entailment	Peter is dainty. Nick is dainty.	Peter and Nick are dainty.
entailment	James is agreeable. Ian is agreeable.	James and Ian are agreeable.
entailment	Judith is slight. Andrea is slight.	Judith and Andrea are slight.
entailment	Sara is reclusive. Carol is reclusive.	Sara and Carol are reclusive.
entailment	Ken is restless. Howard is restless.	Ken and Howard are restless.
entailment	Alfred is competent. Sarah is competent.	Alfred and Sarah are competent.
entailment	Hugh is competent. Ryan is competent.	Hugh and Ryan are competent.
entailment	Ian is unmotivated. Florence is unmotivated.	Ian and Florence are unmotivated.
entailment	Frank is well-rounded. Anna is well-rounded.	Frank and Anna are well-rounded.
entailment	Joseph is somber. Annie is somber.	Joseph and Annie are somber.
entailment	Emily is crafty. Bob is crafty.	Emily and Bob are crafty.
entailment	Patrick is versatile. Diana is versatile.	Patrick and Diana are versatile.
entailment	William is strong. Wendy is strong.	William and Wendy are strong.
entailment	Benjamin is brave. Sara is brave.	Benjamin and Sara are brave.
entailment	Bruce is absent-minded. Tom is absent-minded.	Bruce and Tom are absent-minded.
entailment	Jennifer is devoted. Larry is devoted.	Jennifer and Larry are devoted.
entailment	Cynthia is sophisticated. Lucy is sophisticated.	Cynthia and Lucy are sophisticated.
entailment	Annie is boisterous. Philip is boisterous.	Annie and Philip are boisterous.
entailment	Nick is flashy. Karen is flashy.	Nick and Karen are flashy.
entailment	Mark is weak. Julia is weak.	Mark and Julia are weak.
entailment	Angela is reliable. Charlie is reliable.	Angela and Charlie are reliable.
entailment	Rachel is great. Mark is great.	Rachel and Mark are great.
entailment	Emma is logical. Louis is logical.	Emma and Louis are logical.
entailment	Sarah is reluctant. Carl is reluctant.	Sarah and Carl are reluctant.
entailment	Patricia is impatient. Bill is impatient.	Patricia and Bill are impatient.
entailment	Don is cool-headed. Walter is cool-headed.	Don and Walter are cool-headed.
entailment	Jill is cantankerous. Walter is cantankerous.	Jill and Walter are cantankerous.
entailment	Ruth is stupid. Elizabeth is stupid.	Ruth and Elizabeth are stupid.
entailment	Ralph is cautious. Ruth is cautious.	Ralph and Ruth are cautious.
entailment	Larry is cooperative. Betty is cooperative.	Larry and Betty are cooperative.
entailment	Nick is quick. Suzanne is quick.	Nick and Suzanne are quick.
entailment	Frances is excellent. Hugh is excellent.	Frances and Hugh are excellent.
entailment	Richard is enterprising. Carolyn is enterprising.	Richard and Carolyn are enterprising.
entailment	Christine is candid. Rachel is candid.	Christine and Rachel are candid.
entailment	Jessica is mature. Bruce is mature.	Jessica and Bruce are mature.
entailment	Kim is normal. Kevin is normal.	Kim and Kevin are normal.
entailment	Don is energetic. Walter is energetic.	Don and Walter are energetic.
entailment	Charlotte is punctual. Lawrence is punctual.	Charlotte and Lawrence are punctual.
entailment	Harry is impressionable. Ray is impressionable.	Harry and Ray are impressionable.
entailment	Amy is above average. Frederick is above average.	Amy and Frederick are above average.
entailment	Jack is spiteful. Sarah is spiteful.	Jack and Sarah are spiteful.
entailment	Sharon is long-winded. Cynthia is long-winded.	Sharon and Cynthia are long-winded.
entailment	Edwin is sour. Betty is sour.	Edwin and Betty are sour.
entailment	Suzanne is polite. Sandra is polite.	Suzanne and Sandra are polite.
entailment	Lisa is earnest. Tim is earnest.	Lisa and Tim are earnest.
entailment	Scott is crass. Kim is crass.	Scott and Kim are crass.
entailment	Donna is incisive. William is incisive.	Donna and William are incisive.
entailment	Greg is quick-tempered. David is quick-tempered.	Greg and David are quick-tempered.
entailment	Diane is slothful. Alexander is slothful.	Diane and Alexander are slothful.
entailment	Walter is disagreeable. Albert is disagreeable.	Walter and Albert are disagreeable.
entailment	Caroline is capable. Robert is capable.	Caroline and Robert are capable.
entailment	Stephen is level-headed. Chris is level-headed.	Stephen and Chris are level-headed.
entailment	Julie is beautiful. Frances is beautiful.	Julie and Frances are beautiful.
entailment	Heather is long-winded. Steven is long-winded.	Heather and Steven are long-winded.
entailment	Alan is sour. Nick is sour.	Alan and Nick are sour.
entailment	Samuel is snobby. Annie is snobby.	Samuel and Annie are snobby.
entailment	Cynthia is impetuous. Mike is impetuous.	Cynthia and Mike are impetuous.
entailment	Jean is imperturbable. Martha is imperturbable.	Jean and Martha are imperturbable.
entailment	Nicole is grouchy. Edith is grouchy.	Nicole and Edith are grouchy.
entailment	Robert is dreary. Richard is dreary.	Robert and Richard are dreary.
entailment	Daniel is alert. Philip is alert.	Daniel and Philip are alert.
entailment	Albert is demure. Tom is demure.	Albert and Tom are demure.
entailment	Christine is dainty. Daniel is dainty.	Christine and Daniel are dainty.
entailment	Ann is generous. Diane is generous.	Ann and Diane are generous.
entailment	Keith is fabulous. Dick is fabulous.	Keith and Dick are fabulous.
entailment	Amanda is critical. Larry is critical.	Amanda and Larry are critical.
entailment	Louis is lovable. Jason is lovable.	Louis and Jason are lovable.
entailment	Robin is sullen. Samuel is sullen.	Robin and Samuel are sullen.
entailment	Fred is devoted. Catherine is devoted.	Fred and Catherine are devoted.
entailment	Ken is pensive. Patricia is pensive.	Ken and Patricia are pensive.
entailment	Nancy is hesitant. Ken is hesitant.	Nancy and Ken are hesitant.
entailment	Cynthia is naughty. Betty is naughty.	Cynthia and Betty are naughty.
entailment	Amy is patient. Keith is patient.	Amy and Keith are patient.
entailment	Dorothy is touchy. Harry is touchy.	Dorothy and Harry are touchy.
entailment	Nick is discreet. Amanda is discreet.	Nick and Amanda are discreet.
entailment	Don is paternalistic. Ian is paternalistic.	Don and Ian are paternalistic.
entailment	Diana is dependent. Sophie is dependent.	Diana and Sophie are dependent.
entailment	Ralph is irascible. Paul is irascible.	Ralph and Paul are irascible.
entailment	Ian is modest. Jane is modest.	Ian and Jane are modest.
entailment	Steven is generous. Richard is generous.	Steven and Richard are generous.
entailment	Joan is musical. Carolyn is musical.	Joan and Carolyn are musical.
entailment	Chris is emotional. William is emotional.	Chris and William are emotional.
entailment	Joan is amazing. Carl is amazing.	Joan and Carl are amazing.
entailment	Fred is stable. Sophie is stable.	Fred and Sophie are stable.
entailment	Matthew is testy. Eleanor is testy.	Matthew and Eleanor are testy.
entailment	Simon is unguarded. Jill is unguarded.	Simon and Jill are unguarded.
entailment	Sue is naughty. Ron is naughty.	Sue and Ron are naughty.
entailment	Amy is saucy. William is saucy.	Amy and William are saucy.
entailment	Martha is hateful. Joseph is hateful.	Martha and Joseph are hateful.
entailment	Francis is easy-going. Nicole is easy-going.	Francis and Nicole are easy-going.
entailment	Elaine is indefatigable. Kathleen is indefatigable.	Elaine and Kathleen are indefatigable.
entailment	Eleanor is industrious. James is industrious.	Eleanor and James are industrious.
entailment	Francis is tactful. Frank is tactful.	Francis and Frank are tactful.
entailment	Catherine is tranquil. Joseph is tranquil.	Catherine and Joseph are tranquil.
entailment	Bill is lazy. Greg is lazy.	Bill and Greg are lazy.
entailment	Stephen is nasty. Samuel is nasty.	Stephen and Samuel are nasty.
entailment	Jimmy is energetic. Frank is energetic.	Jimmy and Frank are energetic.
entailment	Maria is interesting. Charles is interesting.	Maria and Charles are interesting.
entailment	Tom is below average. Henry is below average.	Tom and Henry are below average.
entailment	Robert is unimaginative. Katherine is unimaginative.	Robert and Katherine are unimaginative.
entailment	Carol is subtle. Ron is subtle.	Carol and Ron are subtle.
entailment	Amy is realistic. Harry is realistic.	Amy and Harry are realistic.
entailment	Charlie is emotional. Lisa is emotional.	Charlie and Lisa are emotional.
entailment	Alexandra is pensive. Julie is pensive.	Alexandra and Julie are pensive.
entailment	Michael is affectionate. Peter is affectionate.	Michael and Peter are affectionate.
entailment	Mary is unthinking. Robert is unthinking.	Mary and Robert are unthinking.
entailment	Carol is chic. Heather is chic.	Carol and Heather are chic.
entailment	Harry is earnest. Sally is earnest.	Harry and Sally are earnest.
entailment	Rose is self-assured. Florence is self-assured.	Rose and Florence are self-assured.
entailment	Katherine is respected. Jennifer is respected.	Katherine and Jennifer are respected.
entailment	Kim is lethargic. Henry is lethargic.	Kim and Henry are lethargic.
entailment	Karen is proficient. Martha is proficient.	Karen and Martha are proficient.
entailment	Katie is capable. Alexander is capable.	Katie and Alexander are capable.
entailment	Julie is competent. Edwin is competent.	Julie and Edwin are competent.
entailment	Sara is cooperative. Lucy is cooperative.	Sara and Lucy are cooperative.
entailment	Matthew is fervent. Chris is fervent.	Matthew and Chris are fervent.
entailment	Larry is energetic. Nick is energetic.	Larry and Nick are energetic.
entailment	Joan is cautious. Ryan is cautious.	Joan and Ryan are cautious.
entailment	Wendy is lame. Rebecca is lame.	Wendy and Rebecca are lame.
entailment	Diane is analytical. Marie is analytical.	Diane and Marie are analytical.
entailment	Bobby is methodical. Alfred is methodical.	Bobby and Alfred are methodical.
entailment	David is unaffected. Carolyn is unaffected.	David and Carolyn are unaffected.
entailment	Lisa is courageous. Margaret is courageous.	Lisa and Margaret are courageous.
entailment	David is experienced. Elizabeth is experienced.	David and Elizabeth are experienced.
entailment	Alfred is well-respected. Philip is well-respected.	Alfred and Philip are well-respected.
entailment	Ellen is miserable. Ray is miserable.	Ellen and Ray are miserable.
entailment	Bobby is impulsive. Anne is impulsive.	Bobby and Anne are impulsive.
entailment	Paul is impressive. Mary is impressive.	Paul and Mary are impressive.
entailment	Linda is resigned. Sue is resigned.	Linda and Sue are resigned.
entailment	Joan is serious. Jimmy is serious.	Joan and Jimmy are serious.
entailment	Lawrence is attentive. Scott is attentive.	Lawrence and Scott are attentive.
entailment	Karen is persevering. Ashley is persevering.	Karen and Ashley are persevering.
entailment	Kelly is sulky. Angela is sulky.	Kelly and Angela are sulky.
entailment	Brian is idiotic. Nick is idiotic.	Brian and Nick are idiotic.
entailment	Alex is zealous. Harriet is zealous.	Alex and Harriet are zealous.
entailment	Kenneth is silly. Ellen is silly.	Kenneth and Ellen are silly.
entailment	Maria is numb. Alexander is numb.	Maria and Alexander are numb.
entailment	David is caustic. Victoria is caustic.	David and Victoria are caustic.
entailment	Donald is illogical. Emma is illogical.	Donald and Emma are illogical.
entailment	Alex is talented. Maria is talented.	Alex and Maria are talented.
entailment	Ben is dainty. Simon is dainty.	Ben and Simon are dainty.
entailment	Larry is amiable. William is amiable.	Larry and William are amiable.
entailment	Joan is mean. Arthur is mean.	Joan and Arthur are mean.
entailment	Nancy is slovenly. Christine is slovenly.	Nancy and Christine are slovenly.
entailment	Alex is enterprising. Florence is enterprising.	Alex and Florence are enterprising.
entailment	Alexandra is dowdy. Julie is dowdy.	Alexandra and Julie are dowdy.
entailment	Rachel is sad. Carl is sad.	Rachel and Carl are sad.
entailment	Simon is lithe. Eric is lithe.	Simon and Eric are lithe.
entailment	Carl is resentful. Sue is resentful.	Carl and Sue are resentful.
entailment	Victoria is jocular. Margaret is jocular.	Victoria and Margaret are jocular.
entailment	Janet is jovial. Paul is jovial.	Janet and Paul are jovial.
entailment	Bruce is awesome. Tom is awesome.	Bruce and Tom are awesome.
entailment	Kathy is resentful. Andrew is resentful.	Kathy and Andrew are resentful.
entailment	Jerry is amiable. Janet is amiable.	Jerry and Janet are amiable.
entailment	Andrea is resentful. Margaret is resentful.	Andrea and Margaret are resentful.
entailment	Sue is inexperienced. Amy is inexperienced.	Sue and Amy are inexperienced.
entailment	Annie is affectionate. Scott is affectionate.	Annie and Scott are affectionate.
entailment	Scott is persnickety. Jimmy is persnickety.	Scott and Jimmy are persnickety.
entailment	Alison is meddlesome. Sara is meddlesome.	Alison and Sara are meddlesome.
entailment	Richard is reliable. Jason is reliable.	Richard and Jason are reliable.
entailment	Mike is immature. John is immature.	Mike and John are immature.
entailment	Jay is uncooperative. Diana is uncooperative.	Jay and Diana are uncooperative.
entailment	Jimmy is dirty. James is dirty.	Jimmy and James are dirty.
entailment	Steve is unreliable. Diana is unreliable.	Steve and Diana are unreliable.
entailment	Dorothy is fiery. Stephanie is fiery.	Dorothy and Stephanie are fiery.
entailment	Donald is apathetic. Steven is apathetic.	Donald and Steven are apathetic.
entailment	Richard is inexperienced. Patrick is inexperienced.	Richard and Patrick are inexperienced.
entailment	Anna is great. Jane is great.	Anna and Jane are great.
entailment	Anna is cautious. Lucy is cautious.	Anna and Lucy are cautious.
entailment	Louis is maternal. David is maternal.	Louis and David are maternal.
entailment	Leslie is conceited. Alfred is conceited.	Leslie and Alfred are conceited.
entailment	Sue is kind. Linda is kind.	Sue and Linda are kind.
entailment	Lisa is popular. Sophie is popular.	Lisa and Sophie are popular.
entailment	Sharon is discreet. Adam is discreet.	Sharon and Adam are discreet.
entailment	Ray is jocular. Alexandra is jocular.	Ray and Alexandra are jocular.
entailment	Jay is ambitious. Sophie is ambitious.	Jay and Sophie are ambitious.
entailment	Tony is unsure. Roy is unsure.	Tony and Roy are unsure.
entailment	Michelle is hearty. Karen is hearty.	Michelle and Karen are hearty.
entailment	Janet is balanced. Jay is balanced.	Janet and Jay are balanced.
entailment	Betty is shrewd. Alex is shrewd.	Betty and Alex are shrewd.
entailment	Jane is alert. Ken is alert.	Jane and Ken are alert.
entailment	Cynthia is moronic. Julia is moronic.	Cynthia and Julia are moronic.
entailment	Jim is dependent. Ryan is dependent.	Jim and Ryan are dependent.
entailment	Wendy is surly. Laura is surly.	Wendy and Laura are surly.
entailment	Stephen is illogical. Katie is illogical.	Stephen and Katie are illogical.
entailment	Stephen is beautiful. Julia is beautiful.	Stephen and Julia are beautiful.
entailment	Frederick is careful. Lauren is careful.	Frederick and Lauren are careful.
entailment	Joseph is chic. Kim is chic.	Joseph and Kim are chic.
entailment	Peter is considerate. Gary is considerate.	Peter and Gary are considerate.
entailment	Walter is soulless. Billy is soulless.	Walter and Billy are soulless.
entailment	James is independent. Keith is independent.	James and Keith are independent.
entailment	Edward is distraught. Kelly is distraught.	Edward and Kelly are distraught.
entailment	Rebecca is apathetic. Edith is apathetic.	Rebecca and Edith are apathetic.
entailment	Fiona is evasive. Katherine is evasive.	Fiona and Katherine are evasive.
entailment	Anna is artificial. Robert is artificial.	Anna and Robert are artificial.
entailment	Francis is numb. Bob is numb.	Francis and Bob are numb.
entailment	Dick is quiet. Linda is quiet.	Dick and Linda are quiet.
entailment	Harriet is dreary. Donna is dreary.	Harriet and Donna are dreary.
entailment	Hugh is cool. Dick is cool.	Hugh and Dick are cool.
entailment	Alexandra is careless. Sara is careless.	Alexandra and Sara are careless.
entailment	Louise is awful. Thomas is awful.	Louise and Thomas are awful.
entailment	Margaret is fussy. Alex is fussy.	Margaret and Alex are fussy.
entailment	Cynthia is mean. Lawrence is mean.	Cynthia and Lawrence are mean.
entailment	Colin is naughty. Sharon is naughty.	Colin and Sharon are naughty.
entailment	Donna is grouchy. Marie is grouchy.	Donna and Marie are grouchy.
entailment	Charles is orderly. Andrea is orderly.	Charles and Andrea are orderly.
entailment	Christopher is serious. Lawrence is serious.	Christopher and Lawrence are serious.
entailment	Francis is crafty. Roy is crafty.	Francis and Roy are crafty.
entailment	Ron is unsure. Roger is unsure.	Ron and Roger are unsure.
entailment	Richard is childlike. Matthew is childlike.	Richard and Matthew are childlike.
entailment	Carol is unguarded. Virginia is unguarded.	Carol and Virginia are unguarded.
entailment	Eleanor is sullen. Charles is sullen.	Eleanor and Charles are sullen.
entailment	Anna is serious. Dan is serious.	Anna and Dan are serious.
entailment	Susan is artistic. Jennifer is artistic.	Susan and Jennifer are artistic.
entailment	Mary is wary. Alan is wary.	Mary and Alan are wary.
entailment	Joe is sweet. Ruth is sweet.	Joe and Ruth are sweet.
entailment	Pamela is average. Ben is average.	Pamela and Ben are average.
entailment	Christine is charming. Claire is charming.	Christine and Claire are charming.
entailment	Suzanne is drowsy. Scott is drowsy.	Suzanne and Scott are drowsy.
entailment	Dick is sloppy. Bill is sloppy.	Dick and Bill are sloppy.
entailment	Kathy is alert. Eleanor is alert.	Kathy and Eleanor are alert.
entailment	Jason is stupid. Peter is stupid.	Jason and Peter are stupid.
entailment	Jane is conscientious. Nicole is conscientious.	Jane and Nicole are conscientious.
entailment	Sally is stoic. Kim is stoic.	Sally and Kim are stoic.
entailment	Ralph is generous. Sara is generous.	Ralph and Sara are generous.
entailment	Jonathan is crass. Eric is crass.	Jonathan and Eric are crass.
entailment	Kenneth is mean. Sandra is mean.	Kenneth and Sandra are mean.
entailment	Edith is decisive. Mike is decisive.	Edith and Mike are decisive.
entailment	Daniel is sophisticated. Alison is sophisticated.	Daniel and Alison are sophisticated.
entailment	Jimmy is unwilling. Greg is unwilling.	Jimmy and Greg are unwilling.
entailment	Andrew is courageous. Ben is courageous.	Andrew and Ben are courageous.
entailment	Steve is meddlesome. Lucy is meddlesome.	Steve and Lucy are meddlesome.
entailment	Richard is clever. Mary is clever.	Richard and Mary are clever.
entailment	Judy is fabulous. Ken is fabulous.	Judy and Ken are fabulous.
entailment	Wendy is spirited. Thomas is spirited.	Wendy and Thomas are spirited.
entailment	Kathryn is blue. Adam is blue.	Kathryn and Adam are blue.
entailment	Kenneth is unbalanced. Elizabeth is unbalanced.	Kenneth and Elizabeth are unbalanced.
entailment	Judith is interesting. Fiona is interesting.	Judith and Fiona are interesting.
entailment	Donald is demonic. Sam is demonic.	Donald and Sam are demonic.
entailment	Roy is blunt. Wendy is blunt.	Roy and Wendy are blunt.
entailment	Claire is vulnerable. Billy is vulnerable.	Claire and Billy are vulnerable.
entailment	Martin is earnest. Helen is earnest.	Martin and Helen are earnest.
entailment	Kathryn is below average. Nancy is below average.	Kathryn and Nancy are below average.
entailment	Victoria is cranky. Simon is cranky.	Victoria and Simon are cranky.
entailment	Andrew is artificial. Adam is artificial.	Andrew and Adam are artificial.
entailment	Jessica is hesitant. James is hesitant.	Jessica and James are hesitant.
entailment	Amanda is abnormal. Dick is abnormal.	Amanda and Dick are abnormal.
entailment	Anne is motivated. Donna is motivated.	Anne and Donna are motivated.
entailment	Ann is morose. Grace is morose.	Ann and Grace are morose.
entailment	Helen is smart. Caroline is smart.	Helen and Caroline are smart.
entailment	Wendy is inventive. Jay is inventive.	Wendy and Jay are inventive.
entailment	Sue is prejudiced. Grace is prejudiced.	Sue and Grace are prejudiced.
entailment	Susan is miserable. Richard is miserable.	Susan and Richard are miserable.
entailment	Edward is normal. Margaret is normal.	Edward and Margaret are normal.
entailment	Sue is watchful. Rachel is watchful.	Sue and Rachel are watchful.
entailment	Jane is motivated. Barbara is motivated.	Jane and Barbara are motivated.
entailment	Susan is unstable. Sam is unstable.	Susan and Sam are unstable.
entailment	Sharon is unpleasant. Helen is unpleasant.	Sharon and Helen are unpleasant.
entailment	Katie is persnickety. Scott is persnickety.	Katie and Scott are persnickety.
entailment	Daniel is considerate. Matthew is considerate.	Daniel and Matthew are considerate.
entailment	Fred is prudent. Eric is prudent.	Fred and Eric are prudent.
entailment	Julia is weak. Patricia is weak.	Julia and Patricia are weak.
entailment	Heather is callous. Diane is callous.	Heather and Diane are callous.
entailment	Louise is sober. Paul is sober.	Louise and Paul are sober.
entailment	Julia is fiery. Rebecca is fiery.	Julia and Rebecca are fiery.
entailment	Kathleen is well-developed. Catherine is well-developed.	Kathleen and Catherine are well-developed.
entailment	Jay is intolerant. John is intolerant.	Jay and John are intolerant.
entailment	Rebecca is careless. Matt is careless.	Rebecca and Matt are careless.
entailment	Sue is unguarded. Frank is unguarded.	Sue and Frank are unguarded.
entailment	Evelyn is sloppy. Martin is sloppy.	Evelyn and Martin are sloppy.
entailment	Johnny is dependent. Mary is dependent.	Johnny and Mary are dependent.
entailment	Ryan is patient. Gary is patient.	Ryan and Gary are patient.
entailment	Jerry is amiable. Joe is amiable.	Jerry and Joe are amiable.
entailment	Cynthia is delightful. Jack is delightful.	Cynthia and Jack are delightful.
entailment	Carolyn is kind. Ken is kind.	Carolyn and Ken are kind.
entailment	Wendy is keen. Marie is keen.	Wendy and Marie are keen.
entailment	Katie is disruptive. Benjamin is disruptive.	Katie and Benjamin are disruptive.
entailment	Judy is cold. Ben is cold.	Judy and Ben are cold.
entailment	Hugh is willing. Ron is willing.	Hugh and Ron are willing.
entailment	Elizabeth is inventive. Anne is inventive.	Elizabeth and Anne are inventive.
entailment	Steve is passionate. Dorothy is passionate.	Steve and Dorothy are passionate.
entailment	Angela is obnoxious. Anthony is obnoxious.	Angela and Anthony are obnoxious.
entailment	Jessica is unsure. Samuel is unsure.	Jessica and Samuel are unsure.
entailment	Katie is resigned. Philip is resigned.	Katie and Philip are resigned.
entailment	Charlotte is immature. Janet is immature.	Charlotte and Janet are immature.
entailment	Sue is passive. Mike is passive.	Sue and Mike are passive.
entailment	George is mean. Ian is mean.	George and Ian are mean.
entailment	Carl is negative. Peter is negative.	Carl and Peter are negative.
entailment	Heather is warmhearted. Martha is warmhearted.	Heather and Martha are warmhearted.
entailment	Alison is playful. Andrea is playful.	Alison and Andrea are playful.
entailment	Stephanie is dowdy. Diana is dowdy.	Stephanie and Diana are dowdy.
entailment	Roy is sleepy. Linda is sleepy.	Roy and Linda are sleepy.
entailment	Roy is thoughtless. Albert is thoughtless.	Roy and Albert are thoughtless.
entailment	Alexander is inactive. Susan is inactive.	Alexander and Susan are inactive.
entailment	Alexander is well-respected. Sandra is well-respected.	Alexander and Sandra are well-respected.
entailment	Tony is lame. Patricia is lame.	Tony and Patricia are lame.
entailment	Frank is fastidious. Dan is fastidious.	Frank and Dan are fastidious.
entailment	Scott is willing. Barbara is willing.	Scott and Barbara are willing.
entailment	Jennifer is ambitious. Jean is ambitious.	Jennifer and Jean are ambitious.
entailment	Andrew is steady. Linda is steady.	Andrew and Linda are steady.
entailment	Marilyn is unpleasant. Bill is unpleasant.	Marilyn and Bill are unpleasant.
entailment	Bobby is spiteful. Ryan is spiteful.	Bobby and Ryan are spiteful.
entailment	Michelle is above average. Joan is above average.	Michelle and Joan are above average.
entailment	Fred is generous. Alex is generous.	Fred and Alex are generous.
entailment	Sam is cantankerous. Fred is cantankerous.	Sam and Fred are cantankerous.
entailment	Leslie is funny. Edith is funny.	Leslie and Edith are funny.
entailment	Virginia is reserved. Jonathan is reserved.	Virginia and Jonathan are reserved.
entailment	Jane is inconsistent. Gary is inconsistent.	Jane and Gary are inconsistent.
entailment	John is steady. Cynthia is steady.	John and Cynthia are steady.
entailment	Melissa is attentive. Kathleen is attentive.	Melissa and Kathleen are attentive.
entailment	Richard is paternal. Harold is paternal.	Richard and Harold are paternal.
entailment	Christine is slothful. Christopher is slothful.	Christine and Christopher are slothful.
entailment	Emily is irascible. Christine is irascible.	Emily and Christine are irascible.
entailment	Alan is irascible. Rose is irascible.	Alan and Rose are irascible.
entailment	Florence is disruptive. Amanda is disruptive.	Florence and Amanda are disruptive.
entailment	Charles is indolent. Nicole is indolent.	Charles and Nicole are indolent.
entailment	David is impulsive. Jill is impulsive.	David and Jill are impulsive.
entailment	Anthony is hesitant. Fiona is hesitant.	Anthony and Fiona are hesitant.
entailment	Mike is quick. Judy is quick.	Mike and Judy are quick.
entailment	Janet is agile. Jimmy is agile.	Janet and Jimmy are agile.
entailment	Daniel is incompetent. Anne is incompetent.	Daniel and Anne are incompetent.
entailment	Charles is frank. Joan is frank.	Charles and Joan are frank.
entailment	Kevin is miserable. Kathy is miserable.	Kevin and Kathy are miserable.
entailment	Victoria is peevish. Robert is peevish.	Victoria and Robert are peevish.
entailment	Karen is cooperative. Michelle is cooperative.	Karen and Michelle are cooperative.
entailment	Lawrence is dowdy. Ed is dowdy.	Lawrence and Ed are dowdy.
entailment	Laura is ugly. Betty is ugly.	Laura and Betty are ugly.
entailment	Jack is experienced. Julie is experienced.	Jack and Julie are experienced.
entailment	Charlotte is hypercritical. Dan is hypercritical.	Charlotte and Dan are hypercritical.
entailment	Emma is lithe. Patrick is lithe.	Emma and Patrick are lithe.
entailment	Elizabeth is dependent. Nick is dependent.	Elizabeth and Nick are dependent.
entailment	Ian is angelic. Nick is angelic.	Ian and Nick are angelic.
entailment	Louise is obliging. William is obliging.	Louise and William are obliging.
entailment	Ellen is strong. Margaret is strong.	Ellen and Margaret are strong.
entailment	Andrew is impressive. Martha is impressive.	Andrew and Martha are impressive.
entailment	Ed is sensible. Cynthia is sensible.	Ed and Cynthia are sensible.
entailment	Scott is superficial. Florence is superficial.	Scott and Florence are superficial.
entailment	Frances is hearty. Margaret is hearty.	Frances and Margaret are hearty.
entailment	Marilyn is hearty. Fred is hearty.	Marilyn and Fred are hearty.
entailment	Rachel is civil. Suzanne is civil.	Rachel and Suzanne are civil.
entailment	Ryan is strong. Pamela is strong.	Ryan and Pamela are strong.
entailment	William is buff. Heather is buff.	William and Heather are buff.
entailment	Dave is dirty. Kim is dirty.	Dave and Kim are dirty.
entailment	Dick is unfriendly. James is unfriendly.	Dick and James are unfriendly.
entailment	Betty is lovely. Frances is lovely.	Betty and Frances are lovely.
entailment	Charlotte is affectionate. Eric is affectionate.	Charlotte and Eric are affectionate.
entailment	Dave is naive. Sophie is naive.	Dave and Sophie are naive.
entailment	Brian is responsible. Jack is responsible.	Brian and Jack are responsible.
entailment	Betty is hypercritical. Nancy is hypercritical.	Betty and Nancy are hypercritical.
entailment	Sara is chic. Mark is chic.	Sara and Mark are chic.
entailment	Francis is impractical. Charlotte is impractical.	Francis and Charlotte are impractical.
entailment	Amanda is reserved. Thomas is reserved.	Amanda and Thomas are reserved.
entailment	Victoria is above average. Kathy is above average.	Victoria and Kathy are above average.
entailment	Adam is caustic. Kate is caustic.	Adam and Kate are caustic.
entailment	Annie is critical. Alan is critical.	Annie and Alan are critical.
entailment	Alex is short-tempered. Patrick is short-tempered.	Alex and Patrick are short-tempered.
entailment	Jimmy is passionate. Andrea is passionate.	Jimmy and Andrea are passionate.
entailment	Judy is revered. Anthony is revered.	Judy and Anthony are revered.
entailment	Colin is sloppy. Al is sloppy.	Colin and Al are sloppy.
entailment	Cynthia is irascible. Alexandra is irascible.	Cynthia and Alexandra are irascible.
entailment	James is slow. Brian is slow.	James and Brian are slow.
entailment	Larry is impractical. Dorothy is impractical.	Larry and Dorothy are impractical.
entailment	Caroline is unbalanced. Joseph is unbalanced.	Caroline and Joseph are unbalanced.
entailment	Marilyn is pretty. Ralph is pretty.	Marilyn and Ralph are pretty.
entailment	Martin is positive. Sophie is positive.	Martin and Sophie are positive.
entailment	Bruce is spiteful. Brian is spiteful.	Bruce and Brian are spiteful.
entailment	Jim is selfish. Matt is selfish.	Jim and Matt are selfish.
entailment	Martha is prejudiced. Amy is prejudiced.	Martha and Amy are prejudiced.
entailment	Kate is mean. Alexandra is mean.	Kate and Alexandra are mean.
entailment	Dan is generous. Steve is generous.	Dan and Steve are generous.
entailment	Mike is lithe. Thomas is lithe.	Mike and Thomas are lithe.
entailment	Lynn is meddlesome. Matt is meddlesome.	Lynn and Matt are meddlesome.
entailment	Frank is careful. Sharon is careful.	Frank and Sharon are careful.
entailment	Colin is impressive. Dave is impressive.	Colin and Dave are impressive.
entailment	Claire is hot-headed. Peter is hot-headed.	Claire and Peter are hot-headed.
entailment	Judy is steady. Kate is steady.	Judy and Kate are steady.
entailment	Lucy is assertive. Annie is assertive.	Lucy and Annie are assertive.
entailment	Michael is touchy. Don is touchy.	Michael and Don are touchy.
entailment	Samuel is average. Lauren is average.	Samuel and Lauren are average.
entailment	Ray is fussy. Henry is fussy.	Ray and Henry are fussy.
entailment	Edward is fastidious. Rebecca is fastidious.	Edward and Rebecca are fastidious.
entailment	Kenneth is vulnerable. Ron is vulnerable.	Kenneth and Ron are vulnerable.
entailment	Fred is dull. Anna is dull.	Fred and Anna are dull.
entailment	Katie is cold. Chris is cold.	Katie and Chris are cold.
entailment	Charles is plain-speaking. Dick is plain-speaking.	Charles and Dick are plain-speaking.
entailment	Alison is good. Andrew is good.	Alison and Andrew are good.
entailment	Betty is adventurous. Mary is adventurous.	Betty and Mary are adventurous.
entailment	Katie is sassy. Diane is sassy.	Katie and Diane are sassy.
entailment	Lisa is delicate. Susan is delicate.	Lisa and Susan are delicate.
entailment	Tom is demure. Dan is demure.	Tom and Dan are demure.
entailment	Michael is unwilling. Ray is unwilling.	Michael and Ray are unwilling.
entailment	Victoria is great. Dorothy is great.	Victoria and Dorothy are great.
entailment	Linda is resigned. Peter is resigned.	Linda and Peter are resigned.
entailment	Margaret is cautious. Stephen is cautious.	Margaret and Stephen are cautious.
entailment	Harry is lithe. Barbara is lithe.	Harry and Barbara are lithe.
entailment	Katherine is distrustful. Lauren is distrustful.	Katherine and Lauren are distrustful.
entailment	Howard is confused. Alexander is confused.	Howard and Alexander are confused.
entailment	Virginia is plucky. Frances is plucky.	Virginia and Frances are plucky.
entailment	Sharon is enterprising. Amanda is enterprising.	Sharon and Amanda are enterprising.
entailment	Jerry is polite. Stephanie is polite.	Jerry and Stephanie are polite.
entailment	Alex is orderly. Bill is orderly.	Alex and Bill are orderly.
entailment	Louise is punctual. Donald is punctual.	Louise and Donald are punctual.
entailment	Pamela is selfish. Alfred is selfish.	Pamela and Alfred are selfish.
entailment	Sandra is charming. Dorothy is charming.	Sandra and Dorothy are charming.
entailment	Benjamin is impractical. Joan is impractical.	Benjamin and Joan are impractical.
entailment	Edith is weak. Edward is weak.	Edith and Edward are weak.
entailment	John is vigilant. Bruce is vigilant.	John and Bruce are vigilant.
entailment	Simon is touchy. Grace is touchy.	Simon and Grace are touchy.
entailment	Michelle is assertive. Matthew is assertive.	Michelle and Matthew are assertive.
entailment	George is passive. Rose is passive.	George and Rose are passive.
entailment	Nancy is unthinking. Steven is unthinking.	Nancy and Steven are unthinking.
entailment	Hugh is well-developed. Jennifer is well-developed.	Hugh and Jennifer are well-developed.
entailment	Jonathan is hateful. Marilyn is hateful.	Jonathan and Marilyn are hateful.
entailment	Scott is lovable. Wendy is lovable.	Scott and Wendy are lovable.
entailment	Florence is competent. Bob is competent.	Florence and Bob are competent.
entailment	Florence is drowsy. Jack is drowsy.	Florence and Jack are drowsy.
entailment	Sarah is punctual. Frederick is punctual.	Sarah and Frederick are punctual.
entailment	Kathryn is artificial. Patrick is artificial.	Kathryn and Patrick are artificial.
entailment	Martin is proficient. Louise is proficient.	Martin and Louise are proficient.
entailment	Florence is inspiring. Annie is inspiring.	Florence and Annie are inspiring.
entailment	Simon is idiotic. Stephen is idiotic.	Simon and Stephen are idiotic.
entailment	Carl is spirited. Diana is spirited.	Carl and Diana are spirited.
entailment	Charlie is beneficent. Adam is beneficent.	Charlie and Adam are beneficent.
entailment	Diane is illogical. Amanda is illogical.	Diane and Amanda are illogical.
entailment	Bob is apathetic. David is apathetic.	Bob and David are apathetic.
entailment	Andrew is revered. Mark is revered.	Andrew and Mark are revered.
entailment	Donald is cranky. Harold is cranky.	Donald and Harold are cranky.
entailment	Jeff is noisy. Albert is noisy.	Jeff and Albert are noisy.
entailment	Charlotte is immature. Anthony is immature.	Charlotte and Anthony are immature.
entailment	Ian is soulful. Bruce is soulful.	Ian and Bruce are soulful.
entailment	Carl is dowdy. Chris is dowdy.	Carl and Chris are dowdy.
entailment	Judith is wary. Andrew is wary.	Judith and Andrew are wary.
entailment	Arthur is hypercritical. Dorothy is hypercritical.	Arthur and Dorothy are hypercritical.
entailment	Charles is resentful. Bobby is resentful.	Charles and Bobby are resentful.
entailment	Melissa is impulsive. Jessica is impulsive.	Melissa and Jessica are impulsive.
entailment	Michael is patient. Carol is patient.	Michael and Carol are patient.
entailment	Alan is interesting. Steven is interesting.	Alan and Steven are interesting.
entailment	Dan is quiet. Roger is quiet.	Dan and Roger are quiet.
entailment	Patrick is critical. Melissa is critical.	Patrick and Melissa are critical.
entailment	Elizabeth is tactful. Colin is tactful.	Elizabeth and Colin are tactful.
entailment	Bobby is shy. Alice is shy.	Bobby and Alice are shy.
entailment	Ed is vulnerable. Peter is vulnerable.	Ed and Peter are vulnerable.
entailment	Judith is abnormal. Catherine is abnormal.	Judith and Catherine are abnormal.
entailment	Karen is resentful. Ed is resentful.	Karen and Ed are resentful.
entailment	Dave is impressive. Jason is impressive.	Dave and Jason are impressive.
entailment	Kathryn is weak. Lucy is weak.	Kathryn and Lucy are weak.
entailment	Judith is restless. Edith is restless.	Judith and Edith are restless.
entailment	Lisa is maternal. Jimmy is maternal.	Lisa and Jimmy are maternal.
entailment	Julia is inspiring. Angela is inspiring.	Julia and Angela are inspiring.
entailment	Matt is churlish. Donald is churlish.	Matt and Donald are churlish.
entailment	Andrea is quiet. Angela is quiet.	Andrea and Angela are quiet.
entailment	Diane is silly. Lisa is silly.	Diane and Lisa are silly.
entailment	Robin is stable. Rachel is stable.	Robin and Rachel are stable.
entailment	Michelle is dowdy. Charles is dowdy.	Michelle and Charles are dowdy.
entailment	Angela is competent. Alfred is competent.	Angela and Alfred are competent.
entailment	Kate is unpleasant. Judith is unpleasant.	Kate and Judith are unpleasant.
entailment	Bruce is subtle. Maria is subtle.	Bruce and Maria are subtle.
entailment	Sarah is helpful. Fiona is helpful.	Sarah and Fiona are helpful.
entailment	Frank is tired. Lucy is tired.	Frank and Lucy are tired.
entailment	Paul is gentle. Caroline is gentle.	Paul and Caroline are gentle.
entailment	Mike is unsure. Patrick is unsure.	Mike and Patrick are unsure.
entailment	Frank is hateful. Jason is hateful.	Frank and Jason are hateful.
entailment	Ann is motivated. Nancy is motivated.	Ann and Nancy are motivated.
entailment	Steve is soulful. Samuel is soulful.	Steve and Samuel are soulful.
entailment	Carl is inspiring. Amanda is inspiring.	Carl and Amanda are inspiring.
entailment	Edith is dirty. Nick is dirty.	Edith and Nick are dirty.
entailment	Rose is groggy. Bill is groggy.	Rose and Bill are groggy.
entailment	Jennifer is cool. Linda is cool.	Jennifer and Linda are cool.
entailment	Ian is reliable. Jonathan is reliable.	Ian and Jonathan are reliable.
entailment	Leslie is selfish. Grace is selfish.	Leslie and Grace are selfish.
entailment	Fred is attentive. Fiona is attentive.	Fred and Fiona are attentive.
entailment	Jerry is restless. Edith is restless.	Jerry and Edith are restless.
entailment	Lawrence is lean. Tony is lean.	Lawrence and Tony are lean.
entailment	Deborah is sophisticated. Steve is sophisticated.	Deborah and Steve are sophisticated.
entailment	Frederick is inconsiderate. Joe is inconsiderate.	Frederick and Joe are inconsiderate.
entailment	William is cool. Richard is cool.	William and Richard are cool.
entailment	Alice is irritating. Nick is irritating.	Alice and Nick are irritating.
entailment	Ron is pretty. Kelly is pretty.	Ron and Kelly are pretty.
entailment	Jay is jovial. William is jovial.	Jay and William are jovial.
entailment	Alice is flabby. Amanda is flabby.	Alice and Amanda are flabby.
entailment	Howard is lithe. Ben is lithe.	Howard and Ben are lithe.
entailment	Joseph is stable. Anne is stable.	Joseph and Anne are stable.
entailment	Colin is discerning. Arthur is discerning.	Colin and Arthur are discerning.
entailment	Charlie is stoic. Claire is stoic.	Charlie and Claire are stoic.
entailment	Kenneth is abnormal. Thomas is abnormal.	Kenneth and Thomas are abnormal.
entailment	Jason is immature. Jean is immature.	Jason and Jean are immature.
entailment	Claire is practical. Suzanne is practical.	Claire and Suzanne are practical.
entailment	Dave is boisterous. Jim is boisterous.	Dave and Jim are boisterous.
entailment	Catherine is civil. Kathy is civil.	Catherine and Kathy are civil.
entailment	Colin is crass. Elizabeth is crass.	Colin and Elizabeth are crass.
entailment	Sam is groggy. Charles is groggy.	Sam and Charles are groggy.
entailment	Katherine is angelic. Ryan is angelic.	Katherine and Ryan are angelic.
entailment	Jane is mean. Ray is mean.	Jane and Ray are mean.
entailment	Fiona is funny. Jeff is funny.	Fiona and Jeff are funny.
entailment	Amanda is ugly. Linda is ugly.	Amanda and Linda are ugly.
entailment	Amy is deep. Patrick is deep.	Amy and Patrick are deep.
entailment	Francis is easy-going. Catherine is easy-going.	Francis and Catherine are easy-going.
entailment	Anna is spirited. Tony is spirited.	Anna and Tony are spirited.
entailment	Jennifer is demonic. Ellen is demonic.	Jennifer and Ellen are demonic.
entailment	Jonathan is frank. Sharon is frank.	Jonathan and Sharon are frank.
entailment	Adam is supercilious. Frances is supercilious.	Adam and Frances are supercilious.
entailment	Emma is short-tempered. Anna is short-tempered.	Emma and Anna are short-tempered.
entailment	Ray is efficient. Lisa is efficient.	Ray and Lisa are efficient.
entailment	Victoria is striking. Sharon is striking.	Victoria and Sharon are striking.
entailment	Henry is impressionable. Louis is impressionable.	Henry and Louis are impressionable.
entailment	Kathleen is evasive. Elizabeth is evasive.	Kathleen and Elizabeth are evasive.
entailment	Julie is sweet. Simon is sweet.	Julie and Simon are sweet.
entailment	John is callous. Roy is callous.	John and Roy are callous.
entailment	Martin is conceited. Virginia is conceited.	Martin and Virginia are conceited.
entailment	Ed is prudent. Matt is prudent.	Ed and Matt are prudent.
entailment	Alison is sneering. Lawrence is sneering.	Alison and Lawrence are sneering.
entailment	Julia is quick-tempered. Alfred is quick-tempered.	Julia and Alfred are quick-tempered.
entailment	Emily is wonderful. Benjamin is wonderful.	Emily and Benjamin are wonderful.
entailment	Lisa is agile. Louis is agile.	Lisa and Louis are agile.
entailment	Claire is weak. Stephen is weak.	Claire and Stephen are weak.
entailment	Jill is stable. Stephanie is stable.	Jill and Stephanie are stable.
entailment	Kim is brilliant. Kevin is brilliant.	Kim and Kevin are brilliant.
entailment	Lucy is musical. Patricia is musical.	Lucy and Patricia are musical.
entailment	Hugh is logical. Charlotte is logical.	Hugh and Charlotte are logical.
entailment	Leslie is well-rounded. Benjamin is well-rounded.	Leslie and Benjamin are well-rounded.
entailment	Louis is local. Marie is local.	Louis and Marie are local.
entailment	Louis is impressionable. William is impressionable.	Louis and William are impressionable.
entailment	Harriet is intelligent. John is intelligent.	Harriet and John are intelligent.
entailment	Bob is unfriendly. Jason is unfriendly.	Bob and Jason are unfriendly.
entailment	Charlie is responsible. Harold is responsible.	Charlie and Harold are responsible.
entailment	Pamela is stupid. Julia is stupid.	Pamela and Julia are stupid.
entailment	Sally is reclusive. Andrew is reclusive.	Sally and Andrew are reclusive.
entailment	Jean is unreliable. Alice is unreliable.	Jean and Alice are unreliable.
entailment	Kevin is caustic. Ray is caustic.	Kevin and Ray are caustic.
entailment	Roy is intelligent. Amanda is intelligent.	Roy and Amanda are intelligent.
entailment	Brian is sweet. Kathleen is sweet.	Brian and Kathleen are sweet.
entailment	Sara is assertive. Linda is assertive.	Sara and Linda are assertive.
entailment	Anna is orderly. Barbara is orderly.	Anna and Barbara are orderly.
entailment	Ed is peaceful. Sharon is peaceful.	Ed and Sharon are peaceful.
entailment	Bob is unaffected. Sharon is unaffected.	Bob and Sharon are unaffected.
entailment	Tim is idle. Howard is idle.	Tim and Howard are idle.
entailment	Ralph is dainty. Louise is dainty.	Ralph and Louise are dainty.
entailment	Maria is hypercritical. Don is hypercritical.	Maria and Don are hypercritical.
entailment	Judith is deft. Cynthia is deft.	Judith and Cynthia are deft.
entailment	Andrea is level-headed. Michael is level-headed.	Andrea and Michael are level-headed.
entailment	Evelyn is slow. Patrick is slow.	Evelyn and Patrick are slow.
entailment	Fiona is industrious. Matthew is industrious.	Fiona and Matthew are industrious.
entailment	Dick is listless. Martin is listless.	Dick and Martin are listless.
entailment	Julie is disagreeable. Dan is disagreeable.	Julie and Dan are disagreeable.
entailment	Ann is inexperienced. Marilyn is inexperienced.	Ann and Marilyn are inexperienced.
entailment	Tim is dainty. Fred is dainty.	Tim and Fred are dainty.
entailment	Edward is unpleasant. Al is unpleasant.	Edward and Al are unpleasant.
entailment	Ellen is snobby. Sophie is snobby.	Ellen and Sophie are snobby.
entailment	Marie is peaceful. Alice is peaceful.	Marie and Alice are peaceful.
entailment	Diane is meticulous. Greg is meticulous.	Diane and Greg are meticulous.
entailment	Nicole is affectionate. Thomas is affectionate.	Nicole and Thomas are affectionate.
entailment	Ellen is discreet. Christopher is discreet.	Ellen and Christopher are discreet.
entailment	Julie is groggy. Fiona is groggy.	Julie and Fiona are groggy.
entailment	Robin is well-developed. Karen is well-developed.	Robin and Karen are well-developed.
entailment	Pamela is awful. Alex is awful.	Pamela and Alex are awful.
entailment	Jean is condescending. Matt is condescending.	Jean and Matt are condescending.
entailment	Tony is lame. Daniel is lame.	Tony and Daniel are lame.
entailment	Johnny is crass. Donna is crass.	Johnny and Donna are crass.
entailment	David is paternalistic. Louise is paternalistic.	David and Louise are paternalistic.
entailment	Annie is flabby. Jack is flabby.	Annie and Jack are flabby.
entailment	Claire is disruptive. Maria is disruptive.	Claire and Maria are disruptive.
entailment	Stephen is evasive. George is evasive.	Stephen and George are evasive.
entailment	Donald is excitable. Harry is excitable.	Donald and Harry are excitable.
entailment	Frances is mature. Carl is mature.	Frances and Carl are mature.
entailment	Andrew is vigilant. Amanda is vigilant.	Andrew and Amanda are vigilant.
entailment	Margaret is stoic. Katherine is stoic.	Margaret and Katherine are stoic.
entailment	Anne is eager. Fred is eager.	Anne and Fred are eager.
entailment	Edward is impulsive. Karen is impulsive.	Edward and Karen are impulsive.
entailment	Chris is sincere. Tom is sincere.	Chris and Tom are sincere.
entailment	Alison is keen. Frances is keen.	Alison and Frances are keen.
entailment	Margaret is short-tempered. Alison is short-tempered.	Margaret and Alison are short-tempered.
entailment	Harold is long-winded. Ken is long-winded.	Harold and Ken are long-winded.
entailment	Lucy is plucky. Charles is plucky.	Lucy and Charles are plucky.
entailment	Al is deep. Adam is deep.	Al and Adam are deep.
entailment	Evelyn is unwilling. Marilyn is unwilling.	Evelyn and Marilyn are unwilling.
entailment	Dorothy is quiet. Mary is quiet.	Dorothy and Mary are quiet.
entailment	Dan is excitable. Helen is excitable.	Dan and Helen are excitable.
entailment	Scott is amazing. Marie is amazing.	Scott and Marie are amazing.
entailment	Grace is meticulous. Jane is meticulous.	Grace and Jane are meticulous.
entailment	Tim is venal. Don is venal.	Tim and Don are venal.
entailment	Catherine is incisive. Suzanne is incisive.	Catherine and Suzanne are incisive.
entailment	Rose is thoughtful. Sue is thoughtful.	Rose and Sue are thoughtful.
entailment	Jim is unaffected. Lynn is unaffected.	Jim and Lynn are unaffected.
entailment	Bruce is ambitious. Helen is ambitious.	Bruce and Helen are ambitious.
entailment	Don is candid. Angela is candid.	Don and Angela are candid.
entailment	Alexander is smart. Nicole is smart.	Alexander and Nicole are smart.
entailment	Simon is sharp. Martin is sharp.	Simon and Martin are sharp.
entailment	Heather is wary. Mary is wary.	Heather and Mary are wary.
entailment	Kathy is tired. Jessica is tired.	Kathy and Jessica are tired.
entailment	Sharon is talented. Kathryn is talented.	Sharon and Kathryn are talented.
entailment	Jerry is caustic. Adam is caustic.	Jerry and Adam are caustic.
entailment	Peter is guarded. Helen is guarded.	Peter and Helen are guarded.
entailment	Alexandra is methodical. Virginia is methodical.	Alexandra and Virginia are methodical.
entailment	Marilyn is great. Amy is great.	Marilyn and Amy are great.
entailment	Charlotte is suspicious. Robin is suspicious.	Charlotte and Robin are suspicious.
entailment	John is artistic. Julie is artistic.	John and Julie are artistic.
entailment	Brian is blue. Emma is blue.	Brian and Emma are blue.
entailment	David is well-behaved. Bob is well-behaved.	David and Bob are well-behaved.
entailment	Ellen is one-sided. David is one-sided.	Ellen and David are one-sided.
entailment	Henry is supercilious. Sam is supercilious.	Henry and Sam are supercilious.
entailment	Pamela is depressed. Harold is depressed.	Pamela and Harold are depressed.
entailment	Kevin is distrustful. Frances is distrustful.	Kevin and Frances are distrustful.
entailment	Margaret is unpleasant. Howard is unpleasant.	Margaret and Howard are unpleasant.
entailment	Karen is civil. Grace is civil.	Karen and Grace are civil.
entailment	Ken is willing. Jerry is willing.	Ken and Jerry are willing.
entailment	Fiona is idiotic. Alexandra is idiotic.	Fiona and Alexandra are idiotic.
entailment	Sally is drowsy. Charlie is drowsy.	Sally and Charlie are drowsy.
entailment	Alison is enthusiastic. Philip is enthusiastic.	Alison and Philip are enthusiastic.
entailment	Melissa is quarrelsome. Barbara is quarrelsome.	Melissa and Barbara are quarrelsome.
entailment	Daniel is passionate. Kathleen is passionate.	Daniel and Kathleen are passionate.
entailment	Andrew is average. Ken is average.	Andrew and Ken are average.
entailment	Carol is morose. Kathleen is morose.	Carol and Kathleen are morose.
entailment	Virginia is distrustful. Kevin is distrustful.	Virginia and Kevin are distrustful.
entailment	Frank is impractical. Dan is impractical.	Frank and Dan are impractical.
entailment	Ken is nervous. Lucy is nervous.	Ken and Lucy are nervous.
entailment	Lauren is imaginative. Ralph is imaginative.	Lauren and Ralph are imaginative.
entailment	William is well-behaved. Diane is well-behaved.	William and Diane are well-behaved.
entailment	Julie is awful. Martha is awful.	Julie and Martha are awful.
entailment	Carol is touchy. Ryan is touchy.	Carol and Ryan are touchy.
entailment	Peter is peaceful. Jeff is peaceful.	Peter and Jeff are peaceful.
entailment	Janet is blunt. Louise is blunt.	Janet and Louise are blunt.
entailment	Kathy is orderly. Ralph is orderly.	Kathy and Ralph are orderly.
entailment	Angela is ferocious. Nancy is ferocious.	Angela and Nancy are ferocious.
entailment	Bill is obliging. Ben is obliging.	Bill and Ben are obliging.
entailment	Joe is agreeable. Ellen is agreeable.	Joe and Ellen are agreeable.
entailment	Katie is cordial. Sophie is cordial.	Katie and Sophie are cordial.
entailment	Kate is absent-minded. Judy is absent-minded.	Kate and Judy are absent-minded.
entailment	Claire is assertive. Dave is assertive.	Claire and Dave are assertive.
entailment	Sue is mild. Kenneth is mild.	Sue and Kenneth are mild.
entailment	Helen is flaky. William is flaky.	Helen and William are flaky.
entailment	Tim is nasty. Alexandra is nasty.	Tim and Alexandra are nasty.
entailment	Annie is mild. Patrick is mild.	Annie and Patrick are mild.
entailment	Eleanor is demonic. Kate is demonic.	Eleanor and Kate are demonic.
entailment	Dan is cowardly. Helen is cowardly.	Dan and Helen are cowardly.
entailment	Stephanie is courageous. Elizabeth is courageous.	Stephanie and Elizabeth are courageous.
entailment	Albert is unimaginative. Nicole is unimaginative.	Albert and Nicole are unimaginative.
entailment	Kathryn is average. Matt is average.	Kathryn and Matt are average.
entailment	Leslie is sneering. George is sneering.	Leslie and George are sneering.
entailment	Ray is unimaginative. Sarah is unimaginative.	Ray and Sarah are unimaginative.
entailment	Joseph is unwilling. Ken is unwilling.	Joseph and Ken are unwilling.
entailment	Patricia is dull. Lisa is dull.	Patricia and Lisa are dull.
entailment	Bill is zealous. Daniel is zealous.	Bill and Daniel are zealous.
entailment	Dorothy is critical. Kathryn is critical.	Dorothy and Kathryn are critical.
entailment	Diane is outgoing. Joseph is outgoing.	Diane and Joseph are outgoing.
entailment	Jack is unbalanced. Harriet is unbalanced.	Jack and Harriet are unbalanced.
entailment	Sophie is coherent. Nick is coherent.	Sophie and Nick are coherent.
entailment	Billy is funny. Robin is funny.	Billy and Robin are funny.
entailment	Adam is joyous. Katherine is joyous.	Adam and Katherine are joyous.
entailment	Rachel is clean. Sharon is clean.	Rachel and Sharon are clean.
entailment	James is sullen. Laura is sullen.	James and Laura are sullen.
entailment	Mary is superficial. Rachel is superficial.	Mary and Rachel are superficial.
entailment	Daniel is tired. Walter is tired.	Daniel and Walter are tired.
entailment	Richard is resigned. Philip is resigned.	Richard and Philip are resigned.
entailment	Donna is excellent. Samuel is excellent.	Donna and Samuel are excellent.
entailment	Jonathan is demonic. Joseph is demonic.	Jonathan and Joseph are demonic.
entailment	Charlotte is demure. Martin is demure.	Charlotte and Martin are demure.
entailment	Nancy is frank. Harry is frank.	Nancy and Harry are frank.
entailment	Nicole is undependable. Margaret is undependable.	Nicole and Margaret are undependable.
entailment	Virginia is quick. Susan is quick.	Virginia and Susan are quick.
entailment	Kelly is alert. Stephen is alert.	Kelly and Stephen are alert.
entailment	Victoria is proficient. Sharon is proficient.	Victoria and Sharon are proficient.
entailment	Richard is stern. Sandra is stern.	Richard and Sandra are stern.
entailment	Dave is conscientious. Alfred is conscientious.	Dave and Alfred are conscientious.
entailment	Colin is even-tempered. Charles is even-tempered.	Colin and Charles are even-tempered.
entailment	Benjamin is civil. Grace is civil.	Benjamin and Grace are civil.
entailment	Lucy is dirty. Sandra is dirty.	Lucy and Sandra are dirty.
entailment	Bill is fastidious. Kate is fastidious.	Bill and Kate are fastidious.
entailment	Lisa is well-intentioned. Donna is well-intentioned.	Lisa and Donna are well-intentioned.
entailment	Suzanne is blue. Scott is blue.	Suzanne and Scott are blue.
entailment	Maria is deft. Kate is deft.	Maria and Kate are deft.
entailment	Donald is hateful. Alice is hateful.	Donald and Alice are hateful.
entailment	Virginia is awful. Kathy is awful.	Virginia and Kathy are awful.
entailment	Bill is deep. Edith is deep.	Bill and Edith are deep.
entailment	Greg is sober. Sarah is sober.	Greg and Sarah are sober.
entailment	Ian is practical. Frances is practical.	Ian and Frances are practical.
entailment	Karen is disagreeable. Harold is disagreeable.	Karen and Harold are disagreeable.
entailment	Eric is absent-minded. Stephen is absent-minded.	Eric and Stephen are absent-minded.
entailment	Lucy is irascible. Alan is irascible.	Lucy and Alan are irascible.
entailment	Marilyn is cold. Thomas is cold.	Marilyn and Thomas are cold.
entailment	Kathy is plain-speaking. Hugh is plain-speaking.	Kathy and Hugh are plain-speaking.
entailment	Amanda is discerning. Kelly is discerning.	Amanda and Kelly are discerning.
entailment	Robin is unreliable. Ryan is unreliable.	Robin and Ryan are unreliable.
entailment	Michelle is peevish. Rebecca is peevish.	Michelle and Rebecca are peevish.
entailment	Kenneth is gluttonous. Scott is gluttonous.	Kenneth and Scott are gluttonous.
entailment	Colin is saucy. Alan is saucy.	Colin and Alan are saucy.
entailment	Roger is direct. Virginia is direct.	Roger and Virginia are direct.
entailment	Steve is revered. Alison is revered.	Steve and Alison are revered.
entailment	Alexandra is obliging. Helen is obliging.	Alexandra and Helen are obliging.
entailment	Samuel is amiable. Robert is amiable.	Samuel and Robert are amiable.
entailment	Alice is incisive. Annie is incisive.	Alice and Annie are incisive.
entailment	Robert is imperturbable. Marilyn is imperturbable.	Robert and Marilyn are imperturbable.
entailment	Philip is enthusiastic. Christine is enthusiastic.	Philip and Christine are enthusiastic.
entailment	Mike is diligent. Robin is diligent.	Mike and Robin are diligent.
entailment	Julia is passionate. Ralph is passionate.	Julia and Ralph are passionate.
entailment	Emily is cowardly. Diane is cowardly.	Emily and Diane are cowardly.
entailment	Ben is dreary. Don is dreary.	Ben and Don are dreary.
entailment	Christopher is realistic. Kelly is realistic.	Christopher and Kelly are realistic.
entailment	Sharon is serene. Helen is serene.	Sharon and Helen are serene.
entailment	Scott is artificial. Helen is artificial.	Scott and Helen are artificial.
entailment	Alexander is somber. Patricia is somber.	Alexander and Patricia are somber.
entailment	Patricia is respectful. Jimmy is respectful.	Patricia and Jimmy are respectful.
entailment	Sue is cynical. Bruce is cynical.	Sue and Bruce are cynical.
entailment	Amanda is persnickety. Harriet is persnickety.	Amanda and Harriet are persnickety.
entailment	Al is fervent. Frank is fervent.	Al and Frank are fervent.
entailment	Rachel is unbalanced. Frederick is unbalanced.	Rachel and Frederick are unbalanced.
entailment	Tim is demure. Betty is demure.	Tim and Betty are demure.
entailment	Dick is unstable. Kathleen is unstable.	Dick and Kathleen are unstable.
entailment	Sarah is plain. Scott is plain.	Sarah and Scott are plain.
entailment	Annie is flaky. Kate is flaky.	Annie and Kate are flaky.
entailment	Anna is dreary. Thomas is dreary.	Anna and Thomas are dreary.
entailment	Mike is delicate. Dave is delicate.	Mike and Dave are delicate.
entailment	Helen is passive. Colin is passive.	Helen and Colin are passive.
entailment	Eric is indefatigable. Jane is indefatigable.	Eric and Jane are indefatigable.
entailment	Harold is awful. Carolyn is awful.	Harold and Carolyn are awful.
entailment	Martin is excellent. Peter is excellent.	Martin and Peter are excellent.
entailment	Laura is positive. Greg is positive.	Laura and Greg are positive.
entailment	Carolyn is level-headed. Andrea is level-headed.	Carolyn and Andrea are level-headed.
entailment	Larry is love-lorn. Mary is love-lorn.	Larry and Mary are love-lorn.
entailment	Donald is one-sided. Harriet is one-sided.	Donald and Harriet are one-sided.
entailment	Martha is tired. Keith is tired.	Martha and Keith are tired.
entailment	Charlotte is caustic. Kathleen is caustic.	Charlotte and Kathleen are caustic.
entailment	Carl is gloomy. Katherine is gloomy.	Carl and Katherine are gloomy.
entailment	Sara is irascible. Andrew is irascible.	Sara and Andrew are irascible.
entailment	Johnny is self-assured. Maria is self-assured.	Johnny and Maria are self-assured.
entailment	Tom is restless. Tim is restless.	Tom and Tim are restless.
entailment	Sally is venal. Daniel is venal.	Sally and Daniel are venal.
entailment	Deborah is peaceful. Matthew is peaceful.	Deborah and Matthew are peaceful.
entailment	Ryan is nosy. Lauren is nosy.	Ryan and Lauren are nosy.
entailment	Jessica is condescending. John is condescending.	Jessica and John are condescending.
entailment	Don is well-respected. Joan is well-respected.	Don and Joan are well-respected.
entailment	Joan is hateful. Dan is hateful.	Joan and Dan are hateful.
entailment	Mark is numb. Ian is numb.	Mark and Ian are numb.
entailment	Robin is diligent. Simon is diligent.	Robin and Simon are diligent.
entailment	Daniel is diligent. Alex is diligent.	Daniel and Alex are diligent.
entailment	Katie is slovenly. Thomas is slovenly.	Katie and Thomas are slovenly.
entailment	Ray is maternal. Katie is maternal.	Ray and Katie are maternal.
entailment	Michelle is thoughtless. Jerry is thoughtless.	Michelle and Jerry are thoughtless.
entailment	Dave is methodical. Deborah is methodical.	Dave and Deborah are methodical.
entailment	Adam is generous. Don is generous.	Adam and Don are generous.
entailment	Amanda is balanced. Patrick is balanced.	Amanda and Patrick are balanced.
entailment	Fred is agreeable. Dick is agreeable.	Fred and Dick are agreeable.
entailment	Jean is inexperienced. Brian is inexperienced.	Jean and Brian are inexperienced.
entailment	Ian is outgoing. Philip is outgoing.	Ian and Philip are outgoing.
entailment	Martha is restless. Simon is restless.	Martha and Simon are restless.
entailment	Christopher is dowdy. Helen is dowdy.	Christopher and Helen are dowdy.
entailment	Fiona is flabby. Laura is flabby.	Fiona and Laura are flabby.
entailment	Catherine is fussy. Wendy is fussy.	Catherine and Wendy are fussy.
entailment	Martha is apathetic. Virginia is apathetic.	Martha and Virginia are apathetic.
entailment	Robert is nasty. John is nasty.	Robert and John are nasty.
entailment	Louise is amazing. Chris is amazing.	Louise and Chris are amazing.
entailment	Heather is unmotivated. Sarah is unmotivated.	Heather and Sarah are unmotivated.
entailment	Virginia is irascible. Lynn is irascible.	Virginia and Lynn are irascible.
entailment	Larry is hypercritical. Walter is hypercritical.	Larry and Walter are hypercritical.
entailment	Simon is clumsy. Laura is clumsy.	Simon and Laura are clumsy.
entailment	Arthur is proud. Kate is proud.	Arthur and Kate are proud.
entailment	Frances is thinking. Kate is thinking.	Frances and Kate are thinking.
entailment	Bill is funny. Ralph is funny.	Bill and Ralph are funny.
entailment	Katherine is short-tempered. Alice is short-tempered.	Katherine and Alice are short-tempered.
entailment	Helen is ostentatious. Harry is ostentatious.	Helen and Harry are ostentatious.
entailment	Christine is short-tempered. Daniel is short-tempered.	Christine and Daniel are short-tempered.
entailment	Patrick is confused. Edith is confused.	Patrick and Edith are confused.
entailment	Fiona is competent. Nicole is competent.	Fiona and Nicole are competent.
entailment	Annie is tolerant. Bill is tolerant.	Annie and Bill are tolerant.
entailment	Alexander is wonderful. Eric is wonderful.	Alexander and Eric are wonderful.
entailment	Sam is delicate. Kenneth is delicate.	Sam and Kenneth are delicate.
entailment	Jean is idiotic. Andrea is idiotic.	Jean and Andrea are idiotic.
entailment	Elizabeth is quick-tempered. Jack is quick-tempered.	Elizabeth and Jack are quick-tempered.
entailment	Lynn is impetuous. Robin is impetuous.	Lynn and Robin are impetuous.
entailment	Judy is stern. Kathryn is stern.	Judy and Kathryn are stern.
entailment	Elaine is unaffected. Jack is unaffected.	Elaine and Jack are unaffected.
entailment	George is sassy. John is sassy.	George and John are sassy.
entailment	Julie is popular. Amanda is popular.	Julie and Amanda are popular.
entailment	Katherine is callous. Ed is callous.	Katherine and Ed are callous.
entailment	Betty is sleepy. Nick is sleepy.	Betty and Nick are sleepy.
entailment	Dorothy is unsophisticated. Jill is unsophisticated.	Dorothy and Jill are unsophisticated.
entailment	Deborah is unaffected. Nancy is unaffected.	Deborah and Nancy are unaffected.
entailment	Dan is warm. Grace is warm.	Dan and Grace are warm.
entailment	Lisa is imperturbable. Jean is imperturbable.	Lisa and Jean are imperturbable.
entailment	Matthew is energetic. Pamela is energetic.	Matthew and Pamela are energetic.
entailment	Sally is sad. Paul is sad.	Sally and Paul are sad.
entailment	Johnny is ferocious. Charlie is ferocious.	Johnny and Charlie are ferocious.
entailment	Elaine is miserable. Rose is miserable.	Elaine and Rose are miserable.
entailment	Mark is cranky. Kenneth is cranky.	Mark and Kenneth are cranky.
entailment	Michael is practical. Louis is practical.	Michael and Louis are practical.
entailment	Ed is cautious. Kathryn is cautious.	Ed and Kathryn are cautious.
entailment	Joan is self-assured. Matthew is self-assured.	Joan and Matthew are self-assured.
entailment	Ryan is above average. Kelly is above average.	Ryan and Kelly are above average.
entailment	Angela is hearty. Howard is hearty.	Angela and Howard are hearty.
entailment	Helen is grave. Ray is grave.	Helen and Ray are grave.
entailment	Jerry is conscientious. Jill is conscientious.	Jerry and Jill are conscientious.
entailment	Joe is exacting. Ray is exacting.	Joe and Ray are exacting.
entailment	Jean is tranquil. Caroline is tranquil.	Jean and Caroline are tranquil.
entailment	Al is sensitive. Anthony is sensitive.	Al and Anthony are sensitive.
entailment	Lynn is sober. Joe is sober.	Lynn and Joe are sober.
entailment	Louis is jovial. Charlie is jovial.	Louis and Charlie are jovial.
entailment	Jane is stoic. Jessica is stoic.	Jane and Jessica are stoic.
entailment	Thomas is beautiful. Sam is beautiful.	Thomas and Sam are beautiful.
entailment	Leslie is stern. Carl is stern.	Leslie and Carl are stern.
entailment	Chris is shrewd. Suzanne is shrewd.	Chris and Suzanne are shrewd.
entailment	Emily is restless. Frank is restless.	Emily and Frank are restless.
entailment	Jack is deferential. Marilyn is deferential.	Jack and Marilyn are deferential.
entailment	Greg is well-behaved. Suzanne is well-behaved.	Greg and Suzanne are well-behaved.
entailment	Charles is amazing. Donald is amazing.	Charles and Donald are amazing.
entailment	Barbara is motivated. Linda is motivated.	Barbara and Linda are motivated.
entailment	Sophie is unemotional. Barbara is unemotional.	Sophie and Barbara are unemotional.
entailment	Charlotte is apathetic. Jennifer is apathetic.	Charlotte and Jennifer are apathetic.
entailment	Jeff is cowardly. Jason is cowardly.	Jeff and Jason are cowardly.
entailment	Harry is flashy. James is flashy.	Harry and James are flashy.
entailment	Sara is cranky. Stephen is cranky.	Sara and Stephen are cranky.
entailment	Lucy is thinking. Jerry is thinking.	Lucy and Jerry are thinking.
entailment	Sally is immodest. Lynn is immodest.	Sally and Lynn are immodest.
entailment	Julia is awful. Rachel is awful.	Julia and Rachel are awful.
entailment	Ron is unpleasant. Rebecca is unpleasant.	Ron and Rebecca are unpleasant.
entailment	Edward is condescending. Ralph is condescending.	Edward and Ralph are condescending.
entailment	Louise is mild. Nicole is mild.	Louise and Nicole are mild.
entailment	Louis is tranquil. Betty is tranquil.	Louis and Betty are tranquil.
entailment	Frederick is cowardly. Dave is cowardly.	Frederick and Dave are cowardly.
entailment	Kenneth is cantankerous. Ken is cantankerous.	Kenneth and Ken are cantankerous.
entailment	Johnny is unwilling. Billy is unwilling.	Johnny and Billy are unwilling.
entailment	Emily is delicate. Paul is delicate.	Emily and Paul are delicate.
entailment	Dave is paternalistic. Brian is paternalistic.	Dave and Brian are paternalistic.
entailment	Edith is idiotic. Kenneth is idiotic.	Edith and Kenneth are idiotic.
entailment	Bob is circumspect. Robert is circumspect.	Bob and Robert are circumspect.
entailment	Cynthia is competent. Alison is competent.	Cynthia and Alison are competent.
entailment	Kenneth is crass. Alex is crass.	Kenneth and Alex are crass.
entailment	Sally is natural. Christopher is natural.	Sally and Christopher are natural.
entailment	Virginia is flaky. Harold is flaky.	Virginia and Harold are flaky.
entailment	Laura is paternal. Lynn is paternal.	Laura and Lynn are paternal.
entailment	Betty is able. Henry is able.	Betty and Henry are able.
entailment	Don is love-lorn. Amy is love-lorn.	Don and Amy are love-lorn.
entailment	Melissa is amazing. Ann is amazing.	Melissa and Ann are amazing.
entailment	Simon is methodical. Brian is methodical.	Simon and Brian are methodical.
entailment	Dick is slovenly. Laura is slovenly.	Dick and Laura are slovenly.
entailment	Margaret is obliging. Amy is obliging.	Margaret and Amy are obliging.
entailment	Stephanie is mercurial. Ian is mercurial.	Stephanie and Ian are mercurial.
entailment	Rachel is delicate. Suzanne is delicate.	Rachel and Suzanne are delicate.
entailment	Victoria is conceited. Joseph is conceited.	Victoria and Joseph are conceited.
entailment	Michelle is polite. Benjamin is polite.	Michelle and Benjamin are polite.
entailment	Alexandra is numb. Stephanie is numb.	Alexandra and Stephanie are numb.
entailment	Susan is frank. Bruce is frank.	Susan and Bruce are frank.
entailment	Claire is indiscreet. Alexandra is indiscreet.	Claire and Alexandra are indiscreet.
entailment	Rebecca is grouchy. Rose is grouchy.	Rebecca and Rose are grouchy.
entailment	Heather is dull. Jean is dull.	Heather and Jean are dull.
entailment	Thomas is soulless. Steven is soulless.	Thomas and Steven are soulless.
entailment	Louise is crabby. Ryan is crabby.	Louise and Ryan are crabby.
entailment	Colin is gluttonous. Walter is gluttonous.	Colin and Walter are gluttonous.
entailment	Andrew is local. Rose is local.	Andrew and Rose are local.
entailment	Roger is quiet. Anna is quiet.	Roger and Anna are quiet.
entailment	Dick is quiet. Judith is quiet.	Dick and Judith are quiet.
entailment	Robin is incompetent. Lisa is incompetent.	Robin and Lisa are incompetent.
entailment	Pamela is lethargic. Richard is lethargic.	Pamela and Richard are lethargic.
entailment	Albert is tactful. Simon is tactful.	Albert and Simon are tactful.
entailment	Maria is sweet. Hugh is sweet.	Maria and Hugh are sweet.
entailment	Ron is obliging. Kathryn is obliging.	Ron and Kathryn are obliging.
entailment	Jason is analytical. Bill is analytical.	Jason and Bill are analytical.
entailment	Frances is incisive. Jennifer is incisive.	Frances and Jennifer are incisive.
entailment	Alan is sentimental. Diana is sentimental.	Alan and Diana are sentimental.
entailment	Don is pensive. Elizabeth is pensive.	Don and Elizabeth are pensive.
entailment	Andrew is picky. Al is picky.	Andrew and Al are picky.
entailment	Alexander is drunk. Alison is drunk.	Alexander and Alison are drunk.
entailment	Ed is impressionable. Donna is impressionable.	Ed and Donna are impressionable.
entailment	Heather is flabby. Rachel is flabby.	Heather and Rachel are flabby.
entailment	Alfred is amazing. Matt is amazing.	Alfred and Matt are amazing.
entailment	Bobby is practical. Edward is practical.	Bobby and Edward are practical.
entailment	Fiona is prudent. Karen is prudent.	Fiona and Karen are prudent.
entailment	Katherine is sleepy. Lauren is sleepy.	Katherine and Lauren are sleepy.
entailment	Ken is lithe. Katherine is lithe.	Ken and Katherine are lithe.
entailment	Robin is circumspect. Jonathan is circumspect.	Robin and Jonathan are circumspect.
entailment	Ray is unfriendly. Ralph is unfriendly.	Ray and Ralph are unfriendly.
entailment	Stephen is sleepy. Jill is sleepy.	Stephen and Jill are sleepy.
entailment	Eleanor is reassuring. John is reassuring.	Eleanor and John are reassuring.
entailment	Maria is peaceful. Tony is peaceful.	Maria and Tony are peaceful.
entailment	Amy is curious. William is curious.	Amy and William are curious.
entailment	Charlie is unsophisticated. Anthony is unsophisticated.	Charlie and Anthony are unsophisticated.
entailment	Martha is unguarded. Stephanie is unguarded.	Martha and Stephanie are unguarded.
entailment	Al is ugly. Alexandra is ugly.	Al and Alexandra are ugly.
entailment	Arthur is moronic. Ben is moronic.	Arthur and Ben are moronic.
entailment	Christine is soulless. Harold is soulless.	Christine and Harold are soulless.
entailment	Marilyn is reserved. Howard is reserved.	Marilyn and Howard are reserved.
entailment	Philip is reassuring. Louis is reassuring.	Philip and Louis are reassuring.
entailment	Kathy is meticulous. Sam is meticulous.	Kathy and Sam are meticulous.
entailment	Eric is surly. Joseph is surly.	Eric and Joseph are surly.
entailment	Mary is snazzy. Andrew is snazzy.	Mary and Andrew are snazzy.
entailment	Linda is content. Kathy is content.	Linda and Kathy are content.
entailment	Al is gluttonous. Alex is gluttonous.	Al and Alex are gluttonous.
entailment	Grace is negative. Katie is negative.	Grace and Katie are negative.
entailment	Richard is grave. Julia is grave.	Richard and Julia are grave.
entailment	Henry is responsible. Elizabeth is responsible.	Henry and Elizabeth are responsible.
entailment	Harold is thoughtless. Frances is thoughtless.	Harold and Frances are thoughtless.
entailment	Paul is prudent. Edwin is prudent.	Paul and Edwin are prudent.
entailment	Henry is love-lorn. Sara is love-lorn.	Henry and Sara are love-lorn.
entailment	Melissa is elfin. Gary is elfin.	Melissa and Gary are elfin.
entailment	Leslie is well-rounded. Mary is well-rounded.	Leslie and Mary are well-rounded.
entailment	Roy is dependent. Tim is dependent.	Roy and Tim are dependent.
entailment	Sharon is unemotional. Marie is unemotional.	Sharon and Marie are unemotional.
entailment	Joe is tired. Frederick is tired.	Joe and Frederick are tired.
entailment	Martin is mean. Arthur is mean.	Martin and Arthur are mean.
entailment	Katherine is impractical. Nicole is impractical.	Katherine and Nicole are impractical.
entailment	Sophie is playful. Louis is playful.	Sophie and Louis are playful.
entailment	Ellen is slovenly. Harold is slovenly.	Ellen and Harold are slovenly.
entailment	Matthew is proficient. Brian is proficient.	Matthew and Brian are proficient.
entailment	Christopher is pretty. Gary is pretty.	Christopher and Gary are pretty.
entailment	Jill is paternal. Eleanor is paternal.	Jill and Eleanor are paternal.
entailment	Joan is imperturbable. Sandra is imperturbable.	Joan and Sandra are imperturbable.
entailment	Martin is curious. William is curious.	Martin and William are curious.
entailment	Harriet is wary. Julia is wary.	Harriet and Julia are wary.
entailment	Joe is inexperienced. Carol is inexperienced.	Joe and Carol are inexperienced.
entailment	Ann is tactless. Howard is tactless.	Ann and Howard are tactless.
entailment	Catherine is generous. Melissa is generous.	Catherine and Melissa are generous.
entailment	Matt is noisy. Kevin is noisy.	Matt and Kevin are noisy.
entailment	Adam is snobby. Diana is snobby.	Adam and Diana are snobby.
entailment	Julie is stern. Marie is stern.	Julie and Marie are stern.
entailment	Carol is flaky. Jennifer is flaky.	Carol and Jennifer are flaky.
entailment	Eric is competent. Samuel is competent.	Eric and Samuel are competent.
entailment	Marilyn is capable. Louise is capable.	Marilyn and Louise are capable.
entailment	Julie is stupid. Sam is stupid.	Julie and Sam are stupid.
entailment	Daniel is self-assured. Andrew is self-assured.	Daniel and Andrew are self-assured.
entailment	Alex is unsure. Eleanor is unsure.	Alex and Eleanor are unsure.
entailment	Roger is inexperienced. Kenneth is inexperienced.	Roger and Kenneth are inexperienced.
entailment	John is kind. Harold is kind.	John and Harold are kind.
entailment	Catherine is blue. Billy is blue.	Catherine and Billy are blue.
entailment	Joan is cautious. Frances is cautious.	Joan and Frances are cautious.
entailment	Betty is miserable. Janet is miserable.	Betty and Janet are miserable.
entailment	Don is dependent. Brian is dependent.	Don and Brian are dependent.
entailment	Grace is clever. Nick is clever.	Grace and Nick are clever.
entailment	Scott is confused. Virginia is confused.	Scott and Virginia are confused.
entailment	Sandra is ostentatious. Victoria is ostentatious.	Sandra and Victoria are ostentatious.
entailment	Marilyn is helpful. Charles is helpful.	Marilyn and Charles are helpful.
entailment	Fred is stoic. Samuel is stoic.	Fred and Samuel are stoic.
entailment	Daniel is cruel. Katherine is cruel.	Daniel and Katherine are cruel.
entailment	Stephanie is disagreeable. Julia is disagreeable.	Stephanie and Julia are disagreeable.
entailment	Marilyn is confident. Katherine is confident.	Marilyn and Katherine are confident.
entailment	Nancy is quarrelsome. Stephen is quarrelsome.	Nancy and Stephen are quarrelsome.
entailment	Walter is serious. Alex is serious.	Walter and Alex are serious.
entailment	Kathryn is artificial. Judith is artificial.	Kathryn and Judith are artificial.
entailment	Mary is resourceful. Alice is resourceful.	Mary and Alice are resourceful.
entailment	Amy is cowardly. Lawrence is cowardly.	Amy and Lawrence are cowardly.
entailment	Sue is nasty. Francis is nasty.	Sue and Francis are nasty.
entailment	Leslie is excellent. Mark is excellent.	Leslie and Mark are excellent.
entailment	Virginia is superficial. David is superficial.	Virginia and David are superficial.
entailment	Kate is lame. Mark is lame.	Kate and Mark are lame.
entailment	Chris is nasty. Angela is nasty.	Chris and Angela are nasty.
entailment	Fred is prejudiced. Kathleen is prejudiced.	Fred and Kathleen are prejudiced.
entailment	Annie is hearty. Robin is hearty.	Annie and Robin are hearty.
entailment	Caroline is agile. Laura is agile.	Caroline and Laura are agile.
entailment	Laura is passive. Ashley is passive.	Laura and Ashley are passive.
entailment	Dan is positive. Harriet is positive.	Dan and Harriet are positive.
entailment	Fiona is deft. Samuel is deft.	Fiona and Samuel are deft.
entailment	Edith is inactive. Andrea is inactive.	Edith and Andrea are inactive.
entailment	Roy is candid. Tom is candid.	Roy and Tom are candid.
entailment	Joe is crass. Hugh is crass.	Joe and Hugh are crass.
entailment	Pamela is sentimental. Philip is sentimental.	Pamela and Philip are sentimental.
entailment	Ben is uncertain. Eric is uncertain.	Ben and Eric are uncertain.
entailment	Lisa is old-fashioned. Jill is old-fashioned.	Lisa and Jill are old-fashioned.
entailment	Lawrence is blunt. Albert is blunt.	Lawrence and Albert are blunt.
entailment	Maria is wary. Carol is wary.	Maria and Carol are wary.
entailment	Kathryn is well-rounded. Scott is well-rounded.	Kathryn and Scott are well-rounded.
entailment	Suzanne is wary. Edward is wary.	Suzanne and Edward are wary.
entailment	Sara is gluttonous. Julie is gluttonous.	Sara and Julie are gluttonous.
entailment	Sharon is irritable. Lynn is irritable.	Sharon and Lynn are irritable.
entailment	Margaret is distrustful. Bob is distrustful.	Margaret and Bob are distrustful.
entailment	Nicole is hearty. Francis is hearty.	Nicole and Francis are hearty.
entailment	Tom is idle. Sophie is idle.	Tom and Sophie are idle.
entailment	Maria is lazy. Al is lazy.	Maria and Al are lazy.
entailment	Amanda is resentful. Kevin is resentful.	Amanda and Kevin are resentful.
entailment	Robin is hateful. Tim is hateful.	Robin and Tim are hateful.
entailment	John is logical. Sue is logical.	John and Sue are logical.
entailment	Paul is steady. Cynthia is steady.	Paul and Cynthia are steady.
entailment	Patricia is lethargic. Bruce is lethargic.	Patricia and Bruce are lethargic.
entailment	Carol is conceited. Evelyn is conceited.	Carol and Evelyn are conceited.
entailment	Larry is absent-minded. Jennifer is absent-minded.	Larry and Jennifer are absent-minded.
entailment	Alison is long-winded. Bill is long-winded.	Alison and Bill are long-winded.
