entailment	Mark moved the bottle to bedroom from living room.	The bottle is now in bedroom.
entailment	Alfred moved the toothbrush to bathroom from basement.	The toothbrush is now in bathroom.
entailment	Jonathan moved the laptop to store room from bedroom.	The laptop is now in store room.
entailment	Gary moved the eyeliner to study room from dining room.	The eyeliner is now in study room.
entailment	William moved the pin to bathroom from kitchen.	The pin is now in bathroom.
entailment	Sandra moved the book to bedroom from kitchen.	The book is now in bedroom.
entailment	Ray moved the cup to study room from bedroom.	The cup is now in study room.
entailment	Jeff moved the perfume to basement from living room.	The perfume is now in basement.
entailment	Scott moved the silverware to kitchen from store room.	The silverware is now in kitchen.
entailment	Mary moved the perfume to dining room from living room.	The perfume is now in dining room.
entailment	Alice moved the toothbrush to basement from dining room.	The toothbrush is now in basement.
entailment	Martin moved the pitcher to dining room from bathroom.	The pitcher is now in dining room.
entailment	Ray moved the glass to basement from living room.	The glass is now in basement.
entailment	Heather moved the laptop to basement from terrace.	The laptop is now in basement.
entailment	Louise moved the silverware to basement from study room.	The silverware is now in basement.
entailment	Jack moved the eyeliner to bedroom from basement.	The eyeliner is now in bedroom.
entailment	Ryan moved the napkin to basement from kitchen.	The napkin is now in basement.
entailment	Nicole moved the glass to dining room from kitchen.	The glass is now in dining room.
entailment	Carl moved the bowl to living room from terrace.	The bowl is now in living room.
entailment	Steven moved the silverware to terrace from basement.	The silverware is now in terrace.
entailment	George moved the notebook to bedroom from bathroom.	The notebook is now in bedroom.
entailment	William moved the bottle to kitchen from living room.	The bottle is now in kitchen.
entailment	Stephanie moved the flower pot to dining room from study room.	The flower pot is now in dining room.
entailment	Nicole moved the file to living room from bedroom.	The file is now in living room.
entailment	Christopher moved the food to bathroom from terrace.	The food is now in bathroom.
entailment	Maria moved the coaster to kitchen from dining room.	The coaster is now in kitchen.
entailment	Bruce moved the cup to kitchen from store room.	The cup is now in kitchen.
entailment	Mike moved the toothbrush to basement from living room.	The toothbrush is now in basement.
entailment	Ruth moved the cup to bathroom from terrace.	The cup is now in bathroom.
entailment	Ian moved the perfume to basement from dining room.	The perfume is now in basement.
entailment	Louise moved the pitcher to bedroom from kitchen.	The pitcher is now in bedroom.
entailment	Edward moved the perfume to living room from terrace.	The perfume is now in living room.
entailment	Fiona moved the cookie to store room from basement.	The cookie is now in store room.
entailment	Deborah moved the snack to terrace from store room.	The snack is now in terrace.
entailment	David moved the spoon to kitchen from basement.	The spoon is now in kitchen.
entailment	Alexander moved the glass to basement from kitchen.	The glass is now in basement.
entailment	Tim moved the flower pot to kitchen from store room.	The flower pot is now in kitchen.
entailment	Kathleen moved the toothbrush to basement from kitchen.	The toothbrush is now in basement.
entailment	Frank moved the bowl to kitchen from bathroom.	The bowl is now in kitchen.
entailment	Emma moved the laptop to dining room from bathroom.	The laptop is now in dining room.
entailment	Bruce moved the book to dining room from bathroom.	The book is now in dining room.
entailment	Samuel moved the toothbrush to study room from bathroom.	The toothbrush is now in study room.
entailment	Heather moved the silverware to bedroom from basement.	The silverware is now in bedroom.
entailment	Billy moved the file to store room from bedroom.	The file is now in store room.
entailment	Victoria moved the silverware to bathroom from kitchen.	The silverware is now in bathroom.
entailment	Claire moved the phone to terrace from store room.	The phone is now in terrace.
entailment	Karen moved the bowl to dining room from kitchen.	The bowl is now in dining room.
entailment	Katherine moved the phone to study room from bedroom.	The phone is now in study room.
entailment	Brian moved the pitcher to bathroom from living room.	The pitcher is now in bathroom.
entailment	Victoria moved the book to dining room from living room.	The book is now in dining room.
entailment	Victoria moved the key to dining room from kitchen.	The key is now in dining room.
entailment	Emily moved the pin to dining room from bathroom.	The pin is now in dining room.
entailment	Harold moved the toothbrush to store room from study room.	The toothbrush is now in store room.
entailment	Linda moved the food to dining room from study room.	The food is now in dining room.
entailment	Julia moved the face wash to bathroom from study room.	The face wash is now in bathroom.
entailment	Judy moved the phone to study room from bathroom.	The phone is now in study room.
entailment	Arthur moved the spoon to dining room from basement.	The spoon is now in dining room.
entailment	Mark moved the book to living room from kitchen.	The book is now in living room.
entailment	Stephanie moved the fork to kitchen from bedroom.	The fork is now in kitchen.
entailment	Janet moved the coaster to dining room from living room.	The coaster is now in dining room.
entailment	Pamela moved the silverware to kitchen from bathroom.	The silverware is now in kitchen.
entailment	Patrick moved the eyeliner to bedroom from bathroom.	The eyeliner is now in bedroom.
entailment	Rose moved the plate to kitchen from dining room.	The plate is now in kitchen.
entailment	Francis moved the laptop to store room from terrace.	The laptop is now in store room.
entailment	Catherine moved the file to bathroom from dining room.	The file is now in bathroom.
entailment	Lawrence moved the book to living room from bathroom.	The book is now in living room.
entailment	Diane moved the spoon to terrace from bedroom.	The spoon is now in terrace.
entailment	Linda moved the phone to store room from bedroom.	The phone is now in store room.
entailment	Louise moved the cookie to store room from basement.	The cookie is now in store room.
entailment	Steve moved the glass to living room from basement.	The glass is now in living room.
entailment	Joan moved the food to kitchen from terrace.	The food is now in kitchen.
entailment	Catherine moved the serviette to living room from kitchen.	The serviette is now in living room.
entailment	Sophie moved the pin to study room from store room.	The pin is now in study room.
entailment	Bobby moved the plate to terrace from living room.	The plate is now in terrace.
entailment	Elizabeth moved the phone to dining room from store room.	The phone is now in dining room.
entailment	Julia moved the face wash to terrace from bathroom.	The face wash is now in terrace.
entailment	Alexandra moved the notebook to study room from bathroom.	The notebook is now in study room.
entailment	Frances moved the food to basement from dining room.	The food is now in basement.
entailment	Frank moved the spoon to basement from dining room.	The spoon is now in basement.
entailment	Jeff moved the cookie to terrace from kitchen.	The cookie is now in terrace.
entailment	Bill moved the spoon to living room from store room.	The spoon is now in living room.
entailment	David moved the silverware to bathroom from store room.	The silverware is now in bathroom.
entailment	Claire moved the toothbrush to terrace from bathroom.	The toothbrush is now in terrace.
entailment	Amy moved the food to bedroom from kitchen.	The food is now in bedroom.
entailment	Anthony moved the napkin to living room from dining room.	The napkin is now in living room.
entailment	Ken moved the book to kitchen from bedroom.	The book is now in kitchen.
entailment	Philip moved the napkin to kitchen from terrace.	The napkin is now in kitchen.
entailment	Elaine moved the knife to bathroom from terrace.	The knife is now in bathroom.
entailment	Sue moved the knife to kitchen from living room.	The knife is now in kitchen.
entailment	Harold moved the flower pot to basement from terrace.	The flower pot is now in basement.
entailment	Lauren moved the snack to study room from bedroom.	The snack is now in study room.
entailment	Edwin moved the mousepad to store room from dining room.	The mousepad is now in store room.
entailment	Anna moved the laptop to terrace from bathroom.	The laptop is now in terrace.
entailment	Fred moved the toothpaste to kitchen from terrace.	The toothpaste is now in kitchen.
entailment	Heather moved the book to study room from bathroom.	The book is now in study room.
entailment	Keith moved the cup to study room from terrace.	The cup is now in study room.
entailment	Leslie moved the pin to study room from basement.	The pin is now in study room.
entailment	Alex moved the pin to basement from kitchen.	The pin is now in basement.
entailment	Heather moved the silverware to basement from dining room.	The silverware is now in basement.
entailment	Heather moved the glass to bedroom from bathroom.	The glass is now in bedroom.
entailment	Betty moved the bowl to basement from bathroom.	The bowl is now in basement.
entailment	Stephanie moved the pin to basement from living room.	The pin is now in basement.
entailment	Roger moved the face wash to bedroom from study room.	The face wash is now in bedroom.
entailment	Lucy moved the snack to living room from basement.	The snack is now in living room.
entailment	Daniel moved the fork to living room from terrace.	The fork is now in living room.
entailment	Lisa moved the silverware to basement from study room.	The silverware is now in basement.
entailment	Kelly moved the file to study room from basement.	The file is now in study room.
entailment	Roger moved the flower pot to basement from store room.	The flower pot is now in basement.
entailment	Alex moved the laptop to terrace from kitchen.	The laptop is now in terrace.
entailment	Billy moved the pin to study room from store room.	The pin is now in study room.
entailment	Howard moved the eyeliner to study room from kitchen.	The eyeliner is now in study room.
entailment	Paul moved the phone to kitchen from bedroom.	The phone is now in kitchen.
entailment	Jimmy moved the pin to bedroom from store room.	The pin is now in bedroom.
entailment	Ryan moved the file to study room from terrace.	The file is now in study room.
entailment	Lawrence moved the bottle to store room from dining room.	The bottle is now in store room.
entailment	Lynn moved the fork to kitchen from dining room.	The fork is now in kitchen.
entailment	James moved the phone to basement from store room.	The phone is now in basement.
entailment	Bob moved the silverware to terrace from living room.	The silverware is now in terrace.
entailment	Lynn moved the food to living room from bathroom.	The food is now in living room.
entailment	Wendy moved the knife to store room from living room.	The knife is now in store room.
entailment	Eric moved the book to kitchen from bathroom.	The book is now in kitchen.
entailment	Sarah moved the face wash to kitchen from store room.	The face wash is now in kitchen.
entailment	Emma moved the knife to study room from dining room.	The knife is now in study room.
entailment	Joseph moved the notebook to bathroom from store room.	The notebook is now in bathroom.
entailment	Joseph moved the mousepad to basement from kitchen.	The mousepad is now in basement.
entailment	Alan moved the laptop to bathroom from dining room.	The laptop is now in bathroom.
entailment	Susan moved the pin to living room from study room.	The pin is now in living room.
entailment	Victoria moved the eyeliner to basement from store room.	The eyeliner is now in basement.
entailment	Florence moved the phone to terrace from basement.	The phone is now in terrace.
entailment	Melissa moved the food to dining room from kitchen.	The food is now in dining room.
entailment	Joe moved the pin to terrace from dining room.	The pin is now in terrace.
entailment	Adam moved the fork to store room from kitchen.	The fork is now in store room.
entailment	Elizabeth moved the glass to kitchen from bathroom.	The glass is now in kitchen.
entailment	Jay moved the mousepad to basement from living room.	The mousepad is now in basement.
entailment	Judy moved the plate to study room from kitchen.	The plate is now in study room.
entailment	Michael moved the spoon to bedroom from terrace.	The spoon is now in bedroom.
entailment	Alice moved the notebook to kitchen from basement.	The notebook is now in kitchen.
entailment	Ryan moved the serviette to basement from terrace.	The serviette is now in basement.
entailment	Jerry moved the book to bedroom from kitchen.	The book is now in bedroom.
entailment	Diana moved the bottle to dining room from kitchen.	The bottle is now in dining room.
entailment	Peter moved the face wash to basement from bathroom.	The face wash is now in basement.
entailment	Rebecca moved the notebook to basement from living room.	The notebook is now in basement.
entailment	Jay moved the perfume to dining room from kitchen.	The perfume is now in dining room.
entailment	Anne moved the perfume to basement from bathroom.	The perfume is now in basement.
entailment	Matt moved the file to kitchen from bedroom.	The file is now in kitchen.
entailment	Nicole moved the cup to store room from living room.	The cup is now in store room.
entailment	Andrew moved the notebook to kitchen from bedroom.	The notebook is now in kitchen.
entailment	James moved the spoon to bedroom from study room.	The spoon is now in bedroom.
entailment	Claire moved the pitcher to dining room from study room.	The pitcher is now in dining room.
entailment	Bob moved the perfume to store room from bedroom.	The perfume is now in store room.
entailment	Brian moved the snack to bathroom from store room.	The snack is now in bathroom.
entailment	Carol moved the food to dining room from bathroom.	The food is now in dining room.
entailment	Charlie moved the mousepad to bathroom from study room.	The mousepad is now in bathroom.
entailment	Jeff moved the perfume to kitchen from terrace.	The perfume is now in kitchen.
entailment	Martha moved the snack to basement from dining room.	The snack is now in basement.
entailment	Donald moved the phone to bathroom from bedroom.	The phone is now in bathroom.
entailment	Rebecca moved the napkin to bedroom from living room.	The napkin is now in bedroom.
entailment	Roy moved the coaster to basement from study room.	The coaster is now in basement.
entailment	Angela moved the pin to terrace from kitchen.	The pin is now in terrace.
entailment	Samuel moved the food to terrace from kitchen.	The food is now in terrace.
entailment	Matt moved the glass to dining room from kitchen.	The glass is now in dining room.
entailment	Alexandra moved the toothpaste to study room from living room.	The toothpaste is now in study room.
entailment	Patricia moved the serviette to bathroom from dining room.	The serviette is now in bathroom.
entailment	Wendy moved the perfume to basement from dining room.	The perfume is now in basement.
entailment	Charles moved the food to store room from bathroom.	The food is now in store room.
entailment	Donald moved the snack to store room from dining room.	The snack is now in store room.
entailment	Kenneth moved the plate to living room from kitchen.	The plate is now in living room.
entailment	Joseph moved the serviette to bedroom from terrace.	The serviette is now in bedroom.
entailment	Howard moved the pitcher to dining room from store room.	The pitcher is now in dining room.
entailment	Dan moved the bottle to study room from living room.	The bottle is now in study room.
entailment	Nicole moved the cookie to terrace from dining room.	The cookie is now in terrace.
entailment	Brian moved the fork to dining room from study room.	The fork is now in dining room.
entailment	Philip moved the eyeliner to dining room from store room.	The eyeliner is now in dining room.
entailment	James moved the phone to kitchen from bedroom.	The phone is now in kitchen.
entailment	Mark moved the eyeliner to living room from terrace.	The eyeliner is now in living room.
entailment	Daniel moved the key to study room from dining room.	The key is now in study room.
entailment	Heather moved the cup to terrace from bedroom.	The cup is now in terrace.
entailment	Linda moved the perfume to store room from terrace.	The perfume is now in store room.
entailment	Julia moved the serviette to bathroom from study room.	The serviette is now in bathroom.
entailment	Elizabeth moved the mousepad to study room from store room.	The mousepad is now in study room.
entailment	Annie moved the laptop to kitchen from living room.	The laptop is now in kitchen.
entailment	Ashley moved the book to bedroom from study room.	The book is now in bedroom.
entailment	Sophie moved the toothpaste to kitchen from terrace.	The toothpaste is now in kitchen.
entailment	Don moved the bottle to store room from terrace.	The bottle is now in store room.
entailment	Rose moved the spoon to bedroom from study room.	The spoon is now in bedroom.
entailment	Christine moved the glass to living room from store room.	The glass is now in living room.
entailment	Marie moved the glass to terrace from bathroom.	The glass is now in terrace.
entailment	Lynn moved the bottle to kitchen from study room.	The bottle is now in kitchen.
entailment	Sam moved the pitcher to dining room from study room.	The pitcher is now in dining room.
entailment	Greg moved the fork to bedroom from kitchen.	The fork is now in bedroom.
entailment	Alice moved the food to living room from bedroom.	The food is now in living room.
entailment	Catherine moved the cup to dining room from study room.	The cup is now in dining room.
entailment	Diane moved the toothbrush to terrace from kitchen.	The toothbrush is now in terrace.
entailment	Jimmy moved the toothbrush to kitchen from dining room.	The toothbrush is now in kitchen.
entailment	Pamela moved the mousepad to study room from living room.	The mousepad is now in study room.
entailment	Rebecca moved the flower pot to terrace from living room.	The flower pot is now in terrace.
entailment	Thomas moved the book to living room from store room.	The book is now in living room.
entailment	Eric moved the eyeliner to kitchen from dining room.	The eyeliner is now in kitchen.
entailment	Steven moved the laptop to store room from dining room.	The laptop is now in store room.
entailment	Bruce moved the spoon to terrace from living room.	The spoon is now in terrace.
entailment	Frederick moved the mousepad to kitchen from living room.	The mousepad is now in kitchen.
entailment	Steven moved the pitcher to store room from basement.	The pitcher is now in store room.
entailment	Jill moved the glass to kitchen from terrace.	The glass is now in kitchen.
entailment	Barbara moved the glass to study room from living room.	The glass is now in study room.
entailment	Bruce moved the phone to store room from terrace.	The phone is now in store room.
entailment	Billy moved the cookie to study room from dining room.	The cookie is now in study room.
entailment	William moved the file to dining room from bedroom.	The file is now in dining room.
entailment	Jim moved the laptop to basement from store room.	The laptop is now in basement.
entailment	Ruth moved the book to bathroom from bedroom.	The book is now in bathroom.
entailment	Melissa moved the knife to bathroom from store room.	The knife is now in bathroom.
entailment	Rachel moved the spoon to bathroom from kitchen.	The spoon is now in bathroom.
entailment	Peter moved the book to bathroom from kitchen.	The book is now in bathroom.
entailment	Harold moved the silverware to dining room from basement.	The silverware is now in dining room.
entailment	Martha moved the phone to living room from basement.	The phone is now in living room.
entailment	Victoria moved the napkin to terrace from store room.	The napkin is now in terrace.
entailment	Patricia moved the cookie to store room from living room.	The cookie is now in store room.
entailment	Jeff moved the face wash to study room from kitchen.	The face wash is now in study room.
entailment	Florence moved the bottle to bedroom from bathroom.	The bottle is now in bedroom.
entailment	Martha moved the cookie to bedroom from kitchen.	The cookie is now in bedroom.
entailment	Rose moved the toothbrush to living room from bathroom.	The toothbrush is now in living room.
entailment	Johnny moved the fork to bathroom from dining room.	The fork is now in bathroom.
entailment	Scott moved the book to dining room from bedroom.	The book is now in dining room.
entailment	David moved the cup to living room from bathroom.	The cup is now in living room.
entailment	Tim moved the napkin to basement from bathroom.	The napkin is now in basement.
entailment	Frederick moved the spoon to terrace from dining room.	The spoon is now in terrace.
entailment	Frances moved the bottle to store room from study room.	The bottle is now in store room.
entailment	Florence moved the book to living room from terrace.	The book is now in living room.
entailment	Lucy moved the laptop to kitchen from bedroom.	The laptop is now in kitchen.
entailment	Judith moved the bowl to bathroom from basement.	The bowl is now in bathroom.
entailment	Sarah moved the bowl to kitchen from living room.	The bowl is now in kitchen.
entailment	Ed moved the serviette to store room from study room.	The serviette is now in store room.
entailment	Grace moved the bottle to study room from terrace.	The bottle is now in study room.
entailment	Harry moved the glass to basement from dining room.	The glass is now in basement.
entailment	Roger moved the toothpaste to study room from basement.	The toothpaste is now in study room.
entailment	Grace moved the coaster to bathroom from kitchen.	The coaster is now in bathroom.
entailment	Harriet moved the pin to terrace from living room.	The pin is now in terrace.
entailment	Gary moved the toothbrush to store room from bedroom.	The toothbrush is now in store room.
entailment	Harry moved the knife to study room from terrace.	The knife is now in study room.
entailment	Emma moved the fork to dining room from store room.	The fork is now in dining room.
entailment	Matthew moved the plate to terrace from living room.	The plate is now in terrace.
entailment	Ann moved the pitcher to study room from basement.	The pitcher is now in study room.
entailment	Alison moved the bowl to bedroom from bathroom.	The bowl is now in bedroom.
entailment	George moved the notebook to study room from terrace.	The notebook is now in study room.
entailment	Emma moved the bowl to terrace from living room.	The bowl is now in terrace.
entailment	Donald moved the glass to terrace from dining room.	The glass is now in terrace.
entailment	Bill moved the face wash to bedroom from store room.	The face wash is now in bedroom.
entailment	Mary moved the eyeliner to store room from bathroom.	The eyeliner is now in store room.
entailment	Fiona moved the fork to living room from dining room.	The fork is now in living room.
entailment	Eleanor moved the silverware to terrace from basement.	The silverware is now in terrace.
entailment	Betty moved the silverware to dining room from bedroom.	The silverware is now in dining room.
entailment	Virginia moved the toothbrush to living room from dining room.	The toothbrush is now in living room.
entailment	Karen moved the book to store room from bathroom.	The book is now in store room.
entailment	Louis moved the flower pot to bedroom from kitchen.	The flower pot is now in bedroom.
entailment	Jill moved the pitcher to bedroom from basement.	The pitcher is now in bedroom.
entailment	Emma moved the cup to bathroom from dining room.	The cup is now in bathroom.
entailment	Patricia moved the napkin to terrace from dining room.	The napkin is now in terrace.
entailment	Rebecca moved the notebook to dining room from store room.	The notebook is now in dining room.
entailment	Lisa moved the silverware to dining room from terrace.	The silverware is now in dining room.
entailment	Patricia moved the serviette to store room from bedroom.	The serviette is now in store room.
entailment	Ben moved the spoon to terrace from kitchen.	The spoon is now in terrace.
entailment	Lawrence moved the fork to bathroom from bedroom.	The fork is now in bathroom.
entailment	Katherine moved the perfume to bedroom from store room.	The perfume is now in bedroom.
entailment	Jonathan moved the plate to terrace from dining room.	The plate is now in terrace.
entailment	Ryan moved the file to study room from living room.	The file is now in study room.
entailment	Frederick moved the food to terrace from basement.	The food is now in terrace.
entailment	Virginia moved the flower pot to study room from dining room.	The flower pot is now in study room.
entailment	Leslie moved the snack to store room from living room.	The snack is now in store room.
entailment	Jean moved the cup to study room from living room.	The cup is now in study room.
entailment	Tony moved the serviette to terrace from bedroom.	The serviette is now in terrace.
entailment	Amy moved the key to dining room from bedroom.	The key is now in dining room.
entailment	Ron moved the mousepad to store room from living room.	The mousepad is now in store room.
entailment	Eric moved the knife to bedroom from living room.	The knife is now in bedroom.
entailment	Johnny moved the perfume to study room from kitchen.	The perfume is now in study room.
entailment	Jimmy moved the notebook to living room from store room.	The notebook is now in living room.
entailment	Carl moved the fork to living room from basement.	The fork is now in living room.
entailment	Jessica moved the silverware to bathroom from study room.	The silverware is now in bathroom.
entailment	Anna moved the silverware to terrace from store room.	The silverware is now in terrace.
entailment	Kathleen moved the silverware to basement from living room.	The silverware is now in basement.
entailment	Andrew moved the pin to basement from bedroom.	The pin is now in basement.
entailment	Nancy moved the toothbrush to living room from dining room.	The toothbrush is now in living room.
entailment	Evelyn moved the bottle to bedroom from basement.	The bottle is now in bedroom.
entailment	Richard moved the plate to store room from bedroom.	The plate is now in store room.
entailment	Steve moved the cup to bedroom from kitchen.	The cup is now in bedroom.
entailment	Roy moved the plate to study room from store room.	The plate is now in study room.
entailment	Peter moved the book to store room from basement.	The book is now in store room.
entailment	Don moved the plate to dining room from study room.	The plate is now in dining room.
entailment	Carolyn moved the phone to dining room from store room.	The phone is now in dining room.
entailment	Walter moved the mousepad to kitchen from basement.	The mousepad is now in kitchen.
entailment	Catherine moved the fork to bedroom from kitchen.	The fork is now in bedroom.
entailment	Kathleen moved the cookie to basement from kitchen.	The cookie is now in basement.
entailment	Alexander moved the pitcher to bedroom from terrace.	The pitcher is now in bedroom.
entailment	Sharon moved the pin to kitchen from study room.	The pin is now in kitchen.
entailment	Joan moved the flower pot to store room from basement.	The flower pot is now in store room.
entailment	Charles moved the glass to kitchen from store room.	The glass is now in kitchen.
entailment	Chris moved the serviette to kitchen from living room.	The serviette is now in kitchen.
entailment	Kathleen moved the bowl to living room from kitchen.	The bowl is now in living room.
entailment	Ruth moved the spoon to store room from living room.	The spoon is now in store room.
entailment	Patricia moved the mousepad to study room from living room.	The mousepad is now in study room.
entailment	Robin moved the file to bathroom from living room.	The file is now in bathroom.
entailment	David moved the notebook to terrace from living room.	The notebook is now in terrace.
entailment	Catherine moved the coaster to bathroom from dining room.	The coaster is now in bathroom.
entailment	Diana moved the key to bathroom from study room.	The key is now in bathroom.
entailment	Amy moved the flower pot to kitchen from basement.	The flower pot is now in kitchen.
entailment	Walter moved the bottle to terrace from kitchen.	The bottle is now in terrace.
entailment	Victoria moved the fork to terrace from study room.	The fork is now in terrace.
entailment	Bruce moved the knife to living room from study room.	The knife is now in living room.
entailment	Fiona moved the bottle to bedroom from basement.	The bottle is now in bedroom.
entailment	Sara moved the food to living room from store room.	The food is now in living room.
entailment	Alfred moved the plate to bathroom from study room.	The plate is now in bathroom.
entailment	Jason moved the pin to terrace from basement.	The pin is now in terrace.
entailment	Carol moved the file to store room from living room.	The file is now in store room.
entailment	Louise moved the plate to bedroom from basement.	The plate is now in bedroom.
entailment	Martha moved the cookie to dining room from bathroom.	The cookie is now in dining room.
entailment	Jennifer moved the mousepad to living room from store room.	The mousepad is now in living room.
entailment	Richard moved the key to kitchen from study room.	The key is now in kitchen.
entailment	Ken moved the plate to study room from bedroom.	The plate is now in study room.
entailment	Donald moved the perfume to terrace from bedroom.	The perfume is now in terrace.
entailment	William moved the flower pot to kitchen from bedroom.	The flower pot is now in kitchen.
entailment	Katherine moved the fork to study room from living room.	The fork is now in study room.
entailment	Billy moved the perfume to bedroom from basement.	The perfume is now in bedroom.
entailment	Dave moved the key to store room from terrace.	The key is now in store room.
entailment	Marilyn moved the plate to basement from study room.	The plate is now in basement.
entailment	Kenneth moved the silverware to bedroom from kitchen.	The silverware is now in bedroom.
entailment	Paul moved the coaster to basement from study room.	The coaster is now in basement.
entailment	Sharon moved the silverware to dining room from terrace.	The silverware is now in dining room.
entailment	Frederick moved the serviette to study room from store room.	The serviette is now in study room.
entailment	Edwin moved the serviette to living room from study room.	The serviette is now in living room.
entailment	Mike moved the bottle to study room from living room.	The bottle is now in study room.
entailment	Henry moved the cookie to study room from living room.	The cookie is now in study room.
entailment	Scott moved the face wash to kitchen from bedroom.	The face wash is now in kitchen.
entailment	Frederick moved the snack to terrace from store room.	The snack is now in terrace.
entailment	Stephen moved the napkin to terrace from study room.	The napkin is now in terrace.
entailment	Don moved the glass to living room from study room.	The glass is now in living room.
entailment	Roy moved the book to bedroom from basement.	The book is now in bedroom.
entailment	Cynthia moved the plate to terrace from study room.	The plate is now in terrace.
entailment	Bruce moved the fork to dining room from bathroom.	The fork is now in dining room.
entailment	Johnny moved the mousepad to bathroom from basement.	The mousepad is now in bathroom.
entailment	Jean moved the fork to kitchen from bathroom.	The fork is now in kitchen.
entailment	Don moved the mousepad to store room from living room.	The mousepad is now in store room.
entailment	Melissa moved the coaster to terrace from bedroom.	The coaster is now in terrace.
entailment	Wendy moved the perfume to study room from store room.	The perfume is now in study room.
entailment	Ruth moved the key to study room from terrace.	The key is now in study room.
entailment	Margaret moved the toothbrush to dining room from store room.	The toothbrush is now in dining room.
entailment	Ashley moved the pin to bathroom from kitchen.	The pin is now in bathroom.
entailment	Betty moved the snack to bedroom from living room.	The snack is now in bedroom.
entailment	Roy moved the glass to living room from bedroom.	The glass is now in living room.
entailment	Virginia moved the plate to basement from store room.	The plate is now in basement.
entailment	Katherine moved the cup to bathroom from bedroom.	The cup is now in bathroom.
entailment	Jim moved the laptop to store room from living room.	The laptop is now in store room.
entailment	Jill moved the coaster to store room from basement.	The coaster is now in store room.
entailment	Melissa moved the notebook to living room from store room.	The notebook is now in living room.
entailment	Jean moved the plate to bedroom from living room.	The plate is now in bedroom.
entailment	Sharon moved the fork to basement from study room.	The fork is now in basement.
entailment	Martha moved the toothpaste to dining room from bathroom.	The toothpaste is now in dining room.
entailment	Emily moved the knife to basement from study room.	The knife is now in basement.
entailment	Cynthia moved the snack to kitchen from basement.	The snack is now in kitchen.
entailment	Charlotte moved the fork to terrace from bedroom.	The fork is now in terrace.
entailment	Richard moved the spoon to terrace from dining room.	The spoon is now in terrace.
entailment	Eric moved the toothpaste to study room from store room.	The toothpaste is now in study room.
entailment	Victoria moved the serviette to terrace from store room.	The serviette is now in terrace.
entailment	Katie moved the phone to bedroom from bathroom.	The phone is now in bedroom.
entailment	Maria moved the coaster to bedroom from bathroom.	The coaster is now in bedroom.
entailment	Alfred moved the mousepad to study room from bedroom.	The mousepad is now in study room.
entailment	Joan moved the glass to living room from study room.	The glass is now in living room.
entailment	Steven moved the key to store room from living room.	The key is now in store room.
entailment	Andrew moved the coaster to study room from store room.	The coaster is now in study room.
entailment	Nicole moved the snack to bedroom from terrace.	The snack is now in bedroom.
entailment	Karen moved the pin to dining room from bathroom.	The pin is now in dining room.
entailment	Caroline moved the spoon to store room from bathroom.	The spoon is now in store room.
entailment	Eric moved the bottle to terrace from bathroom.	The bottle is now in terrace.
entailment	Joseph moved the bottle to bathroom from bedroom.	The bottle is now in bathroom.
entailment	Leslie moved the napkin to bathroom from living room.	The napkin is now in bathroom.
entailment	Linda moved the file to bedroom from basement.	The file is now in bedroom.
entailment	Jack moved the pin to dining room from bedroom.	The pin is now in dining room.
entailment	Jack moved the book to study room from dining room.	The book is now in study room.
entailment	Ellen moved the face wash to terrace from store room.	The face wash is now in terrace.
entailment	Howard moved the bowl to bedroom from store room.	The bowl is now in bedroom.
entailment	Julia moved the mousepad to living room from bedroom.	The mousepad is now in living room.
entailment	Jane moved the key to dining room from study room.	The key is now in dining room.
entailment	Catherine moved the toothbrush to living room from bathroom.	The toothbrush is now in living room.
entailment	Elizabeth moved the book to kitchen from study room.	The book is now in kitchen.
entailment	Richard moved the toothpaste to study room from basement.	The toothpaste is now in study room.
entailment	Stephen moved the toothbrush to bathroom from study room.	The toothbrush is now in bathroom.
entailment	Brian moved the glass to basement from terrace.	The glass is now in basement.
entailment	Robert moved the laptop to bedroom from study room.	The laptop is now in bedroom.
entailment	Dan moved the eyeliner to dining room from living room.	The eyeliner is now in dining room.
entailment	Leslie moved the bottle to bathroom from kitchen.	The bottle is now in bathroom.
entailment	Patricia moved the glass to store room from bedroom.	The glass is now in store room.
entailment	Judith moved the flower pot to living room from dining room.	The flower pot is now in living room.
entailment	Alexandra moved the notebook to store room from bathroom.	The notebook is now in store room.
entailment	Ralph moved the knife to terrace from basement.	The knife is now in terrace.
entailment	Charles moved the perfume to bedroom from study room.	The perfume is now in bedroom.
entailment	Mary moved the face wash to store room from study room.	The face wash is now in store room.
entailment	Diana moved the key to bedroom from study room.	The key is now in bedroom.
entailment	Richard moved the snack to kitchen from store room.	The snack is now in kitchen.
entailment	Kathy moved the spoon to basement from dining room.	The spoon is now in basement.
entailment	Billy moved the toothbrush to study room from dining room.	The toothbrush is now in study room.
entailment	Dan moved the silverware to basement from study room.	The silverware is now in basement.
entailment	Ian moved the napkin to dining room from bathroom.	The napkin is now in dining room.
entailment	Stephanie moved the eyeliner to terrace from study room.	The eyeliner is now in terrace.
entailment	Sandra moved the laptop to dining room from kitchen.	The laptop is now in dining room.
entailment	Harry moved the mousepad to study room from store room.	The mousepad is now in study room.
entailment	Kenneth moved the glass to bedroom from living room.	The glass is now in bedroom.
entailment	Michael moved the glass to study room from terrace.	The glass is now in study room.
entailment	Helen moved the flower pot to store room from terrace.	The flower pot is now in store room.
entailment	Donald moved the pin to bathroom from store room.	The pin is now in bathroom.
entailment	Carolyn moved the cookie to bathroom from bedroom.	The cookie is now in bathroom.
entailment	Kathy moved the glass to living room from bathroom.	The glass is now in living room.
entailment	Daniel moved the napkin to kitchen from living room.	The napkin is now in kitchen.
entailment	Jeff moved the file to terrace from living room.	The file is now in terrace.
entailment	Johnny moved the face wash to kitchen from bedroom.	The face wash is now in kitchen.
entailment	Al moved the fork to terrace from bedroom.	The fork is now in terrace.
entailment	Alan moved the file to dining room from store room.	The file is now in dining room.
entailment	Deborah moved the mousepad to study room from bedroom.	The mousepad is now in study room.
entailment	Alex moved the book to living room from terrace.	The book is now in living room.
entailment	Daniel moved the spoon to terrace from bedroom.	The spoon is now in terrace.
entailment	Laura moved the food to bathroom from dining room.	The food is now in bathroom.
entailment	Laura moved the napkin to kitchen from terrace.	The napkin is now in kitchen.
entailment	Susan moved the fork to kitchen from study room.	The fork is now in kitchen.
entailment	Lynn moved the cup to store room from terrace.	The cup is now in store room.
entailment	Rose moved the spoon to terrace from dining room.	The spoon is now in terrace.
entailment	Matthew moved the spoon to store room from study room.	The spoon is now in store room.
entailment	Robert moved the glass to store room from bathroom.	The glass is now in store room.
entailment	Tim moved the perfume to kitchen from study room.	The perfume is now in kitchen.
entailment	Fred moved the coaster to store room from dining room.	The coaster is now in store room.
entailment	Helen moved the food to kitchen from living room.	The food is now in kitchen.
entailment	Stephanie moved the notebook to bathroom from study room.	The notebook is now in bathroom.
entailment	Nicole moved the file to kitchen from basement.	The file is now in kitchen.
entailment	Tom moved the silverware to basement from kitchen.	The silverware is now in basement.
entailment	Stephen moved the napkin to terrace from bedroom.	The napkin is now in terrace.
entailment	Bobby moved the pin to bedroom from living room.	The pin is now in bedroom.
entailment	Roy moved the notebook to bathroom from study room.	The notebook is now in bathroom.
entailment	Carol moved the perfume to bathroom from terrace.	The perfume is now in bathroom.
entailment	Billy moved the knife to terrace from bedroom.	The knife is now in terrace.
entailment	Mike moved the pitcher to basement from terrace.	The pitcher is now in basement.
entailment	Elaine moved the coaster to kitchen from bedroom.	The coaster is now in kitchen.
entailment	Henry moved the bottle to basement from dining room.	The bottle is now in basement.
entailment	Florence moved the spoon to study room from dining room.	The spoon is now in study room.
entailment	Elaine moved the face wash to bedroom from kitchen.	The face wash is now in bedroom.
entailment	Andrea moved the pitcher to study room from kitchen.	The pitcher is now in study room.
entailment	Ray moved the toothbrush to study room from living room.	The toothbrush is now in study room.
entailment	Michael moved the knife to living room from basement.	The knife is now in living room.
entailment	Tony moved the cookie to store room from bedroom.	The cookie is now in store room.
entailment	Ron moved the bowl to dining room from bathroom.	The bowl is now in dining room.
entailment	Paul moved the laptop to living room from bedroom.	The laptop is now in living room.
entailment	Simon moved the cup to basement from kitchen.	The cup is now in basement.
entailment	Fred moved the file to bedroom from kitchen.	The file is now in bedroom.
entailment	Hugh moved the toothpaste to terrace from study room.	The toothpaste is now in terrace.
entailment	Nancy moved the serviette to terrace from basement.	The serviette is now in terrace.
entailment	Henry moved the plate to terrace from kitchen.	The plate is now in terrace.
entailment	Joseph moved the cup to basement from dining room.	The cup is now in basement.
entailment	Anna moved the mousepad to study room from basement.	The mousepad is now in study room.
entailment	William moved the face wash to bedroom from dining room.	The face wash is now in bedroom.
entailment	Carol moved the notebook to basement from living room.	The notebook is now in basement.
entailment	Laura moved the glass to terrace from living room.	The glass is now in terrace.
entailment	Carl moved the cup to bathroom from bedroom.	The cup is now in bathroom.
entailment	Ron moved the serviette to terrace from study room.	The serviette is now in terrace.
entailment	Lauren moved the food to basement from bedroom.	The food is now in basement.
entailment	Alice moved the notebook to kitchen from terrace.	The notebook is now in kitchen.
entailment	Deborah moved the mousepad to basement from bedroom.	The mousepad is now in basement.
entailment	Daniel moved the toothbrush to store room from terrace.	The toothbrush is now in store room.
entailment	Ken moved the phone to kitchen from study room.	The phone is now in kitchen.
entailment	Robert moved the napkin to basement from store room.	The napkin is now in basement.
entailment	Tony moved the glass to bathroom from store room.	The glass is now in bathroom.
entailment	Lynn moved the eyeliner to basement from bedroom.	The eyeliner is now in basement.
entailment	Laura moved the phone to dining room from living room.	The phone is now in dining room.
entailment	Anna moved the pitcher to living room from basement.	The pitcher is now in living room.
entailment	Diane moved the face wash to bedroom from kitchen.	The face wash is now in bedroom.
entailment	Alfred moved the napkin to terrace from basement.	The napkin is now in terrace.
entailment	Linda moved the coaster to bathroom from dining room.	The coaster is now in bathroom.
entailment	Eric moved the flower pot to basement from living room.	The flower pot is now in basement.
entailment	Lawrence moved the file to bathroom from terrace.	The file is now in bathroom.
entailment	Claire moved the mousepad to store room from living room.	The mousepad is now in store room.
entailment	Linda moved the face wash to dining room from bedroom.	The face wash is now in dining room.
entailment	Sara moved the bowl to dining room from bathroom.	The bowl is now in dining room.
entailment	Ellen moved the plate to kitchen from terrace.	The plate is now in kitchen.
entailment	Charlotte moved the fork to store room from basement.	The fork is now in store room.
entailment	Mark moved the mousepad to dining room from bathroom.	The mousepad is now in dining room.
entailment	Kevin moved the cup to bedroom from kitchen.	The cup is now in bedroom.
entailment	Claire moved the pitcher to basement from terrace.	The pitcher is now in basement.
entailment	Diane moved the silverware to living room from terrace.	The silverware is now in living room.
entailment	Catherine moved the pitcher to dining room from kitchen.	The pitcher is now in dining room.
entailment	William moved the laptop to bedroom from study room.	The laptop is now in bedroom.
entailment	Greg moved the silverware to bedroom from living room.	The silverware is now in bedroom.
entailment	Carolyn moved the laptop to living room from basement.	The laptop is now in living room.
entailment	Jeff moved the phone to kitchen from basement.	The phone is now in kitchen.
entailment	Frederick moved the knife to bathroom from basement.	The knife is now in bathroom.
entailment	Evelyn moved the plate to terrace from kitchen.	The plate is now in terrace.
entailment	Scott moved the snack to terrace from living room.	The snack is now in terrace.
entailment	Tom moved the pin to bedroom from store room.	The pin is now in bedroom.
entailment	Andrea moved the napkin to kitchen from living room.	The napkin is now in kitchen.
entailment	Scott moved the bottle to terrace from basement.	The bottle is now in terrace.
entailment	Samuel moved the pitcher to study room from dining room.	The pitcher is now in study room.
entailment	Amanda moved the knife to store room from study room.	The knife is now in store room.
entailment	Amy moved the bottle to kitchen from terrace.	The bottle is now in kitchen.
entailment	Dave moved the flower pot to kitchen from bathroom.	The flower pot is now in kitchen.
entailment	Al moved the cookie to kitchen from store room.	The cookie is now in kitchen.
entailment	Sharon moved the key to dining room from bathroom.	The key is now in dining room.
entailment	Claire moved the knife to kitchen from dining room.	The knife is now in kitchen.
entailment	Charlotte moved the glass to living room from study room.	The glass is now in living room.
entailment	Virginia moved the laptop to store room from living room.	The laptop is now in store room.
entailment	Martha moved the notebook to bedroom from store room.	The notebook is now in bedroom.
entailment	Caroline moved the napkin to bathroom from bedroom.	The napkin is now in bathroom.
entailment	Suzanne moved the phone to bathroom from living room.	The phone is now in bathroom.
entailment	Benjamin moved the napkin to study room from store room.	The napkin is now in study room.
entailment	Ian moved the pitcher to living room from terrace.	The pitcher is now in living room.
entailment	Hugh moved the silverware to dining room from study room.	The silverware is now in dining room.
entailment	Billy moved the coaster to bedroom from kitchen.	The coaster is now in bedroom.
entailment	Lynn moved the file to living room from bedroom.	The file is now in living room.
entailment	Katherine moved the pitcher to bathroom from living room.	The pitcher is now in bathroom.
entailment	Bobby moved the bowl to dining room from living room.	The bowl is now in dining room.
entailment	Evelyn moved the glass to bathroom from kitchen.	The glass is now in bathroom.
entailment	Henry moved the cookie to bathroom from dining room.	The cookie is now in bathroom.
entailment	Arthur moved the perfume to study room from store room.	The perfume is now in study room.
entailment	Catherine moved the snack to terrace from bedroom.	The snack is now in terrace.
entailment	Christopher moved the key to study room from bathroom.	The key is now in study room.
entailment	Caroline moved the snack to study room from kitchen.	The snack is now in study room.
entailment	Lauren moved the coaster to terrace from bedroom.	The coaster is now in terrace.
entailment	Jim moved the cup to study room from terrace.	The cup is now in study room.
entailment	Sarah moved the pitcher to store room from study room.	The pitcher is now in store room.
entailment	Laura moved the face wash to store room from basement.	The face wash is now in store room.
entailment	Jennifer moved the key to bathroom from terrace.	The key is now in bathroom.
entailment	Harry moved the pitcher to basement from study room.	The pitcher is now in basement.
entailment	Nancy moved the notebook to study room from store room.	The notebook is now in study room.
entailment	Jim moved the fork to kitchen from living room.	The fork is now in kitchen.
entailment	Susan moved the napkin to dining room from living room.	The napkin is now in dining room.
entailment	Tony moved the cup to bathroom from terrace.	The cup is now in bathroom.
entailment	Helen moved the perfume to bathroom from basement.	The perfume is now in bathroom.
entailment	Emma moved the phone to kitchen from bathroom.	The phone is now in kitchen.
entailment	Charlotte moved the food to study room from basement.	The food is now in study room.
entailment	Jonathan moved the flower pot to study room from terrace.	The flower pot is now in study room.
entailment	Mark moved the plate to terrace from bathroom.	The plate is now in terrace.
entailment	Ron moved the face wash to basement from bathroom.	The face wash is now in basement.
entailment	Catherine moved the food to terrace from bedroom.	The food is now in terrace.
entailment	Leslie moved the perfume to bathroom from dining room.	The perfume is now in bathroom.
entailment	Elaine moved the toothpaste to dining room from study room.	The toothpaste is now in dining room.
entailment	Nicole moved the face wash to kitchen from living room.	The face wash is now in kitchen.
entailment	Arthur moved the key to study room from bedroom.	The key is now in study room.
entailment	Betty moved the bottle to study room from terrace.	The bottle is now in study room.
entailment	Dorothy moved the toothpaste to store room from terrace.	The toothpaste is now in store room.
entailment	Edward moved the perfume to kitchen from dining room.	The perfume is now in kitchen.
entailment	Joan moved the cup to terrace from study room.	The cup is now in terrace.
entailment	Philip moved the food to dining room from study room.	The food is now in dining room.
entailment	Thomas moved the food to kitchen from study room.	The food is now in kitchen.
entailment	Judy moved the phone to basement from bedroom.	The phone is now in basement.
entailment	Annie moved the eyeliner to bedroom from dining room.	The eyeliner is now in bedroom.
entailment	Julie moved the food to dining room from store room.	The food is now in dining room.
entailment	Jessica moved the glass to bathroom from dining room.	The glass is now in bathroom.
entailment	Sophie moved the eyeliner to living room from study room.	The eyeliner is now in living room.
entailment	Kathy moved the plate to kitchen from store room.	The plate is now in kitchen.
entailment	Robin moved the silverware to bathroom from dining room.	The silverware is now in bathroom.
entailment	Stephanie moved the fork to basement from living room.	The fork is now in basement.
entailment	Stephen moved the glass to kitchen from study room.	The glass is now in kitchen.
entailment	Edward moved the flower pot to basement from bathroom.	The flower pot is now in basement.
entailment	Melissa moved the book to study room from basement.	The book is now in study room.
entailment	Jeff moved the cookie to living room from store room.	The cookie is now in living room.
entailment	Donald moved the eyeliner to store room from terrace.	The eyeliner is now in store room.
entailment	Ed moved the flower pot to dining room from store room.	The flower pot is now in dining room.
entailment	Marilyn moved the napkin to store room from bedroom.	The napkin is now in store room.
entailment	Anne moved the mousepad to bedroom from bathroom.	The mousepad is now in bedroom.
entailment	Martha moved the eyeliner to study room from kitchen.	The eyeliner is now in study room.
entailment	Helen moved the bowl to kitchen from bedroom.	The bowl is now in kitchen.
entailment	Wendy moved the eyeliner to bathroom from dining room.	The eyeliner is now in bathroom.
entailment	Patricia moved the eyeliner to bedroom from study room.	The eyeliner is now in bedroom.
entailment	Cynthia moved the phone to dining room from living room.	The phone is now in dining room.
entailment	Heather moved the eyeliner to terrace from bathroom.	The eyeliner is now in terrace.
entailment	Ben moved the coaster to kitchen from terrace.	The coaster is now in kitchen.
entailment	Sally moved the perfume to bedroom from kitchen.	The perfume is now in bedroom.
entailment	Kate moved the napkin to bedroom from study room.	The napkin is now in bedroom.
entailment	Matt moved the pitcher to terrace from study room.	The pitcher is now in terrace.
entailment	Carl moved the bowl to dining room from store room.	The bowl is now in dining room.
entailment	Matthew moved the face wash to basement from kitchen.	The face wash is now in basement.
entailment	Ken moved the knife to bedroom from living room.	The knife is now in bedroom.
entailment	Robin moved the coaster to living room from terrace.	The coaster is now in living room.
entailment	Samuel moved the cookie to bathroom from dining room.	The cookie is now in bathroom.
entailment	Ian moved the pitcher to store room from kitchen.	The pitcher is now in store room.
entailment	Bill moved the pin to study room from terrace.	The pin is now in study room.
entailment	Victoria moved the key to bedroom from living room.	The key is now in bedroom.
entailment	Julie moved the phone to bathroom from store room.	The phone is now in bathroom.
entailment	Nancy moved the fork to terrace from dining room.	The fork is now in terrace.
entailment	Larry moved the face wash to kitchen from bathroom.	The face wash is now in kitchen.
entailment	Daniel moved the knife to terrace from bedroom.	The knife is now in terrace.
entailment	Anne moved the snack to living room from basement.	The snack is now in living room.
entailment	Hugh moved the cup to basement from kitchen.	The cup is now in basement.
entailment	Jennifer moved the plate to basement from kitchen.	The plate is now in basement.
entailment	Christine moved the plate to living room from store room.	The plate is now in living room.
entailment	Catherine moved the cup to kitchen from store room.	The cup is now in kitchen.
entailment	Kathryn moved the plate to store room from dining room.	The plate is now in store room.
entailment	Margaret moved the glass to kitchen from store room.	The glass is now in kitchen.
entailment	Harriet moved the perfume to basement from bathroom.	The perfume is now in basement.
entailment	Frederick moved the key to living room from terrace.	The key is now in living room.
entailment	Harriet moved the napkin to basement from dining room.	The napkin is now in basement.
entailment	David moved the glass to dining room from bedroom.	The glass is now in dining room.
entailment	Carl moved the toothpaste to dining room from store room.	The toothpaste is now in dining room.
entailment	Ed moved the knife to study room from kitchen.	The knife is now in study room.
entailment	Brian moved the eyeliner to terrace from living room.	The eyeliner is now in terrace.
entailment	Benjamin moved the food to bathroom from terrace.	The food is now in bathroom.
entailment	Christine moved the eyeliner to kitchen from store room.	The eyeliner is now in kitchen.
entailment	Philip moved the book to dining room from terrace.	The book is now in dining room.
entailment	Al moved the glass to kitchen from bathroom.	The glass is now in kitchen.
entailment	Marie moved the cookie to bathroom from store room.	The cookie is now in bathroom.
entailment	Charles moved the phone to store room from living room.	The phone is now in store room.
entailment	Nicole moved the face wash to study room from dining room.	The face wash is now in study room.
entailment	Louise moved the face wash to bathroom from terrace.	The face wash is now in bathroom.
entailment	Walter moved the eyeliner to study room from living room.	The eyeliner is now in study room.
entailment	Eleanor moved the glass to living room from kitchen.	The glass is now in living room.
entailment	Pamela moved the eyeliner to bathroom from terrace.	The eyeliner is now in bathroom.
entailment	Janet moved the bowl to basement from kitchen.	The bowl is now in basement.
entailment	Jason moved the fork to terrace from study room.	The fork is now in terrace.
entailment	Caroline moved the fork to bathroom from store room.	The fork is now in bathroom.
entailment	Samuel moved the eyeliner to terrace from bathroom.	The eyeliner is now in terrace.
entailment	Suzanne moved the coaster to study room from dining room.	The coaster is now in study room.
entailment	Kevin moved the perfume to basement from kitchen.	The perfume is now in basement.
entailment	Jack moved the perfume to store room from dining room.	The perfume is now in store room.
entailment	Alfred moved the fork to dining room from terrace.	The fork is now in dining room.
entailment	Marilyn moved the knife to bathroom from terrace.	The knife is now in bathroom.
entailment	Anna moved the phone to kitchen from store room.	The phone is now in kitchen.
entailment	Catherine moved the toothpaste to bathroom from store room.	The toothpaste is now in bathroom.
entailment	Betty moved the flower pot to dining room from kitchen.	The flower pot is now in dining room.
entailment	Kate moved the spoon to bathroom from bedroom.	The spoon is now in bathroom.
entailment	Helen moved the book to bathroom from terrace.	The book is now in bathroom.
entailment	Dave moved the phone to bathroom from terrace.	The phone is now in bathroom.
entailment	Marilyn moved the plate to bathroom from living room.	The plate is now in bathroom.
entailment	Annie moved the pitcher to study room from terrace.	The pitcher is now in study room.
entailment	Kim moved the food to living room from store room.	The food is now in living room.
entailment	Bob moved the cup to living room from dining room.	The cup is now in living room.
entailment	Bill moved the cup to study room from living room.	The cup is now in study room.
entailment	Dorothy moved the eyeliner to basement from terrace.	The eyeliner is now in basement.
entailment	Louis moved the book to bathroom from store room.	The book is now in bathroom.
entailment	Amanda moved the silverware to study room from terrace.	The silverware is now in study room.
entailment	Florence moved the key to dining room from living room.	The key is now in dining room.
entailment	Wendy moved the file to bedroom from kitchen.	The file is now in bedroom.
entailment	Christine moved the coaster to study room from basement.	The coaster is now in study room.
entailment	Jay moved the food to bedroom from kitchen.	The food is now in bedroom.
entailment	Lucy moved the knife to dining room from bathroom.	The knife is now in dining room.
entailment	Ken moved the knife to study room from living room.	The knife is now in study room.
entailment	Roy moved the toothpaste to living room from bathroom.	The toothpaste is now in living room.
entailment	Ann moved the eyeliner to store room from bathroom.	The eyeliner is now in store room.
entailment	Frank moved the pitcher to living room from dining room.	The pitcher is now in living room.
entailment	Nick moved the pin to terrace from kitchen.	The pin is now in terrace.
entailment	Louis moved the flower pot to dining room from study room.	The flower pot is now in dining room.
entailment	Rachel moved the book to dining room from terrace.	The book is now in dining room.
entailment	Julia moved the serviette to store room from terrace.	The serviette is now in store room.
entailment	Marie moved the file to living room from bedroom.	The file is now in living room.
entailment	Tony moved the key to dining room from bathroom.	The key is now in dining room.
entailment	Susan moved the glass to kitchen from bedroom.	The glass is now in kitchen.
entailment	Bruce moved the book to living room from bedroom.	The book is now in living room.
entailment	Paul moved the eyeliner to bathroom from kitchen.	The eyeliner is now in bathroom.
entailment	Dick moved the key to kitchen from study room.	The key is now in kitchen.
entailment	Christopher moved the knife to kitchen from terrace.	The knife is now in kitchen.
entailment	Kelly moved the flower pot to terrace from basement.	The flower pot is now in terrace.
entailment	Samuel moved the silverware to dining room from living room.	The silverware is now in dining room.
entailment	Jimmy moved the pitcher to terrace from basement.	The pitcher is now in terrace.
entailment	Carolyn moved the cup to store room from basement.	The cup is now in store room.
entailment	Jean moved the toothbrush to study room from store room.	The toothbrush is now in study room.
entailment	Tim moved the eyeliner to terrace from store room.	The eyeliner is now in terrace.
entailment	Sharon moved the laptop to store room from living room.	The laptop is now in store room.
entailment	Martha moved the knife to dining room from bathroom.	The knife is now in dining room.
entailment	Kim moved the book to terrace from kitchen.	The book is now in terrace.
entailment	Edward moved the silverware to dining room from kitchen.	The silverware is now in dining room.
entailment	Lisa moved the notebook to living room from bathroom.	The notebook is now in living room.
entailment	Matthew moved the phone to bedroom from store room.	The phone is now in bedroom.
entailment	William moved the key to study room from living room.	The key is now in study room.
entailment	Joe moved the eyeliner to study room from kitchen.	The eyeliner is now in study room.
entailment	Roger moved the mousepad to bedroom from dining room.	The mousepad is now in bedroom.
entailment	Robert moved the plate to bedroom from basement.	The plate is now in bedroom.
entailment	Helen moved the perfume to kitchen from terrace.	The perfume is now in kitchen.
entailment	Walter moved the cookie to bathroom from bedroom.	The cookie is now in bathroom.
entailment	Emma moved the face wash to kitchen from living room.	The face wash is now in kitchen.
entailment	Lynn moved the fork to terrace from dining room.	The fork is now in terrace.
entailment	Donna moved the book to kitchen from bedroom.	The book is now in kitchen.
entailment	Mike moved the knife to dining room from living room.	The knife is now in dining room.
entailment	Bill moved the perfume to bathroom from bedroom.	The perfume is now in bathroom.
entailment	Bob moved the fork to dining room from terrace.	The fork is now in dining room.
entailment	Patrick moved the perfume to bedroom from kitchen.	The perfume is now in bedroom.
entailment	Louise moved the book to basement from bedroom.	The book is now in basement.
entailment	Lucy moved the laptop to kitchen from terrace.	The laptop is now in kitchen.
entailment	Edwin moved the eyeliner to bedroom from kitchen.	The eyeliner is now in bedroom.
entailment	Bobby moved the face wash to dining room from study room.	The face wash is now in dining room.
entailment	Kim moved the file to terrace from bedroom.	The file is now in terrace.
entailment	Linda moved the pin to bathroom from bedroom.	The pin is now in bathroom.
entailment	Lauren moved the bowl to bathroom from basement.	The bowl is now in bathroom.
entailment	Jim moved the bowl to study room from dining room.	The bowl is now in study room.
entailment	Stephanie moved the toothbrush to basement from bathroom.	The toothbrush is now in basement.
entailment	Henry moved the snack to terrace from dining room.	The snack is now in terrace.
entailment	George moved the notebook to study room from bedroom.	The notebook is now in study room.
entailment	Rose moved the napkin to bathroom from living room.	The napkin is now in bathroom.
entailment	Rebecca moved the face wash to bathroom from bedroom.	The face wash is now in bathroom.
entailment	Sam moved the notebook to bathroom from terrace.	The notebook is now in bathroom.
entailment	Frances moved the toothbrush to store room from bedroom.	The toothbrush is now in store room.
entailment	Suzanne moved the pin to kitchen from dining room.	The pin is now in kitchen.
entailment	Fiona moved the serviette to bedroom from kitchen.	The serviette is now in bedroom.
entailment	Colin moved the glass to basement from bathroom.	The glass is now in basement.
entailment	Dorothy moved the pin to bedroom from basement.	The pin is now in bedroom.
entailment	Benjamin moved the perfume to store room from terrace.	The perfume is now in store room.
entailment	Julia moved the snack to living room from dining room.	The snack is now in living room.
entailment	Nick moved the cup to bedroom from kitchen.	The cup is now in bedroom.
entailment	Cynthia moved the silverware to bedroom from study room.	The silverware is now in bedroom.
entailment	Janet moved the fork to terrace from store room.	The fork is now in terrace.
entailment	Judith moved the pin to basement from terrace.	The pin is now in basement.
entailment	Gary moved the coaster to store room from bathroom.	The coaster is now in store room.
entailment	Don moved the spoon to dining room from bedroom.	The spoon is now in dining room.
entailment	Cynthia moved the book to living room from study room.	The book is now in living room.
entailment	Carol moved the face wash to study room from kitchen.	The face wash is now in study room.
entailment	Ellen moved the plate to basement from study room.	The plate is now in basement.
entailment	Paul moved the snack to terrace from living room.	The snack is now in terrace.
entailment	Wendy moved the book to kitchen from store room.	The book is now in kitchen.
entailment	Billy moved the flower pot to bathroom from living room.	The flower pot is now in bathroom.
entailment	Eric moved the face wash to bathroom from bedroom.	The face wash is now in bathroom.
entailment	Frank moved the pitcher to basement from dining room.	The pitcher is now in basement.
entailment	Lucy moved the pitcher to kitchen from study room.	The pitcher is now in kitchen.
entailment	Katherine moved the flower pot to bathroom from study room.	The flower pot is now in bathroom.
entailment	Stephanie moved the key to dining room from terrace.	The key is now in dining room.
entailment	Matthew moved the key to bedroom from living room.	The key is now in bedroom.
entailment	Charlie moved the pitcher to store room from bathroom.	The pitcher is now in store room.
entailment	Ron moved the silverware to basement from bedroom.	The silverware is now in basement.
entailment	Florence moved the book to kitchen from basement.	The book is now in kitchen.
entailment	Jimmy moved the cookie to store room from basement.	The cookie is now in store room.
entailment	Edwin moved the napkin to dining room from store room.	The napkin is now in dining room.
entailment	Scott moved the glass to basement from bathroom.	The glass is now in basement.
entailment	Rachel moved the plate to bathroom from basement.	The plate is now in bathroom.
entailment	Barbara moved the cup to living room from store room.	The cup is now in living room.
entailment	Robert moved the plate to dining room from kitchen.	The plate is now in dining room.
entailment	Matt moved the book to living room from dining room.	The book is now in living room.
entailment	Al moved the napkin to bedroom from basement.	The napkin is now in bedroom.
entailment	Frank moved the plate to dining room from bathroom.	The plate is now in dining room.
entailment	Elizabeth moved the toothpaste to terrace from bedroom.	The toothpaste is now in terrace.
entailment	Martin moved the serviette to living room from bedroom.	The serviette is now in living room.
entailment	Betty moved the napkin to terrace from study room.	The napkin is now in terrace.
entailment	Jimmy moved the bottle to kitchen from living room.	The bottle is now in kitchen.
entailment	Jean moved the glass to bathroom from bedroom.	The glass is now in bathroom.
entailment	Bobby moved the toothbrush to dining room from study room.	The toothbrush is now in dining room.
entailment	Virginia moved the notebook to study room from kitchen.	The notebook is now in study room.
entailment	Alison moved the perfume to kitchen from dining room.	The perfume is now in kitchen.
entailment	Jerry moved the knife to living room from bedroom.	The knife is now in living room.
entailment	Ellen moved the spoon to living room from study room.	The spoon is now in living room.
entailment	Alexander moved the toothpaste to dining room from study room.	The toothpaste is now in dining room.
entailment	Katherine moved the book to store room from terrace.	The book is now in store room.
entailment	Suzanne moved the knife to bedroom from study room.	The knife is now in bedroom.
entailment	Cynthia moved the napkin to bathroom from kitchen.	The napkin is now in bathroom.
entailment	Alex moved the napkin to study room from store room.	The napkin is now in study room.
entailment	Larry moved the coaster to bathroom from dining room.	The coaster is now in bathroom.
entailment	Donald moved the silverware to study room from bathroom.	The silverware is now in study room.
entailment	Alexandra moved the perfume to study room from bedroom.	The perfume is now in study room.
entailment	Christopher moved the pin to study room from bathroom.	The pin is now in study room.
entailment	Sharon moved the notebook to store room from study room.	The notebook is now in store room.
entailment	Ann moved the file to bathroom from dining room.	The file is now in bathroom.
entailment	Elaine moved the snack to dining room from living room.	The snack is now in dining room.
entailment	Al moved the phone to dining room from store room.	The phone is now in dining room.
entailment	Diana moved the face wash to store room from basement.	The face wash is now in store room.
entailment	William moved the mousepad to store room from kitchen.	The mousepad is now in store room.
entailment	Annie moved the flower pot to kitchen from bedroom.	The flower pot is now in kitchen.
entailment	Robin moved the plate to store room from study room.	The plate is now in store room.
entailment	Carl moved the food to basement from living room.	The food is now in basement.
entailment	Walter moved the food to living room from store room.	The food is now in living room.
entailment	Virginia moved the glass to terrace from dining room.	The glass is now in terrace.
entailment	Alex moved the cup to living room from basement.	The cup is now in living room.
entailment	Elizabeth moved the pin to basement from kitchen.	The pin is now in basement.
entailment	Helen moved the eyeliner to study room from store room.	The eyeliner is now in study room.
entailment	Bill moved the cookie to store room from living room.	The cookie is now in store room.
entailment	Edward moved the toothpaste to terrace from study room.	The toothpaste is now in terrace.
entailment	Michael moved the perfume to study room from kitchen.	The perfume is now in study room.
entailment	Rebecca moved the silverware to bathroom from store room.	The silverware is now in bathroom.
entailment	Barbara moved the flower pot to living room from kitchen.	The flower pot is now in living room.
entailment	Paul moved the cookie to basement from terrace.	The cookie is now in basement.
entailment	Julia moved the key to living room from basement.	The key is now in living room.
entailment	Maria moved the silverware to bathroom from living room.	The silverware is now in bathroom.
entailment	Steve moved the notebook to bedroom from living room.	The notebook is now in bedroom.
entailment	Jane moved the flower pot to living room from terrace.	The flower pot is now in living room.
entailment	Samuel moved the coaster to study room from bathroom.	The coaster is now in study room.
entailment	Robert moved the cup to terrace from bedroom.	The cup is now in terrace.
entailment	Jack moved the snack to living room from dining room.	The snack is now in living room.
entailment	Martin moved the key to study room from basement.	The key is now in study room.
entailment	Dick moved the pin to bathroom from living room.	The pin is now in bathroom.
entailment	Jean moved the toothbrush to living room from terrace.	The toothbrush is now in living room.
entailment	Jim moved the snack to bathroom from store room.	The snack is now in bathroom.
entailment	James moved the phone to basement from bathroom.	The phone is now in basement.
entailment	John moved the snack to bedroom from kitchen.	The snack is now in bedroom.
entailment	Stephanie moved the snack to study room from dining room.	The snack is now in study room.
entailment	Heather moved the flower pot to bedroom from terrace.	The flower pot is now in bedroom.
entailment	Sam moved the bowl to bathroom from store room.	The bowl is now in bathroom.
entailment	Christopher moved the pin to bathroom from bedroom.	The pin is now in bathroom.
entailment	Virginia moved the eyeliner to dining room from bathroom.	The eyeliner is now in dining room.
entailment	Victoria moved the toothpaste to bathroom from dining room.	The toothpaste is now in bathroom.
entailment	Kevin moved the fork to bathroom from dining room.	The fork is now in bathroom.
entailment	Florence moved the eyeliner to kitchen from study room.	The eyeliner is now in kitchen.
entailment	Nancy moved the bowl to study room from dining room.	The bowl is now in study room.
entailment	Carl moved the bottle to kitchen from dining room.	The bottle is now in kitchen.
entailment	Brian moved the cup to study room from kitchen.	The cup is now in study room.
entailment	Jonathan moved the snack to bathroom from living room.	The snack is now in bathroom.
entailment	Sally moved the bowl to bedroom from dining room.	The bowl is now in bedroom.
entailment	Karen moved the toothpaste to store room from living room.	The toothpaste is now in store room.
entailment	Margaret moved the knife to kitchen from study room.	The knife is now in kitchen.
entailment	Jill moved the file to kitchen from terrace.	The file is now in kitchen.
entailment	Ralph moved the notebook to kitchen from dining room.	The notebook is now in kitchen.
entailment	David moved the pitcher to dining room from bedroom.	The pitcher is now in dining room.
entailment	Charlotte moved the serviette to store room from basement.	The serviette is now in store room.
entailment	Jean moved the coaster to terrace from store room.	The coaster is now in terrace.
entailment	Louis moved the glass to bedroom from dining room.	The glass is now in bedroom.
entailment	Ralph moved the knife to terrace from bathroom.	The knife is now in terrace.
entailment	Dan moved the phone to basement from study room.	The phone is now in basement.
entailment	Sharon moved the bowl to kitchen from bedroom.	The bowl is now in kitchen.
entailment	Carl moved the toothbrush to store room from bathroom.	The toothbrush is now in store room.
entailment	Alexandra moved the eyeliner to kitchen from study room.	The eyeliner is now in kitchen.
entailment	Judy moved the fork to living room from basement.	The fork is now in living room.
entailment	Martin moved the file to basement from store room.	The file is now in basement.
entailment	Dave moved the book to basement from bathroom.	The book is now in basement.
entailment	Tom moved the phone to living room from dining room.	The phone is now in living room.
entailment	Virginia moved the serviette to study room from basement.	The serviette is now in study room.
entailment	Francis moved the toothpaste to bedroom from bathroom.	The toothpaste is now in bedroom.
entailment	Sophie moved the snack to bathroom from kitchen.	The snack is now in bathroom.
entailment	Eric moved the cookie to basement from bathroom.	The cookie is now in basement.
entailment	Donna moved the face wash to kitchen from dining room.	The face wash is now in kitchen.
entailment	Ann moved the key to bathroom from dining room.	The key is now in bathroom.
entailment	Lynn moved the book to bathroom from store room.	The book is now in bathroom.
entailment	Anna moved the perfume to bedroom from terrace.	The perfume is now in bedroom.
entailment	Florence moved the food to terrace from store room.	The food is now in terrace.
entailment	Harold moved the key to study room from terrace.	The key is now in study room.
entailment	Emily moved the cup to bathroom from store room.	The cup is now in bathroom.
entailment	Steven moved the perfume to store room from kitchen.	The perfume is now in store room.
entailment	Annie moved the bowl to terrace from study room.	The bowl is now in terrace.
entailment	Rose moved the eyeliner to terrace from study room.	The eyeliner is now in terrace.
entailment	Adam moved the phone to bathroom from study room.	The phone is now in bathroom.
entailment	Stephen moved the mousepad to store room from terrace.	The mousepad is now in store room.
entailment	Melissa moved the spoon to terrace from dining room.	The spoon is now in terrace.
entailment	Bill moved the coaster to basement from living room.	The coaster is now in basement.
entailment	William moved the face wash to living room from dining room.	The face wash is now in living room.
entailment	Charlotte moved the phone to store room from living room.	The phone is now in store room.
entailment	Catherine moved the toothpaste to bedroom from study room.	The toothpaste is now in bedroom.
entailment	Evelyn moved the laptop to bathroom from living room.	The laptop is now in bathroom.
entailment	Carolyn moved the bowl to bathroom from kitchen.	The bowl is now in bathroom.
entailment	Lucy moved the file to basement from study room.	The file is now in basement.
entailment	Roy moved the face wash to basement from bedroom.	The face wash is now in basement.
entailment	Sam moved the perfume to terrace from store room.	The perfume is now in terrace.
entailment	Jane moved the notebook to living room from terrace.	The notebook is now in living room.
entailment	Ken moved the perfume to kitchen from living room.	The perfume is now in kitchen.
entailment	Donald moved the flower pot to store room from bedroom.	The flower pot is now in store room.
entailment	Albert moved the plate to bathroom from kitchen.	The plate is now in bathroom.
entailment	Rose moved the notebook to study room from basement.	The notebook is now in study room.
entailment	Eleanor moved the spoon to store room from living room.	The spoon is now in store room.
entailment	Heather moved the knife to living room from store room.	The knife is now in living room.
entailment	Peter moved the eyeliner to terrace from basement.	The eyeliner is now in terrace.
entailment	Benjamin moved the bowl to living room from study room.	The bowl is now in living room.
entailment	Bobby moved the toothbrush to terrace from bedroom.	The toothbrush is now in terrace.
entailment	Caroline moved the coaster to store room from terrace.	The coaster is now in store room.
entailment	Mark moved the silverware to bathroom from store room.	The silverware is now in bathroom.
entailment	Chris moved the face wash to dining room from bedroom.	The face wash is now in dining room.
entailment	Helen moved the key to kitchen from living room.	The key is now in kitchen.
entailment	Adam moved the eyeliner to bathroom from basement.	The eyeliner is now in bathroom.
entailment	Patrick moved the face wash to living room from dining room.	The face wash is now in living room.
entailment	Kate moved the bottle to study room from basement.	The bottle is now in study room.
entailment	Keith moved the coaster to basement from kitchen.	The coaster is now in basement.
entailment	Louise moved the phone to dining room from kitchen.	The phone is now in dining room.
entailment	Edwin moved the flower pot to living room from bathroom.	The flower pot is now in living room.
entailment	Dave moved the face wash to kitchen from study room.	The face wash is now in kitchen.
entailment	Julie moved the silverware to bedroom from store room.	The silverware is now in bedroom.
entailment	Alfred moved the notebook to store room from kitchen.	The notebook is now in store room.
entailment	Ben moved the fork to basement from bathroom.	The fork is now in basement.
entailment	Ed moved the glass to basement from bedroom.	The glass is now in basement.
entailment	Arthur moved the eyeliner to terrace from basement.	The eyeliner is now in terrace.
entailment	Caroline moved the silverware to dining room from terrace.	The silverware is now in dining room.
entailment	Sara moved the toothpaste to bedroom from study room.	The toothpaste is now in bedroom.
entailment	Sharon moved the bowl to living room from bathroom.	The bowl is now in living room.
entailment	Paul moved the perfume to living room from study room.	The perfume is now in living room.
entailment	Sandra moved the phone to store room from bathroom.	The phone is now in store room.
entailment	Leslie moved the phone to basement from kitchen.	The phone is now in basement.
entailment	Jack moved the spoon to dining room from store room.	The spoon is now in dining room.
entailment	Patrick moved the knife to kitchen from terrace.	The knife is now in kitchen.
entailment	Carolyn moved the mousepad to dining room from kitchen.	The mousepad is now in dining room.
entailment	Patricia moved the pin to dining room from terrace.	The pin is now in dining room.
entailment	Al moved the cookie to terrace from basement.	The cookie is now in terrace.
entailment	Patricia moved the face wash to dining room from kitchen.	The face wash is now in dining room.
entailment	William moved the mousepad to store room from kitchen.	The mousepad is now in store room.
entailment	Al moved the flower pot to kitchen from study room.	The flower pot is now in kitchen.
entailment	Claire moved the fork to store room from living room.	The fork is now in store room.
entailment	Kathleen moved the toothbrush to basement from dining room.	The toothbrush is now in basement.
entailment	Heather moved the fork to bathroom from terrace.	The fork is now in bathroom.
entailment	Caroline moved the eyeliner to kitchen from basement.	The eyeliner is now in kitchen.
entailment	William moved the spoon to store room from bedroom.	The spoon is now in store room.
entailment	Dorothy moved the notebook to kitchen from dining room.	The notebook is now in kitchen.
entailment	Patrick moved the face wash to store room from terrace.	The face wash is now in store room.
entailment	Ellen moved the perfume to bathroom from living room.	The perfume is now in bathroom.
entailment	Angela moved the file to kitchen from basement.	The file is now in kitchen.
entailment	Joe moved the notebook to study room from store room.	The notebook is now in study room.
entailment	Eric moved the toothpaste to study room from dining room.	The toothpaste is now in study room.
entailment	Katie moved the bowl to bathroom from kitchen.	The bowl is now in bathroom.
entailment	Andrew moved the phone to living room from kitchen.	The phone is now in living room.
entailment	Benjamin moved the glass to living room from study room.	The glass is now in living room.
entailment	Fiona moved the fork to study room from basement.	The fork is now in study room.
entailment	Sara moved the spoon to basement from study room.	The spoon is now in basement.
entailment	Elizabeth moved the book to bedroom from bathroom.	The book is now in bedroom.
entailment	Linda moved the phone to bedroom from living room.	The phone is now in bedroom.
entailment	Eric moved the phone to study room from dining room.	The phone is now in study room.
entailment	Dick moved the file to bedroom from study room.	The file is now in bedroom.
entailment	Marie moved the coaster to terrace from study room.	The coaster is now in terrace.
entailment	Greg moved the bowl to store room from terrace.	The bowl is now in store room.
entailment	Judith moved the spoon to bedroom from bathroom.	The spoon is now in bedroom.
entailment	Nick moved the notebook to terrace from bathroom.	The notebook is now in terrace.
entailment	David moved the cookie to terrace from bathroom.	The cookie is now in terrace.
entailment	Marilyn moved the spoon to bathroom from dining room.	The spoon is now in bathroom.
entailment	Philip moved the cookie to living room from bathroom.	The cookie is now in living room.
entailment	Fred moved the food to living room from bedroom.	The food is now in living room.
entailment	Daniel moved the perfume to dining room from study room.	The perfume is now in dining room.
entailment	Daniel moved the laptop to bedroom from kitchen.	The laptop is now in bedroom.
entailment	Kate moved the coaster to living room from dining room.	The coaster is now in living room.
entailment	Sandra moved the plate to bathroom from dining room.	The plate is now in bathroom.
entailment	Jonathan moved the notebook to bathroom from dining room.	The notebook is now in bathroom.
entailment	Donna moved the fork to terrace from study room.	The fork is now in terrace.
entailment	Hugh moved the fork to kitchen from store room.	The fork is now in kitchen.
entailment	Harold moved the book to basement from dining room.	The book is now in basement.
entailment	Louise moved the glass to living room from bathroom.	The glass is now in living room.
entailment	Rose moved the coaster to bedroom from kitchen.	The coaster is now in bedroom.
entailment	Matthew moved the food to terrace from store room.	The food is now in terrace.
entailment	William moved the pitcher to bedroom from basement.	The pitcher is now in bedroom.
entailment	Ashley moved the phone to dining room from kitchen.	The phone is now in dining room.
entailment	Annie moved the toothbrush to kitchen from living room.	The toothbrush is now in kitchen.
entailment	Martin moved the toothpaste to study room from dining room.	The toothpaste is now in study room.
entailment	Sarah moved the laptop to living room from dining room.	The laptop is now in living room.
entailment	Ed moved the knife to living room from bathroom.	The knife is now in living room.
entailment	John moved the flower pot to bedroom from terrace.	The flower pot is now in bedroom.
entailment	Jonathan moved the flower pot to study room from basement.	The flower pot is now in study room.
entailment	Martha moved the file to dining room from study room.	The file is now in dining room.
entailment	Steven moved the toothbrush to terrace from basement.	The toothbrush is now in terrace.
entailment	Greg moved the eyeliner to store room from basement.	The eyeliner is now in store room.
entailment	Bob moved the bottle to dining room from store room.	The bottle is now in dining room.
entailment	Christopher moved the glass to store room from basement.	The glass is now in store room.
entailment	Albert moved the pitcher to dining room from basement.	The pitcher is now in dining room.
entailment	Francis moved the food to bathroom from terrace.	The food is now in bathroom.
entailment	George moved the coaster to bedroom from bathroom.	The coaster is now in bedroom.
entailment	Edith moved the cookie to bedroom from bathroom.	The cookie is now in bedroom.
entailment	Evelyn moved the book to bedroom from store room.	The book is now in bedroom.
entailment	Robin moved the food to dining room from study room.	The food is now in dining room.
entailment	Mark moved the spoon to kitchen from living room.	The spoon is now in kitchen.
entailment	Heather moved the silverware to bedroom from basement.	The silverware is now in bedroom.
entailment	Joseph moved the coaster to study room from basement.	The coaster is now in study room.
entailment	Matthew moved the pitcher to store room from terrace.	The pitcher is now in store room.
entailment	Annie moved the eyeliner to terrace from study room.	The eyeliner is now in terrace.
entailment	Julie moved the toothbrush to living room from basement.	The toothbrush is now in living room.
entailment	Alfred moved the snack to dining room from bedroom.	The snack is now in dining room.
entailment	Kim moved the plate to living room from dining room.	The plate is now in living room.
entailment	Judith moved the eyeliner to terrace from basement.	The eyeliner is now in terrace.
entailment	Christopher moved the snack to basement from living room.	The snack is now in basement.
entailment	Michael moved the toothpaste to store room from dining room.	The toothpaste is now in store room.
entailment	Ed moved the snack to dining room from study room.	The snack is now in dining room.
entailment	Steven moved the serviette to terrace from kitchen.	The serviette is now in terrace.
entailment	Ron moved the coaster to bedroom from basement.	The coaster is now in bedroom.
entailment	Stephen moved the food to bedroom from study room.	The food is now in bedroom.
entailment	Nicole moved the silverware to kitchen from dining room.	The silverware is now in kitchen.
entailment	Lauren moved the silverware to basement from terrace.	The silverware is now in basement.
entailment	Alison moved the napkin to bathroom from bedroom.	The napkin is now in bathroom.
entailment	Charlie moved the key to bathroom from terrace.	The key is now in bathroom.
entailment	Heather moved the snack to store room from bathroom.	The snack is now in store room.
entailment	Heather moved the coaster to bedroom from bathroom.	The coaster is now in bedroom.
entailment	Dick moved the pin to living room from bedroom.	The pin is now in living room.
entailment	Benjamin moved the plate to study room from store room.	The plate is now in study room.
entailment	Sarah moved the toothpaste to bathroom from basement.	The toothpaste is now in bathroom.
entailment	Jean moved the eyeliner to bathroom from study room.	The eyeliner is now in bathroom.
entailment	Angela moved the laptop to bathroom from kitchen.	The laptop is now in bathroom.
entailment	Sara moved the fork to store room from living room.	The fork is now in store room.
entailment	Stephanie moved the spoon to dining room from basement.	The spoon is now in dining room.
entailment	Thomas moved the bottle to study room from kitchen.	The bottle is now in study room.
entailment	Alexander moved the book to store room from study room.	The book is now in store room.
entailment	Albert moved the toothpaste to basement from bedroom.	The toothpaste is now in basement.
entailment	Jimmy moved the silverware to bedroom from kitchen.	The silverware is now in bedroom.
entailment	David moved the notebook to store room from kitchen.	The notebook is now in store room.
entailment	Ben moved the toothpaste to study room from bedroom.	The toothpaste is now in study room.
entailment	Sally moved the fork to basement from bedroom.	The fork is now in basement.
entailment	Bill moved the book to basement from bathroom.	The book is now in basement.
entailment	Patricia moved the toothbrush to living room from store room.	The toothbrush is now in living room.
entailment	Richard moved the napkin to living room from study room.	The napkin is now in living room.
entailment	Ian moved the perfume to kitchen from living room.	The perfume is now in kitchen.
entailment	Judith moved the laptop to dining room from terrace.	The laptop is now in dining room.
entailment	Jill moved the mousepad to dining room from store room.	The mousepad is now in dining room.
entailment	Dick moved the toothpaste to terrace from basement.	The toothpaste is now in terrace.
entailment	Steven moved the snack to store room from terrace.	The snack is now in store room.
entailment	Walter moved the toothpaste to dining room from living room.	The toothpaste is now in dining room.
entailment	Diane moved the glass to study room from basement.	The glass is now in study room.
entailment	Michael moved the mousepad to living room from bathroom.	The mousepad is now in living room.
entailment	Alan moved the snack to dining room from bedroom.	The snack is now in dining room.
entailment	Ian moved the mousepad to store room from basement.	The mousepad is now in store room.
entailment	Mary moved the snack to living room from dining room.	The snack is now in living room.
entailment	Margaret moved the key to bedroom from living room.	The key is now in bedroom.
entailment	Lynn moved the plate to terrace from dining room.	The plate is now in terrace.
entailment	Steve moved the toothbrush to kitchen from basement.	The toothbrush is now in kitchen.
entailment	Robin moved the bottle to terrace from store room.	The bottle is now in terrace.
entailment	Margaret moved the toothpaste to store room from kitchen.	The toothpaste is now in store room.
entailment	Linda moved the toothbrush to bedroom from store room.	The toothbrush is now in bedroom.
entailment	Bill moved the plate to store room from living room.	The plate is now in store room.
entailment	Steven moved the phone to kitchen from store room.	The phone is now in kitchen.
entailment	Diane moved the glass to terrace from dining room.	The glass is now in terrace.
entailment	Fiona moved the glass to study room from bathroom.	The glass is now in study room.
entailment	Melissa moved the phone to study room from store room.	The phone is now in study room.
entailment	Donna moved the snack to bathroom from store room.	The snack is now in bathroom.
entailment	Jay moved the face wash to dining room from store room.	The face wash is now in dining room.
entailment	Helen moved the perfume to bedroom from store room.	The perfume is now in bedroom.
entailment	Alison moved the face wash to study room from bedroom.	The face wash is now in study room.
entailment	James moved the face wash to study room from living room.	The face wash is now in study room.
entailment	Fred moved the file to store room from terrace.	The file is now in store room.
entailment	Dick moved the knife to dining room from bedroom.	The knife is now in dining room.
entailment	Harold moved the plate to bedroom from dining room.	The plate is now in bedroom.
