entailment	Among Evelyn, Catherine and Robert the sleepiest is Catherine.	Catherine is sleepier than Evelyn.
entailment	Among Lucy, Emily and Edward the greatest is Emily.	Emily is greater than Lucy.
entailment	Among Mark, Donald and Louise the loveliest is Donald.	Donald is lovelier than Mark.
entailment	Among Jennifer, Patricia and Claire the toughest is Patricia.	Patricia is tougher than Jennifer.
entailment	Among Ken, Cynthia and Ian the most important is Cynthia.	Cynthia is more important than Ken.
entailment	Among Linda, Nick and Kelly the rudest is Nick.	Nick is ruder than Linda.
entailment	Among Sara, Kevin and Gary the grossest is Kevin.	Kevin is grosser than Sara.
entailment	Among Lawrence, Emma and Jerry the calmest is Emma.	Emma is calmer than Lawrence.
entailment	Among Kenneth, Jerry and Charlie the fairest is Jerry.	Jerry is fairer than Kenneth.
entailment	Among Kevin, Anna and Andrew the boldest is Anna.	Anna is bolder than Kevin.
entailment	Among Joe, Donna and Ed the cleverest is Donna.	Donna is cleverer than Joe.
entailment	Among Lynn, Gary and Suzanne the loneliest is Gary.	Gary is lonlier than Lynn.
entailment	Among Ruth, Cynthia and Katherine the harshest is Cynthia.	Cynthia is harsher than Ruth.
entailment	Among Florence, Don and Amy the proudest is Don.	Don is prouder than Florence.
entailment	Among Jane, Alex and Tony the curviest is Alex.	Alex is curvier than Jane.
entailment	Among Emma, Dave and Tony the gloomiest is Dave.	Dave is gloomier than Emma.
entailment	Among Donald, Ed and Kathleen the sincerest is Ed.	Ed is sincerer than Donald.
entailment	Among Alexander, Walter and Roy the guiltiest is Walter.	Walter is guilter than Alexander.
entailment	Among Walter, Martha and Robin the tallest is Martha.	Martha is taller than Walter.
entailment	Among Howard, Marie and Patricia the silliest is Marie.	Marie is sillier than Howard.
entailment	Among Al, Alexander and Nicole the noisiest is Alexander.	Alexander is noisier than Al.
entailment	Among Alex, Rose and Lucy the loneliest is Rose.	Rose is lonlier than Alex.
entailment	Among Jay, Andrea and Virginia the meanest is Andrea.	Andrea is meaner than Jay.
entailment	Among Jill, Kelly and Kevin the dullest is Kelly.	Kelly is duller than Jill.
entailment	Among Martha, Richard and Harriet the laziest is Richard.	Richard is lazier than Martha.
entailment	Among Joan, Lucy and Mark the most popular is Lucy.	Lucy is more popular than Joan.
entailment	Among Chris, Robin and Joan the most popular is Robin.	Robin is more popular than Chris.
entailment	Among Kathryn, Catherine and Louise the sharpest is Catherine.	Catherine is sharper than Kathryn.
entailment	Among Alison, Tim and Marie the worst is Tim.	Tim is worse than Alison.
entailment	Among Matt, Chris and Fiona the noisiest is Chris.	Chris is noisier than Matt.
entailment	Among Daniel, Dick and Ian the hairiest is Dick.	Dick is hairier than Daniel.
entailment	Among Alexander, Alan and Heather the bitterest is Alan.	Alan is bitterer than Alexander.
entailment	Among Mike, Caroline and Donna the harshest is Caroline.	Caroline is harsher than Mike.
entailment	Among Virginia, Nick and Steve the hottest is Nick.	Nick is hotter than Virginia.
entailment	Among Kate, John and Ann the scariest is John.	John is scarier than Kate.
entailment	Among Joan, Harold and Brian the healthiest is Harold.	Harold is healthier than Joan.
entailment	Among Bruce, Paul and Dan the angriest is Paul.	Paul is angrier than Bruce.
entailment	Among Rachel, Alexander and Kenneth the wealthiest is Alexander.	Alexander is wealthier than Rachel.
entailment	Among Albert, Richard and Sally the humblest is Richard.	Richard is humbler than Albert.
entailment	Among William, Maria and Scott the ugliest is Maria.	Maria is uglier than William.
entailment	Among Virginia, Maria and Ron the most renowned is Maria.	Maria is more renowned than Virginia.
entailment	Among Simon, Bob and Ashley the boldest is Bob.	Bob is bolder than Simon.
entailment	Among Roger, Joan and Ashley the boldest is Joan.	Joan is bolder than Roger.
entailment	Among Stephen, Donald and Betty the sleepiest is Donald.	Donald is sleepier than Stephen.
entailment	Among Dick, Lauren and Lucy the noisiest is Lauren.	Lauren is noisier than Dick.
entailment	Among Marilyn, Joseph and Ralph the hungriest is Joseph.	Joseph is hungrier than Marilyn.
entailment	Among Harold, Eleanor and Kate the gentlest is Eleanor.	Eleanor is gentler than Harold.
entailment	Among Angela, Elaine and Roy the silliest is Elaine.	Elaine is sillier than Angela.
entailment	Among Howard, Jay and Victoria the angriest is Jay.	Jay is angrier than Howard.
entailment	Among Helen, Bobby and Margaret the brightest is Bobby.	Bobby is brighter than Helen.
entailment	Among Rebecca, Dan and Christopher the shortest is Dan.	Dan is shorter than Rebecca.
entailment	Among Emily, Susan and Billy the weakest is Susan.	Susan is weaker than Emily.
entailment	Among Daniel, Nick and Ashley the most bitter is Nick.	Nick is more bitter than Daniel.
entailment	Among Melissa, Harold and Ron the most beautiful is Harold.	Harold is more beautiful than Melissa.
entailment	Among Jason, Maria and Paul the healthiest is Maria.	Maria is healthier than Jason.
entailment	Among Samuel, Lawrence and Tony the chubbiest is Lawrence.	Lawrence is chubbier than Samuel.
entailment	Among Julie, Rose and Dorothy the poorest is Rose.	Rose is poorer than Julie.
entailment	Among Ruth, Kathleen and Donald the curviest is Kathleen.	Kathleen is curvier than Ruth.
entailment	Among Patricia, Bob and Michael the tallest is Bob.	Bob is taller than Patricia.
entailment	Among Angela, Evelyn and Arthur the smallest is Evelyn.	Evelyn is smaller than Angela.
entailment	Among Angela, Jean and Lisa the quietest is Jean.	Jean is quieter than Angela.
entailment	Among Melissa, Arthur and Martha the longest is Arthur.	Arthur is longer than Melissa.
entailment	Among Margaret, Dave and Matt the creepiest is Dave.	Dave is creepier than Margaret.
entailment	Among Tim, George and Sara the greediest is George.	George is greedier than Tim.
entailment	Among Victoria, Martha and Sophie the noisiest is Martha.	Martha is noisier than Victoria.
entailment	Among David, Henry and Ron the grossest is Henry.	Henry is grosser than David.
entailment	Among Judy, Louise and Thomas the bravest is Louise.	Louise is braver than Judy.
entailment	Among Alison, Mike and Arthur the naughtiest is Mike.	Mike is naughtier than Alison.
entailment	Among Roger, Julie and Ralph the prettiest is Julie.	Julie is prettier than Roger.
entailment	Among Albert, Laura and Amanda the most polite is Laura.	Laura is more polite than Albert.
entailment	Among Edith, Benjamin and Marilyn the fittest is Benjamin.	Benjamin is fitter than Edith.
entailment	Among Frances, Philip and Rebecca the toughest is Philip.	Philip is tougher than Frances.
entailment	Among Kathleen, William and Anthony the thinnest is William.	William is thinner than Kathleen.
entailment	Among Patrick, Kathleen and Howard the richest is Kathleen.	Kathleen is richer than Patrick.
entailment	Among Joan, Sara and Henry the boldest is Sara.	Sara is bolder than Joan.
entailment	Among Ben, Daniel and Judith the most beautiful is Daniel.	Daniel is more beautiful than Ben.
entailment	Among Charlie, Larry and Greg the naughtiest is Larry.	Larry is naughtier than Charlie.
entailment	Among Wendy, George and Henry the bitterest is George.	George is bitterer than Wendy.
entailment	Among Jim, Emma and Florence the bitterest is Emma.	Emma is bitterer than Jim.
entailment	Among Bobby, Ralph and Jay the slimmest is Ralph.	Ralph is slimmer than Bobby.
entailment	Among Jim, Victoria and Andrew the most attractive is Victoria.	Victoria is more attractive than Jim.
entailment	Among Florence, Sandra and Harriet the saddest is Sandra.	Sandra is sadder than Florence.
entailment	Among Jennifer, Patricia and Virginia the dullest is Patricia.	Patricia is duller than Jennifer.
entailment	Among Linda, Eric and Patrick the oldest is Eric.	Eric is older than Linda.
entailment	Among Jessica, Leslie and Emma the longest is Leslie.	Leslie is longer than Jessica.
entailment	Among Katherine, Ralph and Frances the saddest is Ralph.	Ralph is sadder than Katherine.
entailment	Among Paul, Katie and Stephen the clumsiest is Katie.	Katie is clumsier than Paul.
entailment	Among Donna, Jill and Adam the shortest is Jill.	Jill is shorter than Donna.
entailment	Among Louise, Fred and Jane the most important is Fred.	Fred is more important than Louise.
entailment	Among Tim, Steven and Frederick the smartest is Steven.	Steven is smarter than Tim.
entailment	Among Richard, Sharon and Andrew the scariest is Sharon.	Sharon is scarier than Richard.
entailment	Among Sally, Edith and Barbara the laziest is Edith.	Edith is lazier than Sally.
entailment	Among Cynthia, Dorothy and Alfred the cleverest is Dorothy.	Dorothy is cleverer than Cynthia.
entailment	Among Jerry, Maria and Donald the gentlest is Maria.	Maria is gentler than Jerry.
entailment	Among Sarah, James and Jill the prettiest is James.	James is prettier than Sarah.
entailment	Among Christopher, Jack and Lisa the cutest is Jack.	Jack is cuter than Christopher.
entailment	Among Edith, Alex and Christine the saddest is Alex.	Alex is sadder than Edith.
entailment	Among Michelle, Steven and Dave the angriest is Steven.	Steven is angrier than Michelle.
entailment	Among Wendy, Jessica and Peter the smallest is Jessica.	Jessica is smaller than Wendy.
entailment	Among Diane, Bob and Sandra the most modern is Bob.	Bob is more modern than Diane.
entailment	Among Victoria, Christopher and Ruth the hottest is Christopher.	Christopher is hotter than Victoria.
entailment	Among Katie, Mike and Richard the fittest is Mike.	Mike is fitter than Katie.
entailment	Among Jonathan, Fred and Charlie the harshest is Fred.	Fred is harsher than Jonathan.
entailment	Among Pamela, Janet and Bruce the slowest is Janet.	Janet is slower than Pamela.
entailment	Among Albert, Chris and Adam the prettiest is Chris.	Chris is prettier than Albert.
entailment	Among Mike, Ben and Rebecca the sincerest is Ben.	Ben is sincerer than Mike.
entailment	Among Howard, Jeff and Harold the most popular is Jeff.	Jeff is more popular than Howard.
entailment	Among Ashley, Lauren and Carolyn the most beautiful is Lauren.	Lauren is more beautiful than Ashley.
entailment	Among Tony, Sarah and Patricia the dullest is Sarah.	Sarah is duller than Tony.
entailment	Among Eleanor, Ed and Benjamin the guiltiest is Ed.	Ed is guilter than Eleanor.
entailment	Among Frances, Fred and Colin the chubbiest is Fred.	Fred is chubbier than Frances.
entailment	Among Edwin, Janet and Christine the most renowned is Janet.	Janet is more renowned than Edwin.
entailment	Among Annie, Frances and Mark the poorest is Frances.	Frances is poorer than Annie.
entailment	Among Alice, Louis and Richard the best is Louis.	Louis is better than Alice.
entailment	Among Sharon, Jerry and Mark the most important is Jerry.	Jerry is more important than Sharon.
entailment	Among Matthew, Keith and Roger the prettiest is Keith.	Keith is prettier than Matthew.
entailment	Among Charlotte, Anna and Bruce the most tired is Anna.	Anna is more tired than Charlotte.
entailment	Among Rose, Diane and Leslie the ugliest is Diane.	Diane is uglier than Rose.
entailment	Among Jonathan, Sara and Caroline the saddest is Sara.	Sara is sadder than Jonathan.
entailment	Among Diane, Kathy and Colin the smartest is Kathy.	Kathy is smarter than Diane.
entailment	Among Ruth, Anne and Nick the firmest is Anne.	Anne is firmer than Ruth.
entailment	Among Arthur, Ian and Helen the busiest is Ian.	Ian is busier than Arthur.
entailment	Among Michelle, Scott and Jay the shyest is Scott.	Scott is shyer than Michelle.
entailment	Among Judy, Tim and Carolyn the wisest is Tim.	Tim is wiser than Judy.
entailment	Among Jill, David and Ellen the gentlest is David.	David is gentler than Jill.
entailment	Among James, William and Dick the clumsiest is William.	William is clumsier than James.
entailment	Among Emma, Florence and Donald the skinniest is Florence.	Florence is skinnier than Emma.
entailment	Among Susan, Harriet and Lynn the scariest is Harriet.	Harriet is scarier than Susan.
entailment	Among Donald, Karen and Mark the most handsome is Karen.	Karen is more handsome than Donald.
entailment	Among Robin, Henry and Jimmy the loveliest is Henry.	Henry is lovelier than Robin.
entailment	Among Sara, Tim and Samuel the busiest is Tim.	Tim is busier than Sara.
entailment	Among Sam, Simon and Larry the sleepiest is Simon.	Simon is sleepier than Sam.
entailment	Among Simon, Helen and Amy the messiest is Helen.	Helen is messier than Simon.
entailment	Among Cynthia, Florence and Mark the most renowned is Florence.	Florence is more renowned than Cynthia.
entailment	Among Frank, Amy and Lucy the shortest is Amy.	Amy is shorter than Frank.
entailment	Among Simon, Caroline and Jeff the craziest is Caroline.	Caroline is crazier than Simon.
entailment	Among Andrea, Richard and Betty the healthiest is Richard.	Richard is healthier than Andrea.
entailment	Among Jeff, Barbara and Martin the busiest is Barbara.	Barbara is busier than Jeff.
entailment	Among Annie, Carolyn and Harriet the healthiest is Carolyn.	Carolyn is healthier than Annie.
entailment	Among Alfred, Emma and Judith the fittest is Emma.	Emma is fitter than Alfred.
entailment	Among Leslie, Ruth and Arthur the rudest is Ruth.	Ruth is ruder than Leslie.
entailment	Among Carl, Thomas and Keith the boldest is Thomas.	Thomas is bolder than Carl.
entailment	Among Charlie, Caroline and Jimmy the bravest is Caroline.	Caroline is braver than Charlie.
entailment	Among Lynn, Cynthia and Albert the cruellest is Cynthia.	Cynthia is crueller than Lynn.
entailment	Among Elizabeth, Ian and Katherine the most handsome is Ian.	Ian is more handsome than Elizabeth.
entailment	Among Walter, Frederick and Albert the most important is Frederick.	Frederick is more important than Walter.
entailment	Among David, Jack and Rachel the most important is Jack.	Jack is more important than David.
entailment	Among Jennifer, Fiona and Jeff the scariest is Fiona.	Fiona is scarier than Jennifer.
entailment	Among Simon, Helen and Christine the funniest is Helen.	Helen is funnier than Simon.
entailment	Among Dave, Alice and Helen the naughtiest is Alice.	Alice is naughtier than Dave.
entailment	Among Ann, Lucy and Eric the slowest is Lucy.	Lucy is slower than Ann.
entailment	Among Judy, Adam and Nancy the sharpest is Adam.	Adam is sharper than Judy.
entailment	Among Carol, Laura and Steve the greatest is Laura.	Laura is greater than Carol.
entailment	Among Anthony, Bobby and Nick the proudest is Bobby.	Bobby is prouder than Anthony.
entailment	Among Nicole, Colin and Marie the shallowest is Colin.	Colin is shallower than Nicole.
entailment	Among Tom, Alexandra and Larry the cutest is Alexandra.	Alexandra is cuter than Tom.
entailment	Among Billy, Rachel and Stephanie the ugliest is Rachel.	Rachel is uglier than Billy.
entailment	Among Maria, Harry and Helen the classiest is Harry.	Harry is classier than Maria.
entailment	Among Jay, Carl and Jack the weakest is Carl.	Carl is weaker than Jay.
entailment	Among Andrea, Sue and Stephen the best is Sue.	Sue is better than Andrea.
entailment	Among Charlotte, Robert and Emily the chubbiest is Robert.	Robert is chubbier than Charlotte.
entailment	Among Dave, Tony and Helen the angriest is Tony.	Tony is angrier than Dave.
entailment	Among Anne, Martha and Keith the most popular is Martha.	Martha is more popular than Anne.
entailment	Among Matthew, John and Martha the rudest is John.	John is ruder than Matthew.
entailment	Among Judith, Kelly and Anne the oldest is Kelly.	Kelly is older than Judith.
entailment	Among Matthew, Mike and Jeff the tiniest is Mike.	Mike is tinier than Matthew.
entailment	Among Ashley, Linda and Leslie the greediest is Linda.	Linda is greedier than Ashley.
entailment	Among Deborah, Kathleen and Laura the happiest is Kathleen.	Kathleen is happier than Deborah.
entailment	Among Angela, Caroline and Susan the chubbiest is Caroline.	Caroline is chubbier than Angela.
entailment	Among Arthur, Thomas and Dick the busiest is Thomas.	Thomas is busier than Arthur.
entailment	Among Jean, Claire and Lucy the scariest is Claire.	Claire is scarier than Jean.
entailment	Among Judith, Amanda and Eric the brightest is Amanda.	Amanda is brighter than Judith.
entailment	Among Samuel, Annie and Robin the most modern is Annie.	Annie is more modern than Samuel.
entailment	Among Charles, Eric and Elizabeth the slimmest is Eric.	Eric is slimmer than Charles.
entailment	Among Kathleen, Jessica and Joseph the shallowest is Jessica.	Jessica is shallower than Kathleen.
entailment	Among Edith, Brian and Sandra the loveliest is Brian.	Brian is lovelier than Edith.
entailment	Among Katie, Alexander and Roy the guiltiest is Alexander.	Alexander is guilter than Katie.
entailment	Among Ed, Ralph and Ruth the healthiest is Ralph.	Ralph is healthier than Ed.
entailment	Among Virginia, Mary and Alfred the slowest is Mary.	Mary is slower than Virginia.
entailment	Among Christine, Katherine and Philip the ugliest is Katherine.	Katherine is uglier than Christine.
entailment	Among Ralph, Alexander and Sam the firmest is Alexander.	Alexander is firmer than Ralph.
entailment	Among Sophie, Deborah and Amanda the craziest is Deborah.	Deborah is crazier than Sophie.
entailment	Among Sophie, Sandra and Lisa the angriest is Sandra.	Sandra is angrier than Sophie.
entailment	Among Ed, Sara and Jean the gloomiest is Sara.	Sara is gloomier than Ed.
entailment	Among Peter, Amanda and Lucy the most renowned is Amanda.	Amanda is more renowned than Peter.
entailment	Among Bill, Alice and Edwin the sweetest is Alice.	Alice is sweeter than Bill.
entailment	Among Dave, Melissa and Michelle the oldest is Melissa.	Melissa is older than Dave.
entailment	Among Emily, Virginia and Rose the classiest is Virginia.	Virginia is classier than Emily.
entailment	Among Jill, Lynn and Diana the worst is Lynn.	Lynn is worse than Jill.
entailment	Among Jay, Emma and Howard the hairiest is Emma.	Emma is hairier than Jay.
entailment	Among Chris, Dan and Kevin the cruellest is Dan.	Dan is crueller than Chris.
entailment	Among Sandra, Sue and Stephen the boldest is Sue.	Sue is bolder than Sandra.
entailment	Among Johnny, Judy and Charlie the smallest is Judy.	Judy is smaller than Johnny.
entailment	Among Carol, Ian and Mike the funniest is Ian.	Ian is funnier than Carol.
entailment	Among Wendy, Sally and Jane the strongest is Sally.	Sally is stronger than Wendy.
entailment	Among Amanda, Ray and Andrea the proudest is Ray.	Ray is prouder than Amanda.
entailment	Among Alex, Louise and Rachel the thinnest is Louise.	Louise is thinner than Alex.
entailment	Among Scott, Carolyn and Brian the grossest is Carolyn.	Carolyn is grosser than Scott.
entailment	Among Ryan, Emily and Evelyn the quietest is Emily.	Emily is quieter than Ryan.
entailment	Among Evelyn, Virginia and Christopher the fattest is Virginia.	Virginia is fatter than Evelyn.
entailment	Among Catherine, Leslie and Edith the fastest is Leslie.	Leslie is faster than Catherine.
entailment	Among Alice, Rachel and Cynthia the silliest is Rachel.	Rachel is sillier than Alice.
entailment	Among Kelly, Edith and Jim the loudest is Edith.	Edith is louder than Kelly.
entailment	Among Thomas, Daniel and Henry the longest is Daniel.	Daniel is longer than Thomas.
entailment	Among Kathleen, Sophie and Sam the dumbest is Sophie.	Sophie is dumber than Kathleen.
entailment	Among Mary, George and Marilyn the skinniest is George.	George is skinnier than Mary.
entailment	Among Al, Mike and Ian the most popular is Mike.	Mike is more popular than Al.
entailment	Among Bill, Victoria and Emma the fittest is Victoria.	Victoria is fitter than Bill.
entailment	Among Katherine, Ken and Jim the most important is Ken.	Ken is more important than Katherine.
entailment	Among Tony, Christine and Jim the smartest is Christine.	Christine is smarter than Tony.
entailment	Among Lauren, Steven and Bob the fairest is Steven.	Steven is fairer than Lauren.
entailment	Among Robin, Dick and Angela the healthiest is Dick.	Dick is healthier than Robin.
entailment	Among Rose, Marilyn and Mark the hottest is Marilyn.	Marilyn is hotter than Rose.
entailment	Among Kenneth, Ruth and Judy the cutest is Ruth.	Ruth is cuter than Kenneth.
entailment	Among Virginia, Jim and Karen the sweetest is Jim.	Jim is sweeter than Virginia.
entailment	Among Walter, Pamela and Elaine the tallest is Pamela.	Pamela is taller than Walter.
entailment	Among Florence, Deborah and Anne the classiest is Deborah.	Deborah is classier than Florence.
entailment	Among Arthur, Florence and Philip the prettiest is Florence.	Florence is prettier than Arthur.
entailment	Among Louis, Henry and David the fittest is Henry.	Henry is fitter than Louis.
entailment	Among Simon, Kelly and Bobby the sweetest is Kelly.	Kelly is sweeter than Simon.
entailment	Among Eric, Hugh and Carl the poorest is Hugh.	Hugh is poorer than Eric.
entailment	Among Judy, Patrick and Eleanor the best is Patrick.	Patrick is better than Judy.
entailment	Among Laura, Wendy and Tim the grossest is Wendy.	Wendy is grosser than Laura.
entailment	Among Sue, Gary and Annie the best is Gary.	Gary is better than Sue.
entailment	Among Sara, Catherine and Jack the guiltiest is Catherine.	Catherine is guilter than Sara.
entailment	Among Tony, Robin and Hugh the shortest is Robin.	Robin is shorter than Tony.
entailment	Among Hugh, Sharon and Suzanne the strongest is Sharon.	Sharon is stronger than Hugh.
entailment	Among Lucy, Sharon and Jim the sharpest is Sharon.	Sharon is sharper than Lucy.
entailment	Among Patrick, Donald and Florence the guiltiest is Donald.	Donald is guilter than Patrick.
entailment	Among Heather, Christopher and Elizabeth the healthiest is Christopher.	Christopher is healthier than Heather.
entailment	Among Lauren, Diane and Joseph the saltiest is Diane.	Diane is saltier than Lauren.
entailment	Among Kathleen, Hugh and Lucy the most important is Hugh.	Hugh is more important than Kathleen.
entailment	Among Lawrence, Walter and Patrick the fittest is Walter.	Walter is fitter than Lawrence.
entailment	Among Jim, Jason and Charlotte the clumsiest is Jason.	Jason is clumsier than Jim.
entailment	Among Frederick, Dick and Claire the densest is Dick.	Dick is denser than Frederick.
entailment	Among Ellen, Carolyn and Martha the longest is Carolyn.	Carolyn is longer than Ellen.
entailment	Among Lucy, Harry and Jack the weirdest is Harry.	Harry is weirder than Lucy.
entailment	Among Christopher, Frederick and Mary the sweetest is Frederick.	Frederick is sweeter than Christopher.
entailment	Among Sara, Jane and Judy the most tired is Jane.	Jane is more tired than Sara.
entailment	Among Jim, Ray and Stephen the most handsome is Ray.	Ray is more handsome than Jim.
entailment	Among Lucy, Heather and Bob the cruellest is Heather.	Heather is crueller than Lucy.
entailment	Among Joseph, Mark and Don the ugliest is Mark.	Mark is uglier than Joseph.
entailment	Among Robert, Joan and Kathy the saltiest is Joan.	Joan is saltier than Robert.
entailment	Among Johnny, Leslie and Lauren the saddest is Leslie.	Leslie is sadder than Johnny.
entailment	Among Colin, Amy and Steve the hairiest is Amy.	Amy is hairier than Colin.
entailment	Among Harry, Bill and Rose the classiest is Bill.	Bill is classier than Harry.
entailment	Among Alexander, Leslie and Carl the healthiest is Leslie.	Leslie is healthier than Alexander.
entailment	Among Ray, Julia and Carl the creepiest is Julia.	Julia is creepier than Ray.
entailment	Among Jerry, Dave and Mary the most beautiful is Dave.	Dave is more beautiful than Jerry.
entailment	Among Sam, Kevin and Frank the sharpest is Kevin.	Kevin is sharper than Sam.
entailment	Among Jerry, Julie and Deborah the poorest is Julie.	Julie is poorer than Jerry.
entailment	Among Elizabeth, Karen and Jennifer the hungriest is Karen.	Karen is hungrier than Elizabeth.
entailment	Among Tom, Eleanor and Wendy the humblest is Eleanor.	Eleanor is humbler than Tom.
entailment	Among Howard, Ken and Helen the silliest is Ken.	Ken is sillier than Howard.
entailment	Among Francis, Larry and Laura the best is Larry.	Larry is better than Francis.
entailment	Among Ralph, Elaine and Jimmy the firmest is Elaine.	Elaine is firmer than Ralph.
entailment	Among Kathleen, Jane and Al the saltiest is Jane.	Jane is saltier than Kathleen.
entailment	Among Ellen, Hugh and Tim the most polite is Hugh.	Hugh is more polite than Ellen.
entailment	Among Ann, Jay and Johnny the ugliest is Jay.	Jay is uglier than Ann.
entailment	Among Diana, Edith and Elaine the politest is Edith.	Edith is politer than Diana.
entailment	Among Lucy, Florence and Bob the toughest is Florence.	Florence is tougher than Lucy.
entailment	Among Mike, Scott and Edith the angriest is Scott.	Scott is angrier than Mike.
entailment	Among Angela, Michelle and Melissa the fittest is Michelle.	Michelle is fitter than Angela.
entailment	Among Daniel, Peter and Wendy the strongest is Peter.	Peter is stronger than Daniel.
entailment	Among Dorothy, Bob and Carl the wisest is Bob.	Bob is wiser than Dorothy.
entailment	Among Cynthia, Jay and Jennifer the harshest is Jay.	Jay is harsher than Cynthia.
entailment	Among Marilyn, Louis and Hugh the calmest is Louis.	Louis is calmer than Marilyn.
entailment	Among Alan, Katie and Albert the biggest is Katie.	Katie is bigger than Alan.
entailment	Among Karen, Lawrence and Heather the most bitter is Lawrence.	Lawrence is more bitter than Karen.
entailment	Among Philip, Laura and Hugh the weakest is Laura.	Laura is weaker than Philip.
entailment	Among Colin, Tony and Mark the oldest is Tony.	Tony is older than Colin.
entailment	Among Diane, Albert and Harry the calmest is Albert.	Albert is calmer than Diane.
entailment	Among Martin, Kevin and Roy the cleverest is Kevin.	Kevin is cleverer than Martin.
entailment	Among Fred, George and Greg the dumbest is George.	George is dumber than Fred.
entailment	Among Alice, Grace and Steven the bravest is Grace.	Grace is braver than Alice.
entailment	Among Dorothy, Simon and Melissa the boldest is Simon.	Simon is bolder than Dorothy.
entailment	Among Janet, Carol and Evelyn the humblest is Carol.	Carol is humbler than Janet.
entailment	Among Jonathan, Lucy and Laura the loudest is Lucy.	Lucy is louder than Jonathan.
entailment	Among Alexander, Bruce and John the prettiest is Bruce.	Bruce is prettier than Alexander.
entailment	Among Ryan, Emma and Stephen the poorest is Emma.	Emma is poorer than Ryan.
entailment	Among Nicole, Jonathan and Claire the most polite is Jonathan.	Jonathan is more polite than Nicole.
entailment	Among Bobby, Ryan and Barbara the most tired is Ryan.	Ryan is more tired than Bobby.
entailment	Among Scott, Alexander and Claire the longest is Alexander.	Alexander is longer than Scott.
entailment	Among Arthur, Jay and Alex the loneliest is Jay.	Jay is lonlier than Arthur.
entailment	Among Jason, Edwin and Ben the scariest is Edwin.	Edwin is scarier than Jason.
entailment	Among Jerry, Hugh and Fiona the angriest is Hugh.	Hugh is angrier than Jerry.
entailment	Among Tim, Howard and Steven the clumsiest is Howard.	Howard is clumsier than Tim.
entailment	Among Sue, Rose and Carolyn the laziest is Rose.	Rose is lazier than Sue.
entailment	Among Joan, Charles and Robert the loneliest is Charles.	Charles is lonlier than Joan.
entailment	Among George, Jerry and Wendy the firmest is Jerry.	Jerry is firmer than George.
entailment	Among Bobby, Ian and Frank the slowest is Ian.	Ian is slower than Bobby.
entailment	Among Elizabeth, Bobby and James the skinniest is Bobby.	Bobby is skinnier than Elizabeth.
entailment	Among Sandra, Betty and Julie the fairest is Betty.	Betty is fairer than Sandra.
entailment	Among Albert, Angela and Mary the saltiest is Angela.	Angela is saltier than Albert.
entailment	Among Kelly, Elaine and Ian the sleepiest is Elaine.	Elaine is sleepier than Kelly.
entailment	Among Albert, Alexander and Edward the humblest is Alexander.	Alexander is humbler than Albert.
entailment	Among Tom, Steve and Melissa the most polite is Steve.	Steve is more polite than Tom.
entailment	Among Greg, Robert and Ann the fattest is Robert.	Robert is fatter than Greg.
entailment	Among Stephen, Arthur and Marie the loudest is Arthur.	Arthur is louder than Stephen.
entailment	Among Johnny, Eric and Arthur the worst is Eric.	Eric is worse than Johnny.
entailment	Among Florence, Ruth and Helen the shyest is Ruth.	Ruth is shyer than Florence.
entailment	Among Martha, Andrew and Tony the poorest is Andrew.	Andrew is poorer than Martha.
entailment	Among Kathy, Ray and Tony the strongest is Ray.	Ray is stronger than Kathy.
entailment	Among Billy, Patrick and Nicole the noisiest is Patrick.	Patrick is noisier than Billy.
entailment	Among Rose, Donna and Jill the prettiest is Donna.	Donna is prettier than Rose.
entailment	Among Laura, Jason and Charlie the most clever is Jason.	Jason is more clever than Laura.
entailment	Among Harry, Gary and Donald the most important is Gary.	Gary is more important than Harry.
entailment	Among Anthony, Melissa and Kenneth the politest is Melissa.	Melissa is politer than Anthony.
entailment	Among Barbara, Ken and Mary the sharpest is Ken.	Ken is sharper than Barbara.
entailment	Among Deborah, Annie and Gary the youngest is Annie.	Annie is younger than Deborah.
entailment	Among John, Sara and Martin the youngest is Sara.	Sara is younger than John.
entailment	Among Angela, Jeff and Bobby the guiltiest is Jeff.	Jeff is guilter than Angela.
entailment	Among Sandra, Ann and Kathleen the wealthiest is Ann.	Ann is wealthier than Sandra.
entailment	Among Ralph, Jeff and Eric the best is Jeff.	Jeff is better than Ralph.
entailment	Among Jill, Chris and Kathryn the most modern is Chris.	Chris is more modern than Jill.
entailment	Among Matthew, Fred and Ruth the dullest is Fred.	Fred is duller than Matthew.
entailment	Among Jessica, Ben and Tom the most modern is Ben.	Ben is more modern than Jessica.
entailment	Among Hugh, Linda and Paul the brightest is Linda.	Linda is brighter than Hugh.
entailment	Among Kevin, Kenneth and Nicole the grossest is Kenneth.	Kenneth is grosser than Kevin.
entailment	Among Francis, Alexandra and Caroline the worst is Alexandra.	Alexandra is worse than Francis.
entailment	Among Kelly, Roger and Mark the politest is Roger.	Roger is politer than Kelly.
entailment	Among Jill, Jean and Kelly the wealthiest is Jean.	Jean is wealthier than Jill.
entailment	Among Mary, Gary and Paul the politest is Gary.	Gary is politer than Mary.
entailment	Among Melissa, Thomas and Bruce the most polite is Thomas.	Thomas is more polite than Melissa.
entailment	Among Kevin, Jimmy and Eric the scariest is Jimmy.	Jimmy is scarier than Kevin.
entailment	Among Simon, Jerry and Rose the hungriest is Jerry.	Jerry is hungrier than Simon.
entailment	Among William, Jessica and Ryan the saltiest is Jessica.	Jessica is saltier than William.
entailment	Among Lucy, John and Ralph the most renowned is John.	John is more renowned than Lucy.
entailment	Among Lauren, Bill and Nick the shyest is Bill.	Bill is shyer than Lauren.
entailment	Among Charlotte, Catherine and Albert the nicest is Catherine.	Catherine is nicer than Charlotte.
entailment	Among Jerry, Johnny and Wendy the most attractive is Johnny.	Johnny is more attractive than Jerry.
entailment	Among Jack, Stephanie and Joan the nicest is Stephanie.	Stephanie is nicer than Jack.
entailment	Among Brian, Patricia and Suzanne the dumbest is Patricia.	Patricia is dumber than Brian.
entailment	Among Eric, Peter and Walter the weakest is Peter.	Peter is weaker than Eric.
entailment	Among Betty, Frank and Brian the funniest is Frank.	Frank is funnier than Betty.
entailment	Among Henry, Lynn and Joseph the proudest is Lynn.	Lynn is prouder than Henry.
entailment	Among Heather, Roger and Kate the humblest is Roger.	Roger is humbler than Heather.
entailment	Among Alexander, Greg and Joe the worst is Greg.	Greg is worse than Alexander.
entailment	Among Jason, Tom and Matthew the loveliest is Tom.	Tom is lovelier than Jason.
entailment	Among Lawrence, Tony and Fred the cleverest is Tony.	Tony is cleverer than Lawrence.
entailment	Among Sam, Lauren and Jerry the most polite is Lauren.	Lauren is more polite than Sam.
entailment	Among Emma, Patricia and Cynthia the dullest is Patricia.	Patricia is duller than Emma.
entailment	Among Frederick, Bill and Emma the loudest is Bill.	Bill is louder than Frederick.
entailment	Among Judith, Harriet and Carolyn the densest is Harriet.	Harriet is denser than Judith.
entailment	Among Samuel, Lucy and Lauren the fattest is Lucy.	Lucy is fatter than Samuel.
entailment	Among Steve, Emma and Frederick the fastest is Emma.	Emma is faster than Steve.
entailment	Among Fred, Robert and Nancy the fittest is Robert.	Robert is fitter than Fred.
entailment	Among Kathryn, Steven and Kevin the slowest is Steven.	Steven is slower than Kathryn.
entailment	Among Lawrence, Nicole and Rebecca the messiest is Nicole.	Nicole is messier than Lawrence.
entailment	Among Gary, Jill and Roger the most clever is Jill.	Jill is more clever than Gary.
entailment	Among Alison, Sandra and Carol the creepiest is Sandra.	Sandra is creepier than Alison.
entailment	Among Rachel, Caroline and Evelyn the most tired is Caroline.	Caroline is more tired than Rachel.
entailment	Among Sandra, Elaine and Fiona the smallest is Elaine.	Elaine is smaller than Sandra.
entailment	Among Tony, Louise and Diane the busiest is Louise.	Louise is busier than Tony.
entailment	Among Linda, Jean and Heather the skinniest is Jean.	Jean is skinnier than Linda.
entailment	Among Louis, Jane and Ralph the toughest is Jane.	Jane is tougher than Louis.
entailment	Among Evelyn, Alan and Richard the quietest is Alan.	Alan is quieter than Evelyn.
entailment	Among Harold, Louise and Mary the clumsiest is Louise.	Louise is clumsier than Harold.
entailment	Among Stephen, Annie and Rachel the happiest is Annie.	Annie is happier than Stephen.
entailment	Among Kathleen, Roy and Ron the hairiest is Roy.	Roy is hairier than Kathleen.
entailment	Among Steve, Brian and Katherine the skinniest is Brian.	Brian is skinnier than Steve.
entailment	Among Benjamin, Victoria and Michelle the gloomiest is Victoria.	Victoria is gloomier than Benjamin.
entailment	Among Anne, George and Eric the greatest is George.	George is greater than Anne.
entailment	Among Jane, Jill and Joseph the sharpest is Jill.	Jill is sharper than Jane.
entailment	Among David, Ray and Ryan the fittest is Ray.	Ray is fitter than David.
entailment	Among Charlotte, Louise and Stephen the skinniest is Louise.	Louise is skinnier than Charlotte.
entailment	Among Albert, Lisa and Bill the happiest is Lisa.	Lisa is happier than Albert.
entailment	Among Fred, Ron and Paul the angriest is Ron.	Ron is angrier than Fred.
entailment	Among Jean, Matt and Victoria the noisiest is Matt.	Matt is noisier than Jean.
entailment	Among Helen, Ben and David the happiest is Ben.	Ben is happier than Helen.
entailment	Among Stephen, Rachel and Maria the fattest is Rachel.	Rachel is fatter than Stephen.
entailment	Among Ann, Ben and Barbara the prettiest is Ben.	Ben is prettier than Ann.
entailment	Among Alexandra, Laura and Fiona the smartest is Laura.	Laura is smarter than Alexandra.
entailment	Among Evelyn, Jeff and Hugh the sincerest is Jeff.	Jeff is sincerer than Evelyn.
entailment	Among Kathy, Betty and Michael the messiest is Betty.	Betty is messier than Kathy.
entailment	Among Chris, Bruce and Karen the tallest is Bruce.	Bruce is taller than Chris.
entailment	Among Amanda, Nick and Diane the angriest is Nick.	Nick is angrier than Amanda.
entailment	Among Fred, Bruce and Angela the hairiest is Bruce.	Bruce is hairier than Fred.
entailment	Among Jeff, Bruce and Caroline the sweetest is Bruce.	Bruce is sweeter than Jeff.
entailment	Among Gary, Kathryn and Diana the saddest is Kathryn.	Kathryn is sadder than Gary.
entailment	Among Catherine, Virginia and Dick the healthiest is Virginia.	Virginia is healthier than Catherine.
entailment	Among Adam, Eleanor and Amanda the cleverest is Eleanor.	Eleanor is cleverer than Adam.
entailment	Among Jason, Kathryn and Janet the sincerest is Kathryn.	Kathryn is sincerer than Jason.
entailment	Among Stephen, Catherine and Lawrence the most renowned is Catherine.	Catherine is more renowned than Stephen.
entailment	Among Sam, James and Peter the angriest is James.	James is angrier than Sam.
entailment	Among Benjamin, Anthony and Suzanne the chubbiest is Anthony.	Anthony is chubbier than Benjamin.
entailment	Among Sarah, Patrick and Donna the harshest is Patrick.	Patrick is harsher than Sarah.
entailment	Among Robert, Andrea and Dick the funniest is Andrea.	Andrea is funnier than Robert.
entailment	Among Adam, Dave and Tim the most interesting is Dave.	Dave is more interesting than Adam.
entailment	Among Christopher, Katherine and Steve the slimmest is Katherine.	Katherine is slimmer than Christopher.
entailment	Among Rose, Ryan and Alexander the boldest is Ryan.	Ryan is bolder than Rose.
entailment	Among Bruce, Tony and Steve the hairiest is Tony.	Tony is hairier than Bruce.
entailment	Among Ryan, Dick and Peter the politest is Dick.	Dick is politer than Ryan.
entailment	Among Diane, Sarah and Keith the harshest is Sarah.	Sarah is harsher than Diane.
entailment	Among Kim, Melissa and Sam the greatest is Melissa.	Melissa is greater than Kim.
entailment	Among Kathy, Rose and Thomas the most attractive is Rose.	Rose is more attractive than Kathy.
entailment	Among Ralph, Jennifer and Stephanie the most popular is Jennifer.	Jennifer is more popular than Ralph.
entailment	Among Jim, John and Sandra the sweetest is John.	John is sweeter than Jim.
entailment	Among Ellen, Charlotte and Fiona the sincerest is Charlotte.	Charlotte is sincerer than Ellen.
entailment	Among Jane, Bobby and James the scariest is Bobby.	Bobby is scarier than Jane.
entailment	Among Lynn, Al and Jay the classiest is Al.	Al is classier than Lynn.
entailment	Among Alice, Caroline and Roger the sleepiest is Caroline.	Caroline is sleepier than Alice.
entailment	Among Gary, Jennifer and Ruth the scariest is Jennifer.	Jennifer is scarier than Gary.
entailment	Among Sandra, Henry and Larry the skinniest is Henry.	Henry is skinnier than Sandra.
entailment	Among Claire, Ian and Joe the greediest is Ian.	Ian is greedier than Claire.
entailment	Among Sally, Dave and Susan the sincerest is Dave.	Dave is sincerer than Sally.
entailment	Among Ryan, Cynthia and Frank the laziest is Cynthia.	Cynthia is lazier than Ryan.
entailment	Among Wendy, Harry and Jack the most popular is Harry.	Harry is more popular than Wendy.
entailment	Among Nicole, Laura and Martha the wisest is Laura.	Laura is wiser than Nicole.
entailment	Among Dan, William and Paul the most important is William.	William is more important than Dan.
entailment	Among Karen, Julia and Louise the smallest is Julia.	Julia is smaller than Karen.
entailment	Among Sandra, Pamela and Catherine the creepiest is Pamela.	Pamela is creepier than Sandra.
entailment	Among Jason, Jack and Alice the shyest is Jack.	Jack is shyer than Jason.
entailment	Among Lisa, John and Christopher the saltiest is John.	John is saltier than Lisa.
entailment	Among Brian, Nicole and Wendy the tiniest is Nicole.	Nicole is tinier than Brian.
entailment	Among Emily, Jay and Tim the most tired is Jay.	Jay is more tired than Emily.
entailment	Among Carolyn, Lisa and Alice the slowest is Lisa.	Lisa is slower than Carolyn.
entailment	Among Jessica, Howard and Ashley the most beautiful is Howard.	Howard is more beautiful than Jessica.
entailment	Among Sally, Hugh and Billy the hungriest is Hugh.	Hugh is hungrier than Sally.
entailment	Among Samuel, Jean and Alexander the greediest is Jean.	Jean is greedier than Samuel.
entailment	Among Virginia, Ralph and Julia the hungriest is Ralph.	Ralph is hungrier than Virginia.
entailment	Among Ray, Diane and Kelly the funniest is Diane.	Diane is funnier than Ray.
entailment	Among Tim, Simon and Ian the toughest is Simon.	Simon is tougher than Tim.
entailment	Among Anne, Rebecca and Daniel the busiest is Rebecca.	Rebecca is busier than Anne.
entailment	Among Jessica, Alison and Bruce the friendliest is Alison.	Alison is friendlier than Jessica.
entailment	Among Grace, Janet and Cynthia the noisiest is Janet.	Janet is noisier than Grace.
entailment	Among Rose, Evelyn and Jack the angriest is Evelyn.	Evelyn is angrier than Rose.
entailment	Among Dick, David and Carol the most handsome is David.	David is more handsome than Dick.
entailment	Among Ron, Helen and Matthew the longest is Helen.	Helen is longer than Ron.
entailment	Among Jay, Joan and Anthony the happiest is Joan.	Joan is happier than Jay.
entailment	Among Jennifer, Anthony and Stephen the humblest is Anthony.	Anthony is humbler than Jennifer.
entailment	Among Diane, David and Sophie the saltiest is David.	David is saltier than Diane.
entailment	Among Mark, George and Ron the gloomiest is George.	George is gloomier than Mark.
entailment	Among Bruce, Rachel and Margaret the smartest is Rachel.	Rachel is smarter than Bruce.
entailment	Among Michael, Kim and Paul the most tired is Kim.	Kim is more tired than Michael.
entailment	Among Victoria, Ruth and Jack the poorest is Ruth.	Ruth is poorer than Victoria.
entailment	Among Jessica, Ryan and Wendy the clumsiest is Ryan.	Ryan is clumsier than Jessica.
entailment	Among Edwin, Ken and Julie the funniest is Ken.	Ken is funnier than Edwin.
entailment	Among Tony, James and Al the hairiest is James.	James is hairier than Tony.
entailment	Among Ellen, Melissa and Robert the greatest is Melissa.	Melissa is greater than Ellen.
entailment	Among Claire, Anne and Mary the healthiest is Anne.	Anne is healthier than Claire.
entailment	Among Rebecca, John and Lucy the poorest is John.	John is poorer than Rebecca.
entailment	Among Bill, Donna and Kathleen the ugliest is Donna.	Donna is uglier than Bill.
entailment	Among Sharon, Jeff and Howard the slimmest is Jeff.	Jeff is slimmer than Sharon.
entailment	Among Jane, Wendy and Janet the gentlest is Wendy.	Wendy is gentler than Jane.
entailment	Among Tony, Mary and Harriet the brightest is Mary.	Mary is brighter than Tony.
entailment	Among Andrew, Dorothy and Louise the hairiest is Dorothy.	Dorothy is hairier than Andrew.
entailment	Among Donald, Lisa and Louise the harshest is Lisa.	Lisa is harsher than Donald.
entailment	Among Gary, Carolyn and Roy the most tired is Carolyn.	Carolyn is more tired than Gary.
entailment	Among Peter, Barbara and Fiona the boldest is Barbara.	Barbara is bolder than Peter.
entailment	Among Karen, Judith and Carl the densest is Judith.	Judith is denser than Karen.
entailment	Among Larry, Sharon and Donald the sincerest is Sharon.	Sharon is sincerer than Larry.
entailment	Among Brian, Eric and Frank the boldest is Eric.	Eric is bolder than Brian.
entailment	Among Jeff, Alex and Lucy the oldest is Alex.	Alex is older than Jeff.
entailment	Among Kathy, Annie and George the weirdest is Annie.	Annie is weirder than Kathy.
entailment	Among Mary, George and Samuel the healthiest is George.	George is healthier than Mary.
entailment	Among Donna, Jack and Anna the most polite is Jack.	Jack is more polite than Donna.
entailment	Among Harriet, Mike and Evelyn the fattest is Mike.	Mike is fatter than Harriet.
entailment	Among Sharon, Harriet and Kelly the shyest is Harriet.	Harriet is shyer than Sharon.
entailment	Among Jane, Jason and Sam the best is Jason.	Jason is better than Jane.
entailment	Among Paul, Joseph and Sarah the sharpest is Joseph.	Joseph is sharper than Paul.
entailment	Among Tom, Billy and Philip the loneliest is Billy.	Billy is lonlier than Tom.
entailment	Among Samuel, Stephen and Jennifer the messiest is Stephen.	Stephen is messier than Samuel.
entailment	Among Lynn, Patrick and Peter the grossest is Patrick.	Patrick is grosser than Lynn.
entailment	Among Carol, Ryan and George the curviest is Ryan.	Ryan is curvier than Carol.
entailment	Among Judith, Brian and Frederick the smartest is Brian.	Brian is smarter than Judith.
entailment	Among Kenneth, Ron and Ed the fastest is Ron.	Ron is faster than Kenneth.
entailment	Among James, Annie and Al the loudest is Annie.	Annie is louder than James.
entailment	Among Ellen, Nancy and Jill the slowest is Nancy.	Nancy is slower than Ellen.
entailment	Among Alexandra, Marie and Christine the proudest is Marie.	Marie is prouder than Alexandra.
entailment	Among Donna, Suzanne and Tony the smallest is Suzanne.	Suzanne is smaller than Donna.
entailment	Among Nick, Kenneth and Ruth the guiltiest is Kenneth.	Kenneth is guilter than Nick.
entailment	Among Don, Joan and Julia the healthiest is Joan.	Joan is healthier than Don.
entailment	Among Jeff, Donald and Charlie the loveliest is Donald.	Donald is lovelier than Jeff.
entailment	Among Leslie, Tim and Louise the richest is Tim.	Tim is richer than Leslie.
entailment	Among Dan, Mark and Evelyn the fattest is Mark.	Mark is fatter than Dan.
entailment	Among Fred, Patrick and Florence the clumsiest is Patrick.	Patrick is clumsier than Fred.
entailment	Among John, Tom and Wendy the thinnest is Tom.	Tom is thinner than John.
entailment	Among Ben, Michael and Jimmy the rudest is Michael.	Michael is ruder than Ben.
entailment	Among Amy, Frederick and Benjamin the weakest is Frederick.	Frederick is weaker than Amy.
entailment	Among Bruce, Samuel and Pamela the strongest is Samuel.	Samuel is stronger than Bruce.
entailment	Among Julie, Evelyn and Kenneth the laziest is Evelyn.	Evelyn is lazier than Julie.
entailment	Among Jennifer, Ed and Jean the busiest is Ed.	Ed is busier than Jennifer.
entailment	Among Virginia, Martha and Lynn the wisest is Martha.	Martha is wiser than Virginia.
entailment	Among Ellen, Judy and Alfred the sleepiest is Judy.	Judy is sleepier than Ellen.
entailment	Among Chris, Walter and Stephen the sharpest is Walter.	Walter is sharper than Chris.
entailment	Among Ruth, Alex and Mark the cutest is Alex.	Alex is cuter than Ruth.
entailment	Among Greg, Jay and Julie the most polite is Jay.	Jay is more polite than Greg.
entailment	Among Cynthia, Jack and Katie the shallowest is Jack.	Jack is shallower than Cynthia.
entailment	Among Ruth, Bobby and Martin the happiest is Bobby.	Bobby is happier than Ruth.
entailment	Among Jimmy, Kathy and Judith the craziest is Kathy.	Kathy is crazier than Jimmy.
entailment	Among Keith, Ashley and Janet the most interesting is Ashley.	Ashley is more interesting than Keith.
entailment	Among Adam, Frances and Jennifer the fastest is Frances.	Frances is faster than Adam.
entailment	Among Alice, Nick and Anthony the oldest is Nick.	Nick is older than Alice.
entailment	Among Louis, Elizabeth and Larry the healthiest is Elizabeth.	Elizabeth is healthier than Louis.
entailment	Among Rebecca, Lauren and Nick the classiest is Lauren.	Lauren is classier than Rebecca.
entailment	Among Gary, Benjamin and Robin the slowest is Benjamin.	Benjamin is slower than Gary.
entailment	Among Arthur, Rose and Cynthia the dumbest is Rose.	Rose is dumber than Arthur.
entailment	Among Rachel, Deborah and Ron the craziest is Deborah.	Deborah is crazier than Rachel.
entailment	Among Fred, Leslie and Carol the firmest is Leslie.	Leslie is firmer than Fred.
entailment	Among Nick, Kate and Marie the hairiest is Kate.	Kate is hairier than Nick.
entailment	Among Edward, Jack and Joseph the firmest is Jack.	Jack is firmer than Edward.
entailment	Among Frederick, Daniel and Joe the most handsome is Daniel.	Daniel is more handsome than Frederick.
entailment	Among Katie, Jill and Laura the fastest is Jill.	Jill is faster than Katie.
entailment	Among Brian, Ken and Emily the weirdest is Ken.	Ken is weirder than Brian.
entailment	Among Jack, Deborah and Elizabeth the scariest is Deborah.	Deborah is scarier than Jack.
entailment	Among Elizabeth, Nancy and Margaret the cleverest is Nancy.	Nancy is cleverer than Elizabeth.
entailment	Among Ron, Kenneth and Benjamin the longest is Kenneth.	Kenneth is longer than Ron.
entailment	Among Lisa, Bobby and Robert the smallest is Bobby.	Bobby is smaller than Lisa.
entailment	Among Adam, Jennifer and Annie the cleverest is Jennifer.	Jennifer is cleverer than Adam.
entailment	Among Roy, Wendy and Louis the fastest is Wendy.	Wendy is faster than Roy.
entailment	Among Rose, Bob and Steve the most popular is Bob.	Bob is more popular than Rose.
entailment	Among Jimmy, Ann and Helen the grossest is Ann.	Ann is grosser than Jimmy.
entailment	Among Jerry, Paul and Frank the tallest is Paul.	Paul is taller than Jerry.
entailment	Among Michelle, Ray and Pamela the busiest is Ray.	Ray is busier than Michelle.
entailment	Among Emily, Judith and Bill the best is Judith.	Judith is better than Emily.
entailment	Among Donald, Jane and Sandra the firmest is Jane.	Jane is firmer than Donald.
entailment	Among Gary, Sandra and Donald the gloomiest is Sandra.	Sandra is gloomier than Gary.
entailment	Among Ron, Kim and Tony the hottest is Kim.	Kim is hotter than Ron.
entailment	Among Charles, Albert and Maria the happiest is Albert.	Albert is happier than Charles.
entailment	Among Catherine, Kim and Melissa the loveliest is Kim.	Kim is lovelier than Catherine.
entailment	Among Gary, Adam and Dick the youngest is Adam.	Adam is younger than Gary.
entailment	Among Bob, Diane and Tim the fastest is Diane.	Diane is faster than Bob.
entailment	Among Tony, Judith and Francis the calmest is Judith.	Judith is calmer than Tony.
entailment	Among Anna, Leslie and Louis the poorest is Leslie.	Leslie is poorer than Anna.
entailment	Among Jim, Evelyn and Diana the skinniest is Evelyn.	Evelyn is skinnier than Jim.
entailment	Among Michael, Jeff and Ben the best is Jeff.	Jeff is better than Michael.
entailment	Among Joseph, Jennifer and Harold the clumsiest is Jennifer.	Jennifer is clumsier than Joseph.
entailment	Among Virginia, James and Chris the harshest is James.	James is harsher than Virginia.
entailment	Among Lisa, Ian and Suzanne the calmest is Ian.	Ian is calmer than Lisa.
entailment	Among Donna, Kathleen and George the most renowned is Kathleen.	Kathleen is more renowned than Donna.
entailment	Among Anna, Ben and Joe the richest is Ben.	Ben is richer than Anna.
entailment	Among Benjamin, Don and Wendy the sharpest is Don.	Don is sharper than Benjamin.
entailment	Among Kathryn, Roger and Greg the nicest is Roger.	Roger is nicer than Kathryn.
entailment	Among Brian, Thomas and Billy the fittest is Thomas.	Thomas is fitter than Brian.
entailment	Among Thomas, Maria and Edith the sleepiest is Maria.	Maria is sleepier than Thomas.
entailment	Among Eleanor, Carolyn and James the nicest is Carolyn.	Carolyn is nicer than Eleanor.
entailment	Among Jonathan, Evelyn and Kelly the noisiest is Evelyn.	Evelyn is noisier than Jonathan.
entailment	Among Roger, Charles and Mary the densest is Charles.	Charles is denser than Roger.
entailment	Among Julia, Jimmy and Albert the strongest is Jimmy.	Jimmy is stronger than Julia.
entailment	Among Louis, Nick and Donald the slimmest is Nick.	Nick is slimmer than Louis.
entailment	Among Janet, Lawrence and Angela the craziest is Lawrence.	Lawrence is crazier than Janet.
entailment	Among Joseph, Anthony and William the wealthiest is Anthony.	Anthony is wealthier than Joseph.
entailment	Among Harriet, Dorothy and Robert the biggest is Dorothy.	Dorothy is bigger than Harriet.
entailment	Among Roger, Joseph and Paul the fastest is Joseph.	Joseph is faster than Roger.
entailment	Among Louis, Susan and Dave the cutest is Susan.	Susan is cuter than Louis.
entailment	Among Louis, Deborah and Sophie the wisest is Deborah.	Deborah is wiser than Louis.
entailment	Among Janet, Julie and Claire the saltiest is Julie.	Julie is saltier than Janet.
entailment	Among Jennifer, Ben and Alex the dullest is Ben.	Ben is duller than Jennifer.
entailment	Among Fred, Lisa and Ken the smallest is Lisa.	Lisa is smaller than Fred.
entailment	Among Nicole, Frederick and Matthew the craziest is Frederick.	Frederick is crazier than Nicole.
entailment	Among Heather, Sandra and Cynthia the greediest is Sandra.	Sandra is greedier than Heather.
entailment	Among Katie, Jimmy and Steve the most interesting is Jimmy.	Jimmy is more interesting than Katie.
entailment	Among Eric, Martha and Nancy the friendliest is Martha.	Martha is friendlier than Eric.
entailment	Among Florence, Jane and Mike the richest is Jane.	Jane is richer than Florence.
entailment	Among Richard, Eleanor and Don the tallest is Eleanor.	Eleanor is taller than Richard.
entailment	Among Tony, Simon and Samuel the kindest is Simon.	Simon is kinder than Tony.
entailment	Among Nick, Sally and Scott the bossiest is Sally.	Sally is bossier than Nick.
entailment	Among Joseph, Maria and Greg the slowest is Maria.	Maria is slower than Joseph.
entailment	Among Ruth, Dan and Ron the hungriest is Dan.	Dan is hungrier than Ruth.
entailment	Among Pamela, Arthur and Rebecca the fittest is Arthur.	Arthur is fitter than Pamela.
entailment	Among Marie, Jimmy and Kim the healthiest is Jimmy.	Jimmy is healthier than Marie.
entailment	Among Bill, Michael and Sophie the worst is Michael.	Michael is worse than Bill.
entailment	Among Emily, Leslie and Harry the laziest is Leslie.	Leslie is lazier than Emily.
entailment	Among Kathryn, Roger and Edwin the gentlest is Roger.	Roger is gentler than Kathryn.
entailment	Among Jack, Patrick and Alfred the fastest is Patrick.	Patrick is faster than Jack.
entailment	Among Louis, Billy and Charles the cutest is Billy.	Billy is cuter than Louis.
entailment	Among Johnny, Elaine and Ann the healthiest is Elaine.	Elaine is healthier than Johnny.
entailment	Among Judy, Walter and Fiona the fastest is Walter.	Walter is faster than Judy.
entailment	Among Matt, Heather and Eric the slimmest is Heather.	Heather is slimmer than Matt.
entailment	Among Eleanor, Alfred and Anthony the loudest is Alfred.	Alfred is louder than Eleanor.
entailment	Among George, Ruth and Stephen the loudest is Ruth.	Ruth is louder than George.
entailment	Among Stephanie, Lynn and Jason the greediest is Lynn.	Lynn is greedier than Stephanie.
entailment	Among Louise, Alan and Michelle the most important is Alan.	Alan is more important than Louise.
entailment	Among Eric, Carolyn and Roy the friendliest is Carolyn.	Carolyn is friendlier than Eric.
entailment	Among Melissa, Brian and Ralph the bossiest is Brian.	Brian is bossier than Melissa.
entailment	Among Don, Ryan and Alison the craziest is Ryan.	Ryan is crazier than Don.
entailment	Among Jerry, Don and Dorothy the smallest is Don.	Don is smaller than Jerry.
entailment	Among Jerry, Sue and Charlotte the politest is Sue.	Sue is politer than Jerry.
entailment	Among Billy, Susan and Carl the naughtiest is Susan.	Susan is naughtier than Billy.
entailment	Among Barbara, Kate and Virginia the ugliest is Kate.	Kate is uglier than Barbara.
entailment	Among Amanda, Frances and Dorothy the saltiest is Frances.	Frances is saltier than Amanda.
entailment	Among Melissa, Elaine and Elizabeth the quietest is Elaine.	Elaine is quieter than Melissa.
entailment	Among Lisa, Donna and Albert the dullest is Donna.	Donna is duller than Lisa.
entailment	Among Ruth, Nancy and Richard the gentlest is Nancy.	Nancy is gentler than Ruth.
entailment	Among Kevin, Harold and Andrea the gentlest is Harold.	Harold is gentler than Kevin.
entailment	Among Mary, Ashley and Anne the politest is Ashley.	Ashley is politer than Mary.
entailment	Among Deborah, Anna and Lynn the toughest is Anna.	Anna is tougher than Deborah.
entailment	Among Heather, Michelle and David the fattest is Michelle.	Michelle is fatter than Heather.
entailment	Among George, Hugh and Joe the healthiest is Hugh.	Hugh is healthier than George.
entailment	Among Gary, Maria and Katherine the slimmest is Maria.	Maria is slimmer than Gary.
entailment	Among William, Annie and Matt the fastest is Annie.	Annie is faster than William.
entailment	Among Jeff, Emma and Marie the slowest is Emma.	Emma is slower than Jeff.
entailment	Among Keith, George and Jimmy the youngest is George.	George is younger than Keith.
entailment	Among Ralph, Kate and Keith the longest is Kate.	Kate is longer than Ralph.
entailment	Among Ken, Dan and Rachel the most important is Dan.	Dan is more important than Ken.
entailment	Among Harry, Betty and Don the grossest is Betty.	Betty is grosser than Harry.
entailment	Among Joseph, Bill and Sandra the most renowned is Bill.	Bill is more renowned than Joseph.
entailment	Among Hugh, Charles and Alexander the cleverest is Charles.	Charles is cleverer than Hugh.
entailment	Among Charlie, Walter and Frederick the fastest is Walter.	Walter is faster than Charlie.
entailment	Among Robin, Leslie and Thomas the sincerest is Leslie.	Leslie is sincerer than Robin.
entailment	Among Richard, Frederick and Jay the hungriest is Frederick.	Frederick is hungrier than Richard.
entailment	Among Bill, Grace and Jane the fairest is Grace.	Grace is fairer than Bill.
entailment	Among Alexandra, Betty and Amanda the richest is Betty.	Betty is richer than Alexandra.
entailment	Among Emily, Harold and Hugh the bossiest is Harold.	Harold is bossier than Emily.
entailment	Among Greg, Jim and Diane the happiest is Jim.	Jim is happier than Greg.
entailment	Among Louise, Julie and Marie the shallowest is Julie.	Julie is shallower than Louise.
entailment	Among Rose, David and Matthew the hottest is David.	David is hotter than Rose.
entailment	Among Adam, Jonathan and Lauren the weirdest is Jonathan.	Jonathan is weirder than Adam.
entailment	Among Anthony, Don and Steven the funniest is Don.	Don is funnier than Anthony.
entailment	Among Dave, Nick and Patricia the saddest is Nick.	Nick is sadder than Dave.
entailment	Among Alex, Andrea and Nancy the curviest is Andrea.	Andrea is curvier than Alex.
entailment	Among Walter, Fred and Heather the shortest is Fred.	Fred is shorter than Walter.
entailment	Among Michael, Hugh and Judy the naughtiest is Hugh.	Hugh is naughtier than Michael.
entailment	Among Anna, Jimmy and Chris the most tired is Jimmy.	Jimmy is more tired than Anna.
entailment	Among Laura, Annie and Charles the politest is Annie.	Annie is politer than Laura.
entailment	Among Virginia, Daniel and Victoria the loudest is Daniel.	Daniel is louder than Virginia.
entailment	Among Ashley, David and Linda the angriest is David.	David is angrier than Ashley.
entailment	Among Kate, Greg and Richard the most polite is Greg.	Greg is more polite than Kate.
entailment	Among Virginia, Elaine and Heather the shyest is Elaine.	Elaine is shyer than Virginia.
entailment	Among Katherine, Marilyn and Lisa the hairiest is Marilyn.	Marilyn is hairier than Katherine.
entailment	Among Laura, Stephanie and Alfred the fattest is Stephanie.	Stephanie is fatter than Laura.
entailment	Among Donald, Judy and Bruce the noisiest is Judy.	Judy is noisier than Donald.
entailment	Among Virginia, Lauren and Martha the saltiest is Lauren.	Lauren is saltier than Virginia.
entailment	Among Lynn, Kathy and Bruce the most interesting is Kathy.	Kathy is more interesting than Lynn.
entailment	Among Harry, Francis and Nick the densest is Francis.	Francis is denser than Harry.
entailment	Among Edwin, Kathy and Sam the bravest is Kathy.	Kathy is braver than Edwin.
entailment	Among Louis, Bobby and Ryan the hungriest is Bobby.	Bobby is hungrier than Louis.
entailment	Among Ann, Betty and Philip the silliest is Betty.	Betty is sillier than Ann.
entailment	Among Robert, Mark and Charles the cleverest is Mark.	Mark is cleverer than Robert.
entailment	Among Scott, Frederick and Alice the bitterest is Frederick.	Frederick is bitterer than Scott.
entailment	Among Kevin, Sue and Stephanie the friendliest is Sue.	Sue is friendlier than Kevin.
entailment	Among Ben, Grace and Jimmy the rudest is Grace.	Grace is ruder than Ben.
entailment	Among Jay, Helen and Julia the bravest is Helen.	Helen is braver than Jay.
entailment	Among Jack, Lucy and Eleanor the naughtiest is Lucy.	Lucy is naughtier than Jack.
entailment	Among Christine, Harriet and Jason the most tired is Harriet.	Harriet is more tired than Christine.
entailment	Among Louis, Carl and Kenneth the fittest is Carl.	Carl is fitter than Louis.
entailment	Among Nicole, Steven and Daniel the oldest is Steven.	Steven is older than Nicole.
entailment	Among Amy, Nick and Diane the hairiest is Nick.	Nick is hairier than Amy.
entailment	Among Fred, Joan and Sharon the rudest is Joan.	Joan is ruder than Fred.
entailment	Among Ian, Jonathan and George the quietest is Jonathan.	Jonathan is quieter than Ian.
entailment	Among Michelle, Henry and Ian the most handsome is Henry.	Henry is more handsome than Michelle.
entailment	Among Diana, Dan and Simon the proudest is Dan.	Dan is prouder than Diana.
entailment	Among Jean, Christine and Judy the poorest is Christine.	Christine is poorer than Jean.
entailment	Among Virginia, Nick and Melissa the oldest is Nick.	Nick is older than Virginia.
entailment	Among Ruth, Anna and Rose the firmest is Anna.	Anna is firmer than Ruth.
entailment	Among Frederick, Tim and Marie the longest is Tim.	Tim is longer than Frederick.
entailment	Among Rebecca, Simon and Bruce the quietest is Simon.	Simon is quieter than Rebecca.
entailment	Among Sara, Andrea and Joan the worst is Andrea.	Andrea is worse than Sara.
entailment	Among Sandra, Jessica and Maria the sweetest is Jessica.	Jessica is sweeter than Sandra.
entailment	Among Dan, Julia and Joan the grossest is Julia.	Julia is grosser than Dan.
entailment	Among Kevin, Catherine and Alice the best is Catherine.	Catherine is better than Kevin.
entailment	Among Maria, Scott and Charles the nicest is Scott.	Scott is nicer than Maria.
entailment	Among Patricia, Sophie and Jennifer the youngest is Sophie.	Sophie is younger than Patricia.
entailment	Among Amanda, Patrick and Bruce the cleverest is Patrick.	Patrick is cleverer than Amanda.
entailment	Among Wendy, Thomas and Heather the loneliest is Thomas.	Thomas is lonlier than Wendy.
entailment	Among Lawrence, Laura and Billy the chubbiest is Laura.	Laura is chubbier than Lawrence.
entailment	Among Emily, Julia and Sophie the fattest is Julia.	Julia is fatter than Emily.
entailment	Among Emma, Virginia and Lawrence the politest is Virginia.	Virginia is politer than Emma.
entailment	Among Hugh, Alexandra and Jay the bossiest is Alexandra.	Alexandra is bossier than Hugh.
entailment	Among Ray, Donna and Henry the quietest is Donna.	Donna is quieter than Ray.
entailment	Among Thomas, Karen and Brian the slowest is Karen.	Karen is slower than Thomas.
entailment	Among Jessica, Tim and Kathryn the cruellest is Tim.	Tim is crueller than Jessica.
entailment	Among Carol, Leslie and Gary the craziest is Leslie.	Leslie is crazier than Carol.
entailment	Among Roy, Elaine and Benjamin the greatest is Elaine.	Elaine is greater than Roy.
entailment	Among Charlotte, Ann and Edith the bravest is Ann.	Ann is braver than Charlotte.
entailment	Among Pamela, Arthur and Bill the tallest is Arthur.	Arthur is taller than Pamela.
entailment	Among Lauren, Robert and Alison the shyest is Robert.	Robert is shyer than Lauren.
entailment	Among Fred, Matt and Ben the harshest is Matt.	Matt is harsher than Fred.
entailment	Among Robin, Stephanie and Alison the smartest is Stephanie.	Stephanie is smarter than Robin.
entailment	Among Ashley, Roy and Carl the grossest is Roy.	Roy is grosser than Ashley.
entailment	Among Alex, Bobby and Helen the most tired is Bobby.	Bobby is more tired than Alex.
entailment	Among Christopher, Lucy and Charles the classiest is Lucy.	Lucy is classier than Christopher.
entailment	Among Kevin, Richard and Sophie the worst is Richard.	Richard is worse than Kevin.
entailment	Among Annie, Ellen and Maria the happiest is Ellen.	Ellen is happier than Annie.
entailment	Among Melissa, Jane and Marie the healthiest is Jane.	Jane is healthier than Melissa.
entailment	Among Linda, Sandra and Marilyn the politest is Sandra.	Sandra is politer than Linda.
entailment	Among Mike, Andrea and Deborah the calmest is Andrea.	Andrea is calmer than Mike.
entailment	Among Michael, Kelly and Jerry the smartest is Kelly.	Kelly is smarter than Michael.
entailment	Among Diana, Arthur and Marie the fittest is Arthur.	Arthur is fitter than Diana.
entailment	Among Andrew, Simon and Bobby the tiniest is Simon.	Simon is tinier than Andrew.
entailment	Among Sue, Katie and Heather the naughtiest is Katie.	Katie is naughtier than Sue.
entailment	Among Scott, Donald and Sara the biggest is Donald.	Donald is bigger than Scott.
entailment	Among Nicole, Linda and Alice the guiltiest is Linda.	Linda is guilter than Nicole.
entailment	Among Mike, Louis and Philip the strongest is Louis.	Louis is stronger than Mike.
entailment	Among Janet, Steve and Scott the youngest is Steve.	Steve is younger than Janet.
entailment	Among Roy, Fred and Charlotte the biggest is Fred.	Fred is bigger than Roy.
entailment	Among Heather, Maria and Don the cruellest is Maria.	Maria is crueller than Heather.
entailment	Among Annie, Ed and Ray the angriest is Ed.	Ed is angrier than Annie.
entailment	Among Bobby, Sam and Charles the skinniest is Sam.	Sam is skinnier than Bobby.
entailment	Among Sally, Ed and Kathleen the wisest is Ed.	Ed is wiser than Sally.
entailment	Among Janet, George and Sandra the laziest is George.	George is lazier than Janet.
entailment	Among Steve, Patrick and Martin the gloomiest is Patrick.	Patrick is gloomier than Steve.
entailment	Among Jay, Alex and Sarah the greediest is Alex.	Alex is greedier than Jay.
entailment	Among Andrea, Judy and Kathleen the saddest is Judy.	Judy is sadder than Andrea.
entailment	Among Helen, Jeff and Tony the youngest is Jeff.	Jeff is younger than Helen.
entailment	Among David, Ken and Amy the calmest is Ken.	Ken is calmer than David.
entailment	Among Martha, Margaret and Edward the loudest is Margaret.	Margaret is louder than Martha.
entailment	Among Ben, Kathleen and Andrea the fastest is Kathleen.	Kathleen is faster than Ben.
entailment	Among Janet, Heather and Tony the wealthiest is Heather.	Heather is wealthier than Janet.
entailment	Among Carol, Anna and Laura the happiest is Anna.	Anna is happier than Carol.
entailment	Among Christopher, Fiona and Kevin the kindest is Fiona.	Fiona is kinder than Christopher.
entailment	Among Don, Sandra and Adam the dullest is Sandra.	Sandra is duller than Don.
entailment	Among Lynn, Pamela and Ryan the funniest is Pamela.	Pamela is funnier than Lynn.
entailment	Among Adam, Catherine and Ashley the tallest is Catherine.	Catherine is taller than Adam.
entailment	Among Sharon, Bill and Kim the weakest is Bill.	Bill is weaker than Sharon.
entailment	Among Eric, Steve and Kathleen the loneliest is Steve.	Steve is lonlier than Eric.
entailment	Among Helen, Sally and Samuel the slimmest is Sally.	Sally is slimmer than Helen.
entailment	Among Julia, Steven and Benjamin the busiest is Steven.	Steven is busier than Julia.
entailment	Among Andrea, Linda and Jonathan the gentlest is Linda.	Linda is gentler than Andrea.
entailment	Among Joe, Marilyn and Donna the loveliest is Marilyn.	Marilyn is lovelier than Joe.
entailment	Among Sharon, Eleanor and Carolyn the greatest is Eleanor.	Eleanor is greater than Sharon.
entailment	Among Hugh, Matthew and Alexander the shyest is Matthew.	Matthew is shyer than Hugh.
entailment	Among Lauren, Roy and Jason the gentlest is Roy.	Roy is gentler than Lauren.
entailment	Among Charlotte, Sarah and Matthew the most attractive is Sarah.	Sarah is more attractive than Charlotte.
entailment	Among Charles, Lynn and Claire the richest is Lynn.	Lynn is richer than Charles.
entailment	Among Steven, Ken and Daniel the ugliest is Ken.	Ken is uglier than Steven.
entailment	Among Sue, Kenneth and Wendy the cutest is Kenneth.	Kenneth is cuter than Sue.
entailment	Among Eleanor, Kathy and Michael the most clever is Kathy.	Kathy is more clever than Eleanor.
entailment	Among Alan, Jane and Lauren the fairest is Jane.	Jane is fairer than Alan.
entailment	Among Edwin, Fred and Annie the harshest is Fred.	Fred is harsher than Edwin.
entailment	Among Matt, Florence and Ron the smartest is Florence.	Florence is smarter than Matt.
entailment	Among Sarah, Sara and Alex the happiest is Sara.	Sara is happier than Sarah.
entailment	Among Katherine, Billy and Edith the wealthiest is Billy.	Billy is wealthier than Katherine.
entailment	Among Greg, Chris and Ken the loveliest is Chris.	Chris is lovelier than Greg.
entailment	Among Grace, Henry and Dave the boldest is Henry.	Henry is bolder than Grace.
entailment	Among Lauren, Marilyn and Julie the noisiest is Marilyn.	Marilyn is noisier than Lauren.
entailment	Among Caroline, Jennifer and Martin the poorest is Jennifer.	Jennifer is poorer than Caroline.
entailment	Among Paul, Betty and Kathryn the grossest is Betty.	Betty is grosser than Paul.
entailment	Among Edwin, Rose and Linda the curviest is Rose.	Rose is curvier than Edwin.
entailment	Among Arthur, Sarah and Peter the quietest is Sarah.	Sarah is quieter than Arthur.
entailment	Among Billy, Tom and Jim the busiest is Tom.	Tom is busier than Billy.
entailment	Among Rachel, Alexandra and Judy the prettiest is Alexandra.	Alexandra is prettier than Rachel.
entailment	Among Sam, Suzanne and Charles the greatest is Suzanne.	Suzanne is greater than Sam.
entailment	Among Sue, Ryan and Alex the most renowned is Ryan.	Ryan is more renowned than Sue.
entailment	Among Kathryn, Ann and Ian the most clever is Ann.	Ann is more clever than Kathryn.
entailment	Among Steven, Stephanie and Bill the oldest is Stephanie.	Stephanie is older than Steven.
entailment	Among Kenneth, John and Ryan the most attractive is John.	John is more attractive than Kenneth.
entailment	Among Lucy, Patricia and Claire the sorriest is Patricia.	Patricia is sorrier than Lucy.
entailment	Among Ashley, James and Louise the most tired is James.	James is more tired than Ashley.
entailment	Among Ray, Rebecca and Sally the most beautiful is Rebecca.	Rebecca is more beautiful than Ray.
entailment	Among Roger, Francis and Judith the clumsiest is Francis.	Francis is clumsier than Roger.
entailment	Among Ralph, Julia and Annie the fittest is Julia.	Julia is fitter than Ralph.
entailment	Among Larry, Roger and Rachel the calmest is Roger.	Roger is calmer than Larry.
entailment	Among Christopher, Deborah and Elaine the smallest is Deborah.	Deborah is smaller than Christopher.
entailment	Among Peter, Joe and Donna the most polite is Joe.	Joe is more polite than Peter.
entailment	Among Barbara, Walter and Ray the worst is Walter.	Walter is worse than Barbara.
entailment	Among Mike, Robert and Grace the thinnest is Robert.	Robert is thinner than Mike.
entailment	Among Samuel, Larry and Mary the curviest is Larry.	Larry is curvier than Samuel.
entailment	Among Diana, Betty and Samuel the cruellest is Betty.	Betty is crueller than Diana.
entailment	Among Donald, Jerry and Annie the kindest is Jerry.	Jerry is kinder than Donald.
entailment	Among Claire, Carl and Judy the bitterest is Carl.	Carl is bitterer than Claire.
entailment	Among Chris, Jessica and Deborah the grossest is Jessica.	Jessica is grosser than Chris.
entailment	Among Fiona, Richard and Ian the politest is Richard.	Richard is politer than Fiona.
entailment	Among Ellen, Edith and Katie the loneliest is Edith.	Edith is lonlier than Ellen.
entailment	Among Grace, Albert and Tim the most renowned is Albert.	Albert is more renowned than Grace.
entailment	Among Thomas, Charlotte and Greg the angriest is Charlotte.	Charlotte is angrier than Thomas.
entailment	Among Sharon, Catherine and Greg the sorriest is Catherine.	Catherine is sorrier than Sharon.
entailment	Among Edward, Louise and Ed the cutest is Louise.	Louise is cuter than Edward.
entailment	Among Carl, Al and Carol the fastest is Al.	Al is faster than Carl.
entailment	Among Victoria, Donna and Evelyn the thinnest is Donna.	Donna is thinner than Victoria.
entailment	Among Cynthia, Dorothy and Ashley the hungriest is Dorothy.	Dorothy is hungrier than Cynthia.
entailment	Among Ray, Roy and Patrick the fastest is Roy.	Roy is faster than Ray.
entailment	Among Grace, Sam and Bruce the angriest is Sam.	Sam is angrier than Grace.
entailment	Among Jeff, Nick and Paul the toughest is Nick.	Nick is tougher than Jeff.
entailment	Among Greg, Ray and Andrew the most interesting is Ray.	Ray is more interesting than Greg.
entailment	Among Sarah, Fiona and Ralph the firmest is Fiona.	Fiona is firmer than Sarah.
entailment	Among Samuel, Kathryn and Anna the humblest is Kathryn.	Kathryn is humbler than Samuel.
entailment	Among Richard, Matt and Jean the shallowest is Matt.	Matt is shallower than Richard.
entailment	Among Louis, Claire and George the most polite is Claire.	Claire is more polite than Louis.
entailment	Among Keith, Ellen and Donna the craziest is Ellen.	Ellen is crazier than Keith.
entailment	Among Frances, Benjamin and Katherine the politest is Benjamin.	Benjamin is politer than Frances.
entailment	Among Andrea, Harry and Matt the most tired is Harry.	Harry is more tired than Andrea.
entailment	Among Harriet, Dick and Henry the laziest is Dick.	Dick is lazier than Harriet.
entailment	Among Mike, Ashley and Judith the fairest is Ashley.	Ashley is fairer than Mike.
entailment	Among Ken, Nicole and Benjamin the busiest is Nicole.	Nicole is busier than Ken.
entailment	Among Philip, Kenneth and Susan the bossiest is Kenneth.	Kenneth is bossier than Philip.
entailment	Among Kate, Stephen and Katherine the poorest is Stephen.	Stephen is poorer than Kate.
entailment	Among Kathy, Jerry and Anna the brightest is Jerry.	Jerry is brighter than Kathy.
entailment	Among Edwin, Sharon and Judy the slimmest is Sharon.	Sharon is slimmer than Edwin.
entailment	Among Judy, Frances and Ben the curviest is Frances.	Frances is curvier than Judy.
entailment	Among Sandra, Judy and Benjamin the most interesting is Judy.	Judy is more interesting than Sandra.
entailment	Among Patrick, Heather and Rachel the best is Heather.	Heather is better than Patrick.
entailment	Among Andrew, Jean and Christine the most interesting is Jean.	Jean is more interesting than Andrew.
entailment	Among Julia, Dave and Suzanne the politest is Dave.	Dave is politer than Julia.
entailment	Among Frederick, George and Margaret the calmest is George.	George is calmer than Frederick.
entailment	Among Jonathan, Margaret and Colin the cruellest is Margaret.	Margaret is crueller than Jonathan.
entailment	Among Anthony, Joseph and Lucy the meanest is Joseph.	Joseph is meaner than Anthony.
entailment	Among Bob, Stephanie and Nicole the most attractive is Stephanie.	Stephanie is more attractive than Bob.
entailment	Among Christine, Kathy and Martin the oldest is Kathy.	Kathy is older than Christine.
entailment	Among Bobby, Marilyn and Deborah the rudest is Marilyn.	Marilyn is ruder than Bobby.
entailment	Among Philip, John and Anne the guiltiest is John.	John is guilter than Philip.
entailment	Among Kathryn, Annie and Kathleen the gloomiest is Annie.	Annie is gloomier than Kathryn.
entailment	Among Anne, Al and Katie the tallest is Al.	Al is taller than Anne.
entailment	Among Amanda, Colin and Rachel the hottest is Colin.	Colin is hotter than Amanda.
entailment	Among Caroline, John and Alexandra the greatest is John.	John is greater than Caroline.
entailment	Among Jill, Sandra and Dan the toughest is Sandra.	Sandra is tougher than Jill.
entailment	Among Francis, Al and Adam the most beautiful is Al.	Al is more beautiful than Francis.
entailment	Among William, Joe and Lawrence the weirdest is Joe.	Joe is weirder than William.
entailment	Among Catherine, Jack and Andrew the slimmest is Jack.	Jack is slimmer than Catherine.
entailment	Among Mark, Maria and Sam the oldest is Maria.	Maria is older than Mark.
entailment	Among Kathleen, Eric and Louis the most handsome is Eric.	Eric is more handsome than Kathleen.
entailment	Among Christine, Margaret and Alfred the greatest is Margaret.	Margaret is greater than Christine.
entailment	Among Anne, Jennifer and Frank the calmest is Jennifer.	Jennifer is calmer than Anne.
entailment	Among Matthew, Linda and Sally the cruellest is Linda.	Linda is crueller than Matthew.
entailment	Among Sue, Mary and Robin the smartest is Mary.	Mary is smarter than Sue.
entailment	Among Howard, Jerry and Charlotte the youngest is Jerry.	Jerry is younger than Howard.
entailment	Among Sue, Sally and Ralph the creepiest is Sally.	Sally is creepier than Sue.
entailment	Among Kim, Jennifer and Philip the most polite is Jennifer.	Jennifer is more polite than Kim.
entailment	Among Louise, Evelyn and Jason the smartest is Evelyn.	Evelyn is smarter than Louise.
entailment	Among Julie, George and Sandra the harshest is George.	George is harsher than Julie.
entailment	Among Judy, Charlie and Marie the funniest is Charlie.	Charlie is funnier than Judy.
entailment	Among Ann, Ellen and Michelle the messiest is Ellen.	Ellen is messier than Ann.
entailment	Among Annie, Carol and Edith the cleverest is Carol.	Carol is cleverer than Annie.
entailment	Among Christopher, Paul and Larry the shortest is Paul.	Paul is shorter than Christopher.
entailment	Among Ben, Ashley and Donald the saddest is Ashley.	Ashley is sadder than Ben.
entailment	Among Emma, Kevin and Scott the funniest is Kevin.	Kevin is funnier than Emma.
entailment	Among Judith, Deborah and Nick the chubbiest is Deborah.	Deborah is chubbier than Judith.
entailment	Among Louise, Rose and Sara the smartest is Rose.	Rose is smarter than Louise.
entailment	Among Jason, Donald and Donna the naughtiest is Donald.	Donald is naughtier than Jason.
entailment	Among Diane, Anthony and Ray the gentlest is Anthony.	Anthony is gentler than Diane.
entailment	Among Frank, Catherine and Sarah the richest is Catherine.	Catherine is richer than Frank.
entailment	Among Sara, Gary and Andrew the bossiest is Gary.	Gary is bossier than Sara.
entailment	Among Sarah, Daniel and Evelyn the most important is Daniel.	Daniel is more important than Sarah.
entailment	Among Katie, Charlotte and Rebecca the dumbest is Charlotte.	Charlotte is dumber than Katie.
entailment	Among Donna, Sally and Patricia the noisiest is Sally.	Sally is noisier than Donna.
entailment	Among Jane, Karen and Jason the sleepiest is Karen.	Karen is sleepier than Jane.
entailment	Among Larry, Patricia and Kim the tallest is Patricia.	Patricia is taller than Larry.
entailment	Among Virginia, Ruth and Alexandra the best is Ruth.	Ruth is better than Virginia.
entailment	Among Gary, Florence and Margaret the most tired is Florence.	Florence is more tired than Gary.
entailment	Among Jean, Greg and Alex the gloomiest is Greg.	Greg is gloomier than Jean.
entailment	Among Joseph, Matthew and David the most clever is Matthew.	Matthew is more clever than Joseph.
entailment	Among Francis, Lucy and Rebecca the dumbest is Lucy.	Lucy is dumber than Francis.
entailment	Among Arthur, Harriet and Caroline the shallowest is Harriet.	Harriet is shallower than Arthur.
entailment	Among Don, Jane and Nancy the longest is Jane.	Jane is longer than Don.
entailment	Among Fred, Marilyn and Kelly the shyest is Marilyn.	Marilyn is shyer than Fred.
entailment	Among Tony, Ruth and Lauren the busiest is Ruth.	Ruth is busier than Tony.
entailment	Among Martin, Marie and Jim the funniest is Marie.	Marie is funnier than Martin.
entailment	Among Ralph, Brian and Ron the dumbest is Brian.	Brian is dumber than Ralph.
entailment	Among Steve, Edith and Alan the funniest is Edith.	Edith is funnier than Steve.
entailment	Among Sandra, Fiona and Matthew the most important is Fiona.	Fiona is more important than Sandra.
entailment	Among Scott, Ben and Jerry the bossiest is Ben.	Ben is bossier than Scott.
entailment	Among Amy, Edith and Matthew the quietest is Edith.	Edith is quieter than Amy.
entailment	Among Sharon, Albert and Mark the healthiest is Albert.	Albert is healthier than Sharon.
entailment	Among Charlie, Andrew and Ron the fattest is Andrew.	Andrew is fatter than Charlie.
entailment	Among Katie, Ed and Frederick the hairiest is Ed.	Ed is hairier than Katie.
entailment	Among Roger, Ann and Pamela the dumbest is Ann.	Ann is dumber than Roger.
entailment	Among Bruce, Greg and Virginia the silliest is Greg.	Greg is sillier than Bruce.
entailment	Among Grace, Benjamin and Karen the humblest is Benjamin.	Benjamin is humbler than Grace.
entailment	Among Michelle, Bobby and Florence the busiest is Bobby.	Bobby is busier than Michelle.
entailment	Among Louise, Janet and Lucy the youngest is Janet.	Janet is younger than Louise.
entailment	Among Keith, Florence and Gary the scariest is Florence.	Florence is scarier than Keith.
entailment	Among Alan, Charlotte and Diana the smallest is Charlotte.	Charlotte is smaller than Alan.
entailment	Among Maria, Joe and Emily the prettiest is Joe.	Joe is prettier than Maria.
entailment	Among Jennifer, Charlie and Joseph the scariest is Charlie.	Charlie is scarier than Jennifer.
entailment	Among Jay, Carol and Kathryn the busiest is Carol.	Carol is busier than Jay.
entailment	Among Greg, George and Evelyn the bitterest is George.	George is bitterer than Greg.
entailment	Among Charlotte, Francis and Daniel the best is Francis.	Francis is better than Charlotte.
entailment	Among Sarah, Carl and Judith the friendliest is Carl.	Carl is friendlier than Sarah.
entailment	Among Michelle, Frank and Joseph the messiest is Frank.	Frank is messier than Michelle.
entailment	Among Jeff, Kevin and Jane the greediest is Kevin.	Kevin is greedier than Jeff.
entailment	Among Evelyn, Alan and Bob the brightest is Alan.	Alan is brighter than Evelyn.
entailment	Among Kathleen, Kate and Johnny the most polite is Kate.	Kate is more polite than Kathleen.
entailment	Among Charles, Jay and Elaine the friendliest is Jay.	Jay is friendlier than Charles.
entailment	Among Philip, Jonathan and Laura the skinniest is Jonathan.	Jonathan is skinnier than Philip.
entailment	Among Don, Alexander and Anna the most handsome is Alexander.	Alexander is more handsome than Don.
entailment	Among Claire, Heather and Albert the shyest is Heather.	Heather is shyer than Claire.
entailment	Among Janet, Benjamin and Simon the craziest is Benjamin.	Benjamin is crazier than Janet.
entailment	Among Matthew, Deborah and Sophie the longest is Deborah.	Deborah is longer than Matthew.
entailment	Among Suzanne, Alison and Stephanie the loneliest is Alison.	Alison is lonlier than Suzanne.
entailment	Among Wendy, Judith and Roy the best is Judith.	Judith is better than Wendy.
entailment	Among Eric, Maria and Jerry the fittest is Maria.	Maria is fitter than Eric.
entailment	Among Carol, Donald and Pamela the bossiest is Donald.	Donald is bossier than Carol.
entailment	Among Arthur, Fiona and Pamela the hungriest is Fiona.	Fiona is hungrier than Arthur.
entailment	Among Francis, Matt and Charles the firmest is Matt.	Matt is firmer than Francis.
entailment	Among Carl, Julie and Tony the dullest is Julie.	Julie is duller than Carl.
entailment	Among Jay, Diane and Edith the shortest is Diane.	Diane is shorter than Jay.
entailment	Among Donald, Sophie and Henry the most popular is Sophie.	Sophie is more popular than Donald.
entailment	Among Caroline, Jason and Jill the noisiest is Jason.	Jason is noisier than Caroline.
entailment	Among Johnny, Susan and Angela the fastest is Susan.	Susan is faster than Johnny.
entailment	Among Benjamin, Sarah and Ken the cruellest is Sarah.	Sarah is crueller than Benjamin.
entailment	Among Eric, Donna and Frederick the most clever is Donna.	Donna is more clever than Eric.
entailment	Among Leslie, Marilyn and Charlie the saltiest is Marilyn.	Marilyn is saltier than Leslie.
entailment	Among Cynthia, Anne and Stephanie the most attractive is Anne.	Anne is more attractive than Cynthia.
entailment	Among Catherine, Ruth and Julie the best is Ruth.	Ruth is better than Catherine.
entailment	Among Joe, Scott and Jim the loneliest is Scott.	Scott is lonlier than Joe.
entailment	Among Anna, Ralph and Stephen the smartest is Ralph.	Ralph is smarter than Anna.
entailment	Among Jack, Jennifer and Matthew the scariest is Jennifer.	Jennifer is scarier than Jack.
entailment	Among Edith, Katie and Diana the dullest is Katie.	Katie is duller than Edith.
entailment	Among Robin, Fred and Jason the loveliest is Fred.	Fred is lovelier than Robin.
entailment	Among Harold, Laura and Lucy the chubbiest is Laura.	Laura is chubbier than Harold.
entailment	Among Kenneth, Kelly and Lisa the shallowest is Kelly.	Kelly is shallower than Kenneth.
entailment	Among James, Jay and Walter the greediest is Jay.	Jay is greedier than James.
entailment	Among Hugh, Philip and Jane the hottest is Philip.	Philip is hotter than Hugh.
entailment	Among Wendy, Marie and Steve the classiest is Marie.	Marie is classier than Wendy.
entailment	Among Bob, James and Jack the wealthiest is James.	James is wealthier than Bob.
entailment	Among Lucy, Harold and Helen the silliest is Harold.	Harold is sillier than Lucy.
entailment	Among Alexander, Ray and Lawrence the naughtiest is Ray.	Ray is naughtier than Alexander.
entailment	Among Bill, Dan and Jane the most handsome is Dan.	Dan is more handsome than Bill.
entailment	Among Tony, Sam and Karen the humblest is Sam.	Sam is humbler than Tony.
entailment	Among Lawrence, Pamela and Steven the most clever is Pamela.	Pamela is more clever than Lawrence.
entailment	Among Tony, Caroline and Barbara the poorest is Caroline.	Caroline is poorer than Tony.
entailment	Among Julia, Melissa and Jill the rudest is Melissa.	Melissa is ruder than Julia.
entailment	Among Rose, Peter and Bobby the happiest is Peter.	Peter is happier than Rose.
entailment	Among Sandra, Peter and Janet the shyest is Peter.	Peter is shyer than Sandra.
entailment	Among Ken, Daniel and Marie the most popular is Daniel.	Daniel is more popular than Ken.
entailment	Among James, Peter and Paul the skinniest is Peter.	Peter is skinnier than James.
entailment	Among Susan, Jeff and Richard the dullest is Jeff.	Jeff is duller than Susan.
entailment	Among Melissa, Frances and Anna the creepiest is Frances.	Frances is creepier than Melissa.
entailment	Among Bill, Heather and Alan the saddest is Heather.	Heather is sadder than Bill.
entailment	Among Jimmy, Philip and Andrea the greediest is Philip.	Philip is greedier than Jimmy.
entailment	Among Albert, Sam and Sara the firmest is Sam.	Sam is firmer than Albert.
entailment	Among James, Alexandra and Tony the calmest is Alexandra.	Alexandra is calmer than James.
entailment	Among Margaret, Frances and Francis the clumsiest is Frances.	Frances is clumsier than Margaret.
entailment	Among Julie, Jay and Carol the loneliest is Jay.	Jay is lonlier than Julie.
entailment	Among Lucy, Donald and Frederick the most beautiful is Donald.	Donald is more beautiful than Lucy.
entailment	Among Nancy, Alex and Dan the worst is Alex.	Alex is worse than Nancy.
entailment	Among Lucy, Louise and Deborah the bitterest is Louise.	Louise is bitterer than Lucy.
entailment	Among Donna, Kathleen and Andrew the harshest is Kathleen.	Kathleen is harsher than Donna.
entailment	Among David, Mike and Cynthia the skinniest is Mike.	Mike is skinnier than David.
entailment	Among Victoria, Maria and Sue the weakest is Maria.	Maria is weaker than Victoria.
entailment	Among Paul, Billy and Dorothy the shyest is Billy.	Billy is shyer than Paul.
entailment	Among Thomas, Ken and William the most renowned is Ken.	Ken is more renowned than Thomas.
entailment	Among Diana, Matt and Ian the bitterest is Matt.	Matt is bitterer than Diana.
entailment	Among Philip, Evelyn and Jane the most renowned is Evelyn.	Evelyn is more renowned than Philip.
entailment	Among Kelly, John and Joe the quietest is John.	John is quieter than Kelly.
entailment	Among Donald, Cynthia and Ryan the hungriest is Cynthia.	Cynthia is hungrier than Donald.
entailment	Among Simon, Robin and Anthony the sharpest is Robin.	Robin is sharper than Simon.
entailment	Among Tony, Anthony and Janet the sweetest is Anthony.	Anthony is sweeter than Tony.
entailment	Among Mike, Colin and Ralph the toughest is Colin.	Colin is tougher than Mike.
entailment	Among Alex, Gary and Ray the thinnest is Gary.	Gary is thinner than Alex.
entailment	Among Anthony, Tony and Frederick the calmest is Tony.	Tony is calmer than Anthony.
entailment	Among Diana, Stephanie and Lynn the richest is Stephanie.	Stephanie is richer than Diana.
entailment	Among Joe, Robert and Dave the sincerest is Robert.	Robert is sincerer than Joe.
entailment	Among Judy, Edwin and Grace the bossiest is Edwin.	Edwin is bossier than Judy.
entailment	Among Martha, Jimmy and Dan the slimmest is Jimmy.	Jimmy is slimmer than Martha.
entailment	Among Kelly, Angela and Alice the funniest is Angela.	Angela is funnier than Kelly.
entailment	Among Michael, Brian and Arthur the ugliest is Brian.	Brian is uglier than Michael.
entailment	Among Kim, Joan and Brian the kindest is Joan.	Joan is kinder than Kim.
entailment	Among Susan, Rebecca and Joe the fairest is Rebecca.	Rebecca is fairer than Susan.
entailment	Among Julia, Laura and Barbara the scariest is Laura.	Laura is scarier than Julia.
entailment	Among Ruth, Lauren and Daniel the humblest is Lauren.	Lauren is humbler than Ruth.
entailment	Among Nicole, David and Charlotte the fittest is David.	David is fitter than Nicole.
entailment	Among Al, Linda and Louise the silliest is Linda.	Linda is sillier than Al.
entailment	Among Jay, Charlotte and Joan the healthiest is Charlotte.	Charlotte is healthier than Jay.
entailment	Among Harriet, Jay and Mary the most renowned is Jay.	Jay is more renowned than Harriet.
entailment	Among Daniel, Helen and Jill the loudest is Helen.	Helen is louder than Daniel.
entailment	Among Adam, Kate and Sam the calmest is Kate.	Kate is calmer than Adam.
entailment	Among Kelly, Steven and Charlotte the hungriest is Steven.	Steven is hungrier than Kelly.
entailment	Among Ashley, Harriet and Laura the densest is Harriet.	Harriet is denser than Ashley.
entailment	Among Linda, Kathy and Donna the angriest is Kathy.	Kathy is angrier than Linda.
entailment	Among Helen, Richard and Brian the slimmest is Richard.	Richard is slimmer than Helen.
entailment	Among Brian, Jimmy and Charlotte the most polite is Jimmy.	Jimmy is more polite than Brian.
entailment	Among Diana, Sara and Frances the sleepiest is Sara.	Sara is sleepier than Diana.
entailment	Among Bill, Rose and Emily the longest is Rose.	Rose is longer than Bill.
entailment	Among Mary, Charles and Kathy the silliest is Charles.	Charles is sillier than Mary.
entailment	Among Ron, Howard and Jim the gloomiest is Howard.	Howard is gloomier than Ron.
entailment	Among Eric, Marilyn and Grace the craziest is Marilyn.	Marilyn is crazier than Eric.
entailment	Among Anna, Adam and Keith the ugliest is Adam.	Adam is uglier than Anna.
entailment	Among Judy, Christine and Donna the most attractive is Christine.	Christine is more attractive than Judy.
entailment	Among Claire, Barbara and Emily the noisiest is Barbara.	Barbara is noisier than Claire.
entailment	Among Kelly, Charles and Colin the silliest is Charles.	Charles is sillier than Kelly.
entailment	Among Evelyn, Charlie and Mike the bitterest is Charlie.	Charlie is bitterer than Evelyn.
entailment	Among Marie, Charles and Scott the sharpest is Charles.	Charles is sharper than Marie.
entailment	Among Matt, Jill and Carl the healthiest is Jill.	Jill is healthier than Matt.
entailment	Among Leslie, Catherine and Charles the loudest is Catherine.	Catherine is louder than Leslie.
entailment	Among Diana, Rebecca and Charlotte the healthiest is Rebecca.	Rebecca is healthier than Diana.
entailment	Among Dorothy, Betty and Ellen the most tired is Betty.	Betty is more tired than Dorothy.
entailment	Among Sophie, Christopher and Betty the sleepiest is Christopher.	Christopher is sleepier than Sophie.
entailment	Among Carolyn, Patricia and Christopher the curviest is Patricia.	Patricia is curvier than Carolyn.
entailment	Among Nick, Emma and Virginia the most handsome is Emma.	Emma is more handsome than Nick.
entailment	Among Ashley, William and Ray the scariest is William.	William is scarier than Ashley.
entailment	Among Edith, Andrew and Robin the greediest is Andrew.	Andrew is greedier than Edith.
entailment	Among Nancy, Edith and Emma the most handsome is Edith.	Edith is more handsome than Nancy.
entailment	Among Daniel, Lucy and Gary the silliest is Lucy.	Lucy is sillier than Daniel.
entailment	Among Lisa, Philip and Emily the hottest is Philip.	Philip is hotter than Lisa.
entailment	Among Adam, Edwin and Amy the tiniest is Edwin.	Edwin is tinier than Adam.
entailment	Among Hugh, Ken and Ashley the skinniest is Ken.	Ken is skinnier than Hugh.
entailment	Among Frank, Joan and Bobby the most bitter is Joan.	Joan is more bitter than Frank.
entailment	Among Deborah, Bruce and Amy the fastest is Bruce.	Bruce is faster than Deborah.
entailment	Among Ellen, Ruth and Suzanne the most important is Ruth.	Ruth is more important than Ellen.
entailment	Among Sam, Alice and Joe the best is Alice.	Alice is better than Sam.
entailment	Among Katie, Brian and John the rudest is Brian.	Brian is ruder than Katie.
entailment	Among Alan, Barbara and Patrick the fastest is Barbara.	Barbara is faster than Alan.
entailment	Among Albert, Sara and Bobby the friendliest is Sara.	Sara is friendlier than Albert.
entailment	Among Edward, Eleanor and David the weakest is Eleanor.	Eleanor is weaker than Edward.
entailment	Among Alexandra, Jessica and Ryan the loveliest is Jessica.	Jessica is lovelier than Alexandra.
entailment	Among Pamela, Melissa and Bob the fastest is Melissa.	Melissa is faster than Pamela.
entailment	Among Keith, Carol and Tim the proudest is Carol.	Carol is prouder than Keith.
entailment	Among Ruth, Edwin and Billy the proudest is Edwin.	Edwin is prouder than Ruth.
entailment	Among Charlie, Harry and David the nicest is Harry.	Harry is nicer than Charlie.
entailment	Among Henry, Joe and Edward the most polite is Joe.	Joe is more polite than Henry.
entailment	Among Jason, Caroline and Michelle the greatest is Caroline.	Caroline is greater than Jason.
entailment	Among Frederick, Ralph and Jonathan the skinniest is Ralph.	Ralph is skinnier than Frederick.
entailment	Among Judith, Rebecca and Kelly the wealthiest is Rebecca.	Rebecca is wealthier than Judith.
entailment	Among Nicole, Bruce and Joseph the bravest is Bruce.	Bruce is braver than Nicole.
entailment	Among Alice, Ray and Jill the craziest is Ray.	Ray is crazier than Alice.
entailment	Among Michael, Don and Claire the kindest is Don.	Don is kinder than Michael.
entailment	Among Albert, Bruce and Robin the calmest is Bruce.	Bruce is calmer than Albert.
entailment	Among Janet, Alexandra and Frank the laziest is Alexandra.	Alexandra is lazier than Janet.
