entailment	Face wash and mousepad lie on table. Betty asked for face wash.	Betty did not ask for mousepad.
entailment	Pitcher and food lie on table. Alison asked for pitcher.	Alison did not ask for food.
entailment	Coaster and food lie on table. Lynn asked for coaster.	Lynn did not ask for food.
entailment	Bottle and mousepad lie on table. Laura asked for bottle.	Laura did not ask for mousepad.
entailment	Serviette and bowl lie on table. Margaret asked for serviette.	Margaret did not ask for bowl.
entailment	Snack and eyeliner lie on table. Jonathan asked for snack.	Jonathan did not ask for eyeliner.
entailment	Coaster and laptop lie on table. Roger asked for coaster.	Roger did not ask for laptop.
entailment	Book and flower pot lie on table. Donna asked for book.	Donna did not ask for flower pot.
entailment	Coaster and phone lie on table. Elaine asked for coaster.	Elaine did not ask for phone.
entailment	Perfume and pitcher lie on table. Katherine asked for perfume.	Katherine did not ask for pitcher.
entailment	Cookie and face wash lie on table. Arthur asked for cookie.	Arthur did not ask for face wash.
entailment	Key and glass lie on table. Roger asked for key.	Roger did not ask for glass.
entailment	Napkin and book lie on table. Alexander asked for napkin.	Alexander did not ask for book.
entailment	Silverware and cookie lie on table. Victoria asked for silverware.	Victoria did not ask for cookie.
entailment	Coaster and fork lie on table. Samuel asked for coaster.	Samuel did not ask for fork.
entailment	Food and napkin lie on table. Bob asked for food.	Bob did not ask for napkin.
entailment	Book and spoon lie on table. Edith asked for book.	Edith did not ask for spoon.
entailment	Perfume and napkin lie on table. Benjamin asked for perfume.	Benjamin did not ask for napkin.
entailment	Book and file lie on table. Donald asked for book.	Donald did not ask for file.
entailment	Toothpaste and face wash lie on table. Lawrence asked for toothpaste.	Lawrence did not ask for face wash.
entailment	Key and knife lie on table. David asked for key.	David did not ask for knife.
entailment	Spoon and pin lie on table. Edith asked for spoon.	Edith did not ask for pin.
entailment	Fork and flower pot lie on table. Tony asked for fork.	Tony did not ask for flower pot.
entailment	Plate and pin lie on table. Joan asked for plate.	Joan did not ask for pin.
entailment	Bowl and cookie lie on table. Linda asked for bowl.	Linda did not ask for cookie.
entailment	Coaster and serviette lie on table. Rose asked for coaster.	Rose did not ask for serviette.
entailment	Glass and toothbrush lie on table. Scott asked for glass.	Scott did not ask for toothbrush.
entailment	Serviette and notebook lie on table. Sally asked for serviette.	Sally did not ask for notebook.
entailment	Coaster and perfume lie on table. Carl asked for coaster.	Carl did not ask for perfume.
entailment	Key and bowl lie on table. Kim asked for key.	Kim did not ask for bowl.
entailment	Napkin and eyeliner lie on table. Jean asked for napkin.	Jean did not ask for eyeliner.
entailment	Bottle and knife lie on table. Bill asked for bottle.	Bill did not ask for knife.
entailment	Toothbrush and bowl lie on table. Katherine asked for toothbrush.	Katherine did not ask for bowl.
entailment	Key and perfume lie on table. Alex asked for key.	Alex did not ask for perfume.
entailment	Book and perfume lie on table. Rose asked for book.	Rose did not ask for perfume.
entailment	Perfume and silverware lie on table. Roy asked for perfume.	Roy did not ask for silverware.
entailment	Bottle and spoon lie on table. Elizabeth asked for bottle.	Elizabeth did not ask for spoon.
entailment	Perfume and bottle lie on table. Frances asked for perfume.	Frances did not ask for bottle.
entailment	Face wash and bottle lie on table. James asked for face wash.	James did not ask for bottle.
entailment	Silverware and pin lie on table. Harold asked for silverware.	Harold did not ask for pin.
entailment	Mousepad and bowl lie on table. Peter asked for mousepad.	Peter did not ask for bowl.
entailment	Food and toothbrush lie on table. Kate asked for food.	Kate did not ask for toothbrush.
entailment	Laptop and snack lie on table. Richard asked for laptop.	Richard did not ask for snack.
entailment	Spoon and toothbrush lie on table. Eleanor asked for spoon.	Eleanor did not ask for toothbrush.
entailment	Perfume and file lie on table. Martha asked for perfume.	Martha did not ask for file.
entailment	Bowl and pitcher lie on table. Ben asked for bowl.	Ben did not ask for pitcher.
entailment	Glass and snack lie on table. Evelyn asked for glass.	Evelyn did not ask for snack.
entailment	Spoon and key lie on table. Peter asked for spoon.	Peter did not ask for key.
entailment	Mousepad and pin lie on table. Joan asked for mousepad.	Joan did not ask for pin.
entailment	Notebook and perfume lie on table. Jennifer asked for notebook.	Jennifer did not ask for perfume.
entailment	Pin and bottle lie on table. Al asked for pin.	Al did not ask for bottle.
entailment	Flower pot and knife lie on table. Kevin asked for flower pot.	Kevin did not ask for knife.
entailment	Fork and serviette lie on table. Rachel asked for fork.	Rachel did not ask for serviette.
entailment	Napkin and knife lie on table. Michelle asked for napkin.	Michelle did not ask for knife.
entailment	Bottle and bowl lie on table. Don asked for bottle.	Don did not ask for bowl.
entailment	Cookie and pitcher lie on table. Andrew asked for cookie.	Andrew did not ask for pitcher.
entailment	File and toothbrush lie on table. Nancy asked for file.	Nancy did not ask for toothbrush.
entailment	Notebook and face wash lie on table. Lynn asked for notebook.	Lynn did not ask for face wash.
entailment	Snack and bowl lie on table. Harold asked for snack.	Harold did not ask for bowl.
entailment	Plate and pitcher lie on table. Heather asked for plate.	Heather did not ask for pitcher.
entailment	Plate and perfume lie on table. Samuel asked for plate.	Samuel did not ask for perfume.
entailment	Bottle and food lie on table. Frederick asked for bottle.	Frederick did not ask for food.
entailment	Fork and eyeliner lie on table. Louis asked for fork.	Louis did not ask for eyeliner.
entailment	Food and phone lie on table. Patrick asked for food.	Patrick did not ask for phone.
entailment	Toothpaste and knife lie on table. Carl asked for toothpaste.	Carl did not ask for knife.
entailment	Spoon and cup lie on table. Bob asked for spoon.	Bob did not ask for cup.
entailment	Toothpaste and napkin lie on table. Kathryn asked for toothpaste.	Kathryn did not ask for napkin.
entailment	Perfume and mousepad lie on table. Al asked for perfume.	Al did not ask for mousepad.
entailment	Eyeliner and bottle lie on table. Paul asked for eyeliner.	Paul did not ask for bottle.
entailment	Cookie and pitcher lie on table. Matthew asked for cookie.	Matthew did not ask for pitcher.
entailment	Toothpaste and glass lie on table. Albert asked for toothpaste.	Albert did not ask for glass.
entailment	Toothbrush and serviette lie on table. Frederick asked for toothbrush.	Frederick did not ask for serviette.
entailment	Bowl and pin lie on table. Harriet asked for bowl.	Harriet did not ask for pin.
entailment	Coaster and toothbrush lie on table. Sue asked for coaster.	Sue did not ask for toothbrush.
entailment	Food and knife lie on table. Catherine asked for food.	Catherine did not ask for knife.
entailment	Silverware and key lie on table. Lucy asked for silverware.	Lucy did not ask for key.
entailment	Pitcher and napkin lie on table. Patrick asked for pitcher.	Patrick did not ask for napkin.
entailment	Phone and pitcher lie on table. Edward asked for phone.	Edward did not ask for pitcher.
entailment	Glass and pitcher lie on table. Margaret asked for glass.	Margaret did not ask for pitcher.
entailment	Notebook and face wash lie on table. Greg asked for notebook.	Greg did not ask for face wash.
entailment	Silverware and bowl lie on table. Emily asked for silverware.	Emily did not ask for bowl.
entailment	Glass and silverware lie on table. Lauren asked for glass.	Lauren did not ask for silverware.
entailment	Face wash and perfume lie on table. James asked for face wash.	James did not ask for perfume.
entailment	Silverware and key lie on table. Charles asked for silverware.	Charles did not ask for key.
entailment	Pin and napkin lie on table. Thomas asked for pin.	Thomas did not ask for napkin.
entailment	Knife and plate lie on table. Stephen asked for knife.	Stephen did not ask for plate.
entailment	Glass and laptop lie on table. Eric asked for glass.	Eric did not ask for laptop.
entailment	Fork and cookie lie on table. Jack asked for fork.	Jack did not ask for cookie.
entailment	Toothpaste and book lie on table. Robin asked for toothpaste.	Robin did not ask for book.
entailment	Fork and plate lie on table. Mike asked for fork.	Mike did not ask for plate.
entailment	Coaster and notebook lie on table. Patrick asked for coaster.	Patrick did not ask for notebook.
entailment	Key and napkin lie on table. Larry asked for key.	Larry did not ask for napkin.
entailment	Book and cup lie on table. Alex asked for book.	Alex did not ask for cup.
entailment	Book and laptop lie on table. Francis asked for book.	Francis did not ask for laptop.
entailment	Mousepad and laptop lie on table. Kenneth asked for mousepad.	Kenneth did not ask for laptop.
entailment	Spoon and food lie on table. William asked for spoon.	William did not ask for food.
entailment	Plate and knife lie on table. Katherine asked for plate.	Katherine did not ask for knife.
entailment	Cup and fork lie on table. Henry asked for cup.	Henry did not ask for fork.
entailment	Plate and spoon lie on table. Walter asked for plate.	Walter did not ask for spoon.
entailment	Toothpaste and food lie on table. Jay asked for toothpaste.	Jay did not ask for food.
entailment	Laptop and cup lie on table. Christine asked for laptop.	Christine did not ask for cup.
entailment	Plate and silverware lie on table. Peter asked for plate.	Peter did not ask for silverware.
entailment	Mousepad and eyeliner lie on table. Mary asked for mousepad.	Mary did not ask for eyeliner.
entailment	Cookie and bottle lie on table. Gary asked for cookie.	Gary did not ask for bottle.
entailment	Coaster and napkin lie on table. Kate asked for coaster.	Kate did not ask for napkin.
entailment	Laptop and serviette lie on table. Diana asked for laptop.	Diana did not ask for serviette.
entailment	Plate and toothbrush lie on table. Christopher asked for plate.	Christopher did not ask for toothbrush.
entailment	Fork and laptop lie on table. Mike asked for fork.	Mike did not ask for laptop.
entailment	Toothpaste and spoon lie on table. Pamela asked for toothpaste.	Pamela did not ask for spoon.
entailment	Snack and pin lie on table. Barbara asked for snack.	Barbara did not ask for pin.
entailment	Notebook and pin lie on table. Bobby asked for notebook.	Bobby did not ask for pin.
entailment	Napkin and perfume lie on table. Diane asked for napkin.	Diane did not ask for perfume.
entailment	Toothpaste and spoon lie on table. Stephen asked for toothpaste.	Stephen did not ask for spoon.
entailment	Laptop and key lie on table. Charles asked for laptop.	Charles did not ask for key.
entailment	Cup and flower pot lie on table. Patrick asked for cup.	Patrick did not ask for flower pot.
entailment	Bottle and serviette lie on table. Richard asked for bottle.	Richard did not ask for serviette.
entailment	File and perfume lie on table. Helen asked for file.	Helen did not ask for perfume.
entailment	Mousepad and food lie on table. Eleanor asked for mousepad.	Eleanor did not ask for food.
entailment	Flower pot and food lie on table. Margaret asked for flower pot.	Margaret did not ask for food.
entailment	Toothbrush and serviette lie on table. Jane asked for toothbrush.	Jane did not ask for serviette.
entailment	Toothpaste and key lie on table. Helen asked for toothpaste.	Helen did not ask for key.
entailment	Flower pot and napkin lie on table. Ben asked for flower pot.	Ben did not ask for napkin.
entailment	Cookie and food lie on table. Donna asked for cookie.	Donna did not ask for food.
entailment	Toothbrush and plate lie on table. Angela asked for toothbrush.	Angela did not ask for plate.
entailment	Food and spoon lie on table. Rose asked for food.	Rose did not ask for spoon.
entailment	Bowl and notebook lie on table. Robin asked for bowl.	Robin did not ask for notebook.
entailment	Plate and toothpaste lie on table. Matthew asked for plate.	Matthew did not ask for toothpaste.
entailment	Toothpaste and fork lie on table. Roger asked for toothpaste.	Roger did not ask for fork.
entailment	Toothpaste and key lie on table. Frances asked for toothpaste.	Frances did not ask for key.
entailment	Napkin and silverware lie on table. Jennifer asked for napkin.	Jennifer did not ask for silverware.
entailment	Silverware and cookie lie on table. Janet asked for silverware.	Janet did not ask for cookie.
entailment	Flower pot and snack lie on table. Ben asked for flower pot.	Ben did not ask for snack.
entailment	Cup and cookie lie on table. Maria asked for cup.	Maria did not ask for cookie.
entailment	Food and plate lie on table. Laura asked for food.	Laura did not ask for plate.
entailment	Plate and silverware lie on table. Margaret asked for plate.	Margaret did not ask for silverware.
entailment	Toothpaste and book lie on table. Elizabeth asked for toothpaste.	Elizabeth did not ask for book.
entailment	Key and flower pot lie on table. Christine asked for key.	Christine did not ask for flower pot.
entailment	Plate and bottle lie on table. Fiona asked for plate.	Fiona did not ask for bottle.
entailment	Face wash and mousepad lie on table. Steve asked for face wash.	Steve did not ask for mousepad.
entailment	Flower pot and pitcher lie on table. Patricia asked for flower pot.	Patricia did not ask for pitcher.
entailment	Pitcher and bottle lie on table. Charles asked for pitcher.	Charles did not ask for bottle.
entailment	Pitcher and phone lie on table. Samuel asked for pitcher.	Samuel did not ask for phone.
entailment	Notebook and mousepad lie on table. Adam asked for notebook.	Adam did not ask for mousepad.
entailment	Book and phone lie on table. Sara asked for book.	Sara did not ask for phone.
entailment	Glass and laptop lie on table. Carolyn asked for glass.	Carolyn did not ask for laptop.
entailment	Eyeliner and cup lie on table. Diane asked for eyeliner.	Diane did not ask for cup.
entailment	Serviette and coaster lie on table. Susan asked for serviette.	Susan did not ask for coaster.
entailment	Knife and glass lie on table. Pamela asked for knife.	Pamela did not ask for glass.
entailment	Bottle and serviette lie on table. Ed asked for bottle.	Ed did not ask for serviette.
entailment	Napkin and plate lie on table. William asked for napkin.	William did not ask for plate.
entailment	Flower pot and mousepad lie on table. Jennifer asked for flower pot.	Jennifer did not ask for mousepad.
entailment	Knife and mousepad lie on table. Diana asked for knife.	Diana did not ask for mousepad.
entailment	Pin and bottle lie on table. Ed asked for pin.	Ed did not ask for bottle.
entailment	Glass and food lie on table. Donna asked for glass.	Donna did not ask for food.
entailment	Napkin and glass lie on table. Alison asked for napkin.	Alison did not ask for glass.
entailment	Pin and napkin lie on table. Arthur asked for pin.	Arthur did not ask for napkin.
entailment	Serviette and napkin lie on table. Ray asked for serviette.	Ray did not ask for napkin.
entailment	Toothbrush and pin lie on table. Sarah asked for toothbrush.	Sarah did not ask for pin.
entailment	Knife and pin lie on table. Louis asked for knife.	Louis did not ask for pin.
entailment	Eyeliner and coaster lie on table. Donald asked for eyeliner.	Donald did not ask for coaster.
entailment	Napkin and face wash lie on table. Lauren asked for napkin.	Lauren did not ask for face wash.
entailment	Mousepad and bowl lie on table. Howard asked for mousepad.	Howard did not ask for bowl.
entailment	Fork and eyeliner lie on table. Claire asked for fork.	Claire did not ask for eyeliner.
entailment	Bottle and snack lie on table. James asked for bottle.	James did not ask for snack.
entailment	Book and pitcher lie on table. Jimmy asked for book.	Jimmy did not ask for pitcher.
entailment	Notebook and spoon lie on table. Gary asked for notebook.	Gary did not ask for spoon.
entailment	Snack and spoon lie on table. James asked for snack.	James did not ask for spoon.
entailment	Eyeliner and pin lie on table. Betty asked for eyeliner.	Betty did not ask for pin.
entailment	Plate and fork lie on table. Melissa asked for plate.	Melissa did not ask for fork.
entailment	Flower pot and key lie on table. Margaret asked for flower pot.	Margaret did not ask for key.
entailment	Pin and coaster lie on table. Joseph asked for pin.	Joseph did not ask for coaster.
entailment	Pitcher and glass lie on table. Henry asked for pitcher.	Henry did not ask for glass.
entailment	Phone and knife lie on table. Sam asked for phone.	Sam did not ask for knife.
entailment	Spoon and silverware lie on table. Marilyn asked for spoon.	Marilyn did not ask for silverware.
entailment	Coaster and glass lie on table. Catherine asked for coaster.	Catherine did not ask for glass.
entailment	Notebook and serviette lie on table. Anthony asked for notebook.	Anthony did not ask for serviette.
entailment	Book and cookie lie on table. Louis asked for book.	Louis did not ask for cookie.
entailment	Pin and spoon lie on table. Sam asked for pin.	Sam did not ask for spoon.
entailment	Pin and spoon lie on table. Brian asked for pin.	Brian did not ask for spoon.
entailment	Mousepad and cup lie on table. Jay asked for mousepad.	Jay did not ask for cup.
entailment	Plate and silverware lie on table. Jimmy asked for plate.	Jimmy did not ask for silverware.
entailment	Eyeliner and toothpaste lie on table. Catherine asked for eyeliner.	Catherine did not ask for toothpaste.
entailment	Flower pot and napkin lie on table. Heather asked for flower pot.	Heather did not ask for napkin.
entailment	Spoon and bowl lie on table. Albert asked for spoon.	Albert did not ask for bowl.
entailment	Coaster and pitcher lie on table. Bobby asked for coaster.	Bobby did not ask for pitcher.
entailment	Flower pot and serviette lie on table. Laura asked for flower pot.	Laura did not ask for serviette.
entailment	Snack and bottle lie on table. Dorothy asked for snack.	Dorothy did not ask for bottle.
entailment	Mousepad and perfume lie on table. Carl asked for mousepad.	Carl did not ask for perfume.
entailment	Bottle and flower pot lie on table. Sharon asked for bottle.	Sharon did not ask for flower pot.
entailment	Bottle and fork lie on table. Victoria asked for bottle.	Victoria did not ask for fork.
entailment	Spoon and glass lie on table. Jason asked for spoon.	Jason did not ask for glass.
entailment	Bottle and toothbrush lie on table. Joe asked for bottle.	Joe did not ask for toothbrush.
entailment	Laptop and fork lie on table. Andrea asked for laptop.	Andrea did not ask for fork.
entailment	Pin and file lie on table. Amy asked for pin.	Amy did not ask for file.
entailment	Snack and file lie on table. Johnny asked for snack.	Johnny did not ask for file.
entailment	Notebook and plate lie on table. Alexandra asked for notebook.	Alexandra did not ask for plate.
entailment	Coaster and cup lie on table. Melissa asked for coaster.	Melissa did not ask for cup.
entailment	Spoon and flower pot lie on table. Charles asked for spoon.	Charles did not ask for flower pot.
entailment	Perfume and pin lie on table. Harriet asked for perfume.	Harriet did not ask for pin.
entailment	Silverware and pitcher lie on table. Frances asked for silverware.	Frances did not ask for pitcher.
entailment	Coaster and toothbrush lie on table. Patricia asked for coaster.	Patricia did not ask for toothbrush.
entailment	Pitcher and silverware lie on table. Melissa asked for pitcher.	Melissa did not ask for silverware.
entailment	Serviette and pitcher lie on table. Johnny asked for serviette.	Johnny did not ask for pitcher.
entailment	Perfume and book lie on table. Eric asked for perfume.	Eric did not ask for book.
entailment	Serviette and eyeliner lie on table. Matthew asked for serviette.	Matthew did not ask for eyeliner.
entailment	Face wash and eyeliner lie on table. Carolyn asked for face wash.	Carolyn did not ask for eyeliner.
entailment	Toothbrush and glass lie on table. Robert asked for toothbrush.	Robert did not ask for glass.
entailment	Laptop and fork lie on table. Dan asked for laptop.	Dan did not ask for fork.
entailment	Perfume and book lie on table. Andrew asked for perfume.	Andrew did not ask for book.
entailment	Glass and phone lie on table. Karen asked for glass.	Karen did not ask for phone.
entailment	Glass and phone lie on table. Stephen asked for glass.	Stephen did not ask for phone.
entailment	Flower pot and fork lie on table. Eleanor asked for flower pot.	Eleanor did not ask for fork.
entailment	Face wash and napkin lie on table. Linda asked for face wash.	Linda did not ask for napkin.
entailment	Silverware and napkin lie on table. Lisa asked for silverware.	Lisa did not ask for napkin.
entailment	Coaster and phone lie on table. Robert asked for coaster.	Robert did not ask for phone.
entailment	Glass and key lie on table. Kenneth asked for glass.	Kenneth did not ask for key.
entailment	Serviette and notebook lie on table. Louise asked for serviette.	Louise did not ask for notebook.
entailment	Eyeliner and cup lie on table. Ken asked for eyeliner.	Ken did not ask for cup.
entailment	Pin and food lie on table. Virginia asked for pin.	Virginia did not ask for food.
entailment	Snack and toothpaste lie on table. Jane asked for snack.	Jane did not ask for toothpaste.
entailment	Food and book lie on table. Kathleen asked for food.	Kathleen did not ask for book.
entailment	Eyeliner and snack lie on table. Sam asked for eyeliner.	Sam did not ask for snack.
entailment	Snack and bottle lie on table. Kim asked for snack.	Kim did not ask for bottle.
entailment	Pitcher and book lie on table. Henry asked for pitcher.	Henry did not ask for book.
entailment	Pin and cup lie on table. Elizabeth asked for pin.	Elizabeth did not ask for cup.
entailment	Laptop and spoon lie on table. Frederick asked for laptop.	Frederick did not ask for spoon.
entailment	Eyeliner and cup lie on table. Jay asked for eyeliner.	Jay did not ask for cup.
entailment	Bowl and cookie lie on table. Bob asked for bowl.	Bob did not ask for cookie.
entailment	Notebook and file lie on table. Kevin asked for notebook.	Kevin did not ask for file.
entailment	Key and bottle lie on table. Barbara asked for key.	Barbara did not ask for bottle.
entailment	Phone and pitcher lie on table. Susan asked for phone.	Susan did not ask for pitcher.
entailment	File and snack lie on table. Dan asked for file.	Dan did not ask for snack.
entailment	Perfume and food lie on table. Frederick asked for perfume.	Frederick did not ask for food.
entailment	Mousepad and key lie on table. Lisa asked for mousepad.	Lisa did not ask for key.
entailment	Bowl and key lie on table. Steven asked for bowl.	Steven did not ask for key.
entailment	Bottle and serviette lie on table. Walter asked for bottle.	Walter did not ask for serviette.
entailment	Food and pin lie on table. Nicole asked for food.	Nicole did not ask for pin.
entailment	Knife and toothbrush lie on table. Karen asked for knife.	Karen did not ask for toothbrush.
entailment	Fork and face wash lie on table. Matthew asked for fork.	Matthew did not ask for face wash.
entailment	Mousepad and coaster lie on table. Ken asked for mousepad.	Ken did not ask for coaster.
entailment	File and serviette lie on table. Sara asked for file.	Sara did not ask for serviette.
entailment	Flower pot and serviette lie on table. Donald asked for flower pot.	Donald did not ask for serviette.
entailment	Perfume and toothbrush lie on table. Harold asked for perfume.	Harold did not ask for toothbrush.
entailment	Cup and silverware lie on table. Sara asked for cup.	Sara did not ask for silverware.
entailment	Eyeliner and cup lie on table. Tim asked for eyeliner.	Tim did not ask for cup.
entailment	Face wash and serviette lie on table. Johnny asked for face wash.	Johnny did not ask for serviette.
entailment	Face wash and knife lie on table. Julie asked for face wash.	Julie did not ask for knife.
entailment	File and mousepad lie on table. Wendy asked for file.	Wendy did not ask for mousepad.
entailment	Laptop and napkin lie on table. Simon asked for laptop.	Simon did not ask for napkin.
entailment	Eyeliner and food lie on table. Robert asked for eyeliner.	Robert did not ask for food.
entailment	Flower pot and mousepad lie on table. Matt asked for flower pot.	Matt did not ask for mousepad.
entailment	Key and cup lie on table. Roger asked for key.	Roger did not ask for cup.
entailment	Mousepad and coaster lie on table. Lauren asked for mousepad.	Lauren did not ask for coaster.
entailment	Pin and silverware lie on table. Catherine asked for pin.	Catherine did not ask for silverware.
entailment	Bottle and file lie on table. Samuel asked for bottle.	Samuel did not ask for file.
entailment	Cup and flower pot lie on table. Alex asked for cup.	Alex did not ask for flower pot.
entailment	Eyeliner and fork lie on table. Rebecca asked for eyeliner.	Rebecca did not ask for fork.
entailment	Perfume and snack lie on table. Dorothy asked for perfume.	Dorothy did not ask for snack.
entailment	Bowl and key lie on table. Philip asked for bowl.	Philip did not ask for key.
entailment	Plate and napkin lie on table. Howard asked for plate.	Howard did not ask for napkin.
entailment	Bowl and spoon lie on table. Cynthia asked for bowl.	Cynthia did not ask for spoon.
entailment	Fork and eyeliner lie on table. Sam asked for fork.	Sam did not ask for eyeliner.
entailment	Cookie and key lie on table. Jane asked for cookie.	Jane did not ask for key.
entailment	Silverware and phone lie on table. Charlie asked for silverware.	Charlie did not ask for phone.
entailment	Book and coaster lie on table. Anna asked for book.	Anna did not ask for coaster.
entailment	Pin and key lie on table. Ralph asked for pin.	Ralph did not ask for key.
entailment	Pitcher and food lie on table. Jessica asked for pitcher.	Jessica did not ask for food.
entailment	Glass and key lie on table. Cynthia asked for glass.	Cynthia did not ask for key.
entailment	Knife and silverware lie on table. Greg asked for knife.	Greg did not ask for silverware.
entailment	Phone and book lie on table. Matthew asked for phone.	Matthew did not ask for book.
entailment	Toothbrush and coaster lie on table. Harry asked for toothbrush.	Harry did not ask for coaster.
entailment	Bottle and toothpaste lie on table. Sandra asked for bottle.	Sandra did not ask for toothpaste.
entailment	Toothbrush and pin lie on table. Edith asked for toothbrush.	Edith did not ask for pin.
entailment	Serviette and glass lie on table. Lynn asked for serviette.	Lynn did not ask for glass.
entailment	Napkin and cookie lie on table. Ray asked for napkin.	Ray did not ask for cookie.
entailment	Toothbrush and notebook lie on table. Dave asked for toothbrush.	Dave did not ask for notebook.
entailment	Bowl and silverware lie on table. Bill asked for bowl.	Bill did not ask for silverware.
entailment	Eyeliner and cookie lie on table. Virginia asked for eyeliner.	Virginia did not ask for cookie.
entailment	Book and file lie on table. Brian asked for book.	Brian did not ask for file.
entailment	Toothpaste and serviette lie on table. Larry asked for toothpaste.	Larry did not ask for serviette.
entailment	Toothpaste and pitcher lie on table. Amy asked for toothpaste.	Amy did not ask for pitcher.
entailment	Glass and cookie lie on table. Helen asked for glass.	Helen did not ask for cookie.
entailment	Snack and notebook lie on table. Jay asked for snack.	Jay did not ask for notebook.
entailment	Perfume and key lie on table. Catherine asked for perfume.	Catherine did not ask for key.
entailment	Mousepad and face wash lie on table. Sam asked for mousepad.	Sam did not ask for face wash.
entailment	Coaster and face wash lie on table. Helen asked for coaster.	Helen did not ask for face wash.
entailment	Face wash and napkin lie on table. Louis asked for face wash.	Louis did not ask for napkin.
entailment	Bowl and napkin lie on table. Catherine asked for bowl.	Catherine did not ask for napkin.
entailment	Phone and food lie on table. Keith asked for phone.	Keith did not ask for food.
entailment	Cookie and flower pot lie on table. Andrea asked for cookie.	Andrea did not ask for flower pot.
entailment	Perfume and phone lie on table. Julia asked for perfume.	Julia did not ask for phone.
entailment	File and coaster lie on table. Charles asked for file.	Charles did not ask for coaster.
entailment	File and mousepad lie on table. Sophie asked for file.	Sophie did not ask for mousepad.
entailment	Book and flower pot lie on table. Nicole asked for book.	Nicole did not ask for flower pot.
entailment	Pitcher and book lie on table. Keith asked for pitcher.	Keith did not ask for book.
entailment	Toothpaste and food lie on table. Harold asked for toothpaste.	Harold did not ask for food.
entailment	Cookie and silverware lie on table. Michelle asked for cookie.	Michelle did not ask for silverware.
entailment	Serviette and snack lie on table. Cynthia asked for serviette.	Cynthia did not ask for snack.
entailment	Laptop and toothbrush lie on table. Jerry asked for laptop.	Jerry did not ask for toothbrush.
entailment	Coaster and face wash lie on table. Jason asked for coaster.	Jason did not ask for face wash.
entailment	Cup and book lie on table. Harriet asked for cup.	Harriet did not ask for book.
entailment	Cookie and phone lie on table. Ian asked for cookie.	Ian did not ask for phone.
entailment	Phone and glass lie on table. Melissa asked for phone.	Melissa did not ask for glass.
entailment	Phone and eyeliner lie on table. Julie asked for phone.	Julie did not ask for eyeliner.
entailment	Glass and knife lie on table. Stephen asked for glass.	Stephen did not ask for knife.
entailment	Flower pot and snack lie on table. Roy asked for flower pot.	Roy did not ask for snack.
entailment	Napkin and toothpaste lie on table. Jason asked for napkin.	Jason did not ask for toothpaste.
entailment	Phone and plate lie on table. George asked for phone.	George did not ask for plate.
entailment	Toothbrush and serviette lie on table. Louise asked for toothbrush.	Louise did not ask for serviette.
entailment	Silverware and serviette lie on table. Julie asked for silverware.	Julie did not ask for serviette.
entailment	File and snack lie on table. Ann asked for file.	Ann did not ask for snack.
entailment	Bottle and coaster lie on table. Amanda asked for bottle.	Amanda did not ask for coaster.
entailment	Perfume and napkin lie on table. Philip asked for perfume.	Philip did not ask for napkin.
entailment	Fork and key lie on table. Robin asked for fork.	Robin did not ask for key.
entailment	Glass and flower pot lie on table. Howard asked for glass.	Howard did not ask for flower pot.
entailment	Mousepad and coaster lie on table. Albert asked for mousepad.	Albert did not ask for coaster.
entailment	Pitcher and plate lie on table. Catherine asked for pitcher.	Catherine did not ask for plate.
entailment	Eyeliner and silverware lie on table. Julie asked for eyeliner.	Julie did not ask for silverware.
entailment	Pitcher and napkin lie on table. Laura asked for pitcher.	Laura did not ask for napkin.
entailment	Bottle and toothbrush lie on table. Carl asked for bottle.	Carl did not ask for toothbrush.
entailment	Phone and flower pot lie on table. Victoria asked for phone.	Victoria did not ask for flower pot.
entailment	Key and cup lie on table. Dan asked for key.	Dan did not ask for cup.
entailment	Silverware and pitcher lie on table. Joe asked for silverware.	Joe did not ask for pitcher.
entailment	Pitcher and bottle lie on table. Dave asked for pitcher.	Dave did not ask for bottle.
entailment	Key and phone lie on table. Nancy asked for key.	Nancy did not ask for phone.
entailment	Napkin and bowl lie on table. George asked for napkin.	George did not ask for bowl.
entailment	Cup and phone lie on table. Patricia asked for cup.	Patricia did not ask for phone.
entailment	Phone and perfume lie on table. Patricia asked for phone.	Patricia did not ask for perfume.
entailment	Fork and perfume lie on table. Mike asked for fork.	Mike did not ask for perfume.
entailment	Silverware and fork lie on table. Carolyn asked for silverware.	Carolyn did not ask for fork.
entailment	Knife and fork lie on table. Philip asked for knife.	Philip did not ask for fork.
entailment	Book and pitcher lie on table. Anne asked for book.	Anne did not ask for pitcher.
entailment	Knife and key lie on table. Kenneth asked for knife.	Kenneth did not ask for key.
entailment	Pin and toothbrush lie on table. Kenneth asked for pin.	Kenneth did not ask for toothbrush.
entailment	Bottle and knife lie on table. Patricia asked for bottle.	Patricia did not ask for knife.
entailment	Pin and napkin lie on table. Charlie asked for pin.	Charlie did not ask for napkin.
entailment	Key and fork lie on table. Dan asked for key.	Dan did not ask for fork.
entailment	Pitcher and laptop lie on table. Ian asked for pitcher.	Ian did not ask for laptop.
entailment	Serviette and book lie on table. Margaret asked for serviette.	Margaret did not ask for book.
entailment	File and bowl lie on table. Jennifer asked for file.	Jennifer did not ask for bowl.
entailment	Key and bottle lie on table. Melissa asked for key.	Melissa did not ask for bottle.
entailment	Mousepad and pitcher lie on table. Frances asked for mousepad.	Frances did not ask for pitcher.
entailment	Cookie and pin lie on table. Charles asked for cookie.	Charles did not ask for pin.
entailment	Knife and bottle lie on table. George asked for knife.	George did not ask for bottle.
entailment	Key and bowl lie on table. Sue asked for key.	Sue did not ask for bowl.
entailment	Plate and eyeliner lie on table. Betty asked for plate.	Betty did not ask for eyeliner.
entailment	Eyeliner and coaster lie on table. Carl asked for eyeliner.	Carl did not ask for coaster.
entailment	Napkin and pitcher lie on table. Alan asked for napkin.	Alan did not ask for pitcher.
entailment	Toothpaste and toothbrush lie on table. Charles asked for toothpaste.	Charles did not ask for toothbrush.
entailment	Snack and flower pot lie on table. Kathryn asked for snack.	Kathryn did not ask for flower pot.
entailment	Bottle and key lie on table. Carl asked for bottle.	Carl did not ask for key.
entailment	Knife and napkin lie on table. Harriet asked for knife.	Harriet did not ask for napkin.
entailment	Flower pot and mousepad lie on table. Nick asked for flower pot.	Nick did not ask for mousepad.
entailment	Cup and bottle lie on table. Robert asked for cup.	Robert did not ask for bottle.
entailment	Pitcher and book lie on table. Charlotte asked for pitcher.	Charlotte did not ask for book.
entailment	Book and silverware lie on table. Judith asked for book.	Judith did not ask for silverware.
entailment	Perfume and serviette lie on table. Alan asked for perfume.	Alan did not ask for serviette.
entailment	Knife and bowl lie on table. Diana asked for knife.	Diana did not ask for bowl.
entailment	Plate and toothbrush lie on table. Annie asked for plate.	Annie did not ask for toothbrush.
entailment	Laptop and bottle lie on table. Arthur asked for laptop.	Arthur did not ask for bottle.
entailment	Toothbrush and book lie on table. Angela asked for toothbrush.	Angela did not ask for book.
entailment	Silverware and flower pot lie on table. Nancy asked for silverware.	Nancy did not ask for flower pot.
entailment	Face wash and pitcher lie on table. Ken asked for face wash.	Ken did not ask for pitcher.
entailment	Phone and coaster lie on table. Jean asked for phone.	Jean did not ask for coaster.
entailment	Phone and key lie on table. Nicole asked for phone.	Nicole did not ask for key.
entailment	Spoon and laptop lie on table. Keith asked for spoon.	Keith did not ask for laptop.
entailment	Fork and eyeliner lie on table. Kenneth asked for fork.	Kenneth did not ask for eyeliner.
entailment	Glass and coaster lie on table. Ben asked for glass.	Ben did not ask for coaster.
entailment	Silverware and serviette lie on table. Sharon asked for silverware.	Sharon did not ask for serviette.
entailment	Phone and cup lie on table. Eleanor asked for phone.	Eleanor did not ask for cup.
entailment	Napkin and toothpaste lie on table. Billy asked for napkin.	Billy did not ask for toothpaste.
entailment	Flower pot and food lie on table. Jerry asked for flower pot.	Jerry did not ask for food.
entailment	File and bowl lie on table. Robert asked for file.	Robert did not ask for bowl.
entailment	Eyeliner and mousepad lie on table. Lynn asked for eyeliner.	Lynn did not ask for mousepad.
entailment	Cookie and toothbrush lie on table. Scott asked for cookie.	Scott did not ask for toothbrush.
entailment	Laptop and fork lie on table. Laura asked for laptop.	Laura did not ask for fork.
entailment	Face wash and toothbrush lie on table. Elizabeth asked for face wash.	Elizabeth did not ask for toothbrush.
entailment	Toothbrush and bottle lie on table. Angela asked for toothbrush.	Angela did not ask for bottle.
entailment	Knife and pitcher lie on table. Harriet asked for knife.	Harriet did not ask for pitcher.
entailment	Knife and fork lie on table. Fiona asked for knife.	Fiona did not ask for fork.
entailment	Pin and book lie on table. Bob asked for pin.	Bob did not ask for book.
entailment	Phone and eyeliner lie on table. Emma asked for phone.	Emma did not ask for eyeliner.
entailment	Cookie and flower pot lie on table. George asked for cookie.	George did not ask for flower pot.
entailment	Bowl and flower pot lie on table. Deborah asked for bowl.	Deborah did not ask for flower pot.
entailment	Napkin and phone lie on table. Jane asked for napkin.	Jane did not ask for phone.
entailment	Laptop and file lie on table. Scott asked for laptop.	Scott did not ask for file.
entailment	Bowl and snack lie on table. Louis asked for bowl.	Louis did not ask for snack.
entailment	Laptop and snack lie on table. Kathy asked for laptop.	Kathy did not ask for snack.
entailment	Book and coaster lie on table. Kathleen asked for book.	Kathleen did not ask for coaster.
entailment	Snack and file lie on table. Louis asked for snack.	Louis did not ask for file.
entailment	Toothpaste and pin lie on table. Susan asked for toothpaste.	Susan did not ask for pin.
entailment	Cookie and coaster lie on table. Sam asked for cookie.	Sam did not ask for coaster.
entailment	Key and coaster lie on table. Benjamin asked for key.	Benjamin did not ask for coaster.
entailment	Serviette and notebook lie on table. Fiona asked for serviette.	Fiona did not ask for notebook.
entailment	Key and toothbrush lie on table. Cynthia asked for key.	Cynthia did not ask for toothbrush.
entailment	Pin and spoon lie on table. Benjamin asked for pin.	Benjamin did not ask for spoon.
entailment	Cookie and book lie on table. Marilyn asked for cookie.	Marilyn did not ask for book.
entailment	Eyeliner and toothpaste lie on table. Ann asked for eyeliner.	Ann did not ask for toothpaste.
entailment	Napkin and knife lie on table. Jason asked for napkin.	Jason did not ask for knife.
entailment	Silverware and pitcher lie on table. Christopher asked for silverware.	Christopher did not ask for pitcher.
entailment	Cookie and pitcher lie on table. Lucy asked for cookie.	Lucy did not ask for pitcher.
entailment	Eyeliner and bottle lie on table. Jessica asked for eyeliner.	Jessica did not ask for bottle.
entailment	Mousepad and book lie on table. Janet asked for mousepad.	Janet did not ask for book.
entailment	Pitcher and bottle lie on table. Amanda asked for pitcher.	Amanda did not ask for bottle.
entailment	Mousepad and plate lie on table. Stephen asked for mousepad.	Stephen did not ask for plate.
entailment	Bowl and serviette lie on table. Frederick asked for bowl.	Frederick did not ask for serviette.
entailment	Face wash and spoon lie on table. Ron asked for face wash.	Ron did not ask for spoon.
entailment	Bowl and phone lie on table. Katherine asked for bowl.	Katherine did not ask for phone.
entailment	Face wash and bottle lie on table. Patricia asked for face wash.	Patricia did not ask for bottle.
entailment	Pin and notebook lie on table. Karen asked for pin.	Karen did not ask for notebook.
entailment	Key and serviette lie on table. Sam asked for key.	Sam did not ask for serviette.
entailment	File and mousepad lie on table. Alice asked for file.	Alice did not ask for mousepad.
entailment	Glass and pin lie on table. Anthony asked for glass.	Anthony did not ask for pin.
entailment	Perfume and pitcher lie on table. Patrick asked for perfume.	Patrick did not ask for pitcher.
entailment	Laptop and pitcher lie on table. Ralph asked for laptop.	Ralph did not ask for pitcher.
entailment	Glass and bottle lie on table. Patrick asked for glass.	Patrick did not ask for bottle.
entailment	Glass and book lie on table. Greg asked for glass.	Greg did not ask for book.
entailment	Coaster and cup lie on table. Alexandra asked for coaster.	Alexandra did not ask for cup.
entailment	Eyeliner and silverware lie on table. Kathy asked for eyeliner.	Kathy did not ask for silverware.
entailment	Napkin and phone lie on table. Rebecca asked for napkin.	Rebecca did not ask for phone.
entailment	Cup and serviette lie on table. Mike asked for cup.	Mike did not ask for serviette.
entailment	Snack and cookie lie on table. Ron asked for snack.	Ron did not ask for cookie.
entailment	Plate and eyeliner lie on table. Howard asked for plate.	Howard did not ask for eyeliner.
entailment	Perfume and flower pot lie on table. Harry asked for perfume.	Harry did not ask for flower pot.
entailment	Knife and mousepad lie on table. Kate asked for knife.	Kate did not ask for mousepad.
entailment	Fork and bottle lie on table. Frances asked for fork.	Frances did not ask for bottle.
entailment	Toothbrush and perfume lie on table. Lauren asked for toothbrush.	Lauren did not ask for perfume.
entailment	Bottle and cup lie on table. Eleanor asked for bottle.	Eleanor did not ask for cup.
entailment	Food and snack lie on table. Alice asked for food.	Alice did not ask for snack.
entailment	Knife and bottle lie on table. Eric asked for knife.	Eric did not ask for bottle.
entailment	Laptop and pitcher lie on table. Sharon asked for laptop.	Sharon did not ask for pitcher.
entailment	Toothbrush and pitcher lie on table. Andrew asked for toothbrush.	Andrew did not ask for pitcher.
entailment	Pitcher and snack lie on table. Ian asked for pitcher.	Ian did not ask for snack.
entailment	Plate and face wash lie on table. Jerry asked for plate.	Jerry did not ask for face wash.
entailment	Cup and glass lie on table. Edward asked for cup.	Edward did not ask for glass.
entailment	Spoon and cup lie on table. Jason asked for spoon.	Jason did not ask for cup.
entailment	Spoon and food lie on table. Kenneth asked for spoon.	Kenneth did not ask for food.
entailment	Napkin and coaster lie on table. Greg asked for napkin.	Greg did not ask for coaster.
entailment	Cup and file lie on table. Christine asked for cup.	Christine did not ask for file.
entailment	Mousepad and pitcher lie on table. Suzanne asked for mousepad.	Suzanne did not ask for pitcher.
entailment	Notebook and plate lie on table. Joe asked for notebook.	Joe did not ask for plate.
entailment	Toothpaste and flower pot lie on table. Eric asked for toothpaste.	Eric did not ask for flower pot.
entailment	Face wash and plate lie on table. Rebecca asked for face wash.	Rebecca did not ask for plate.
entailment	Eyeliner and face wash lie on table. Eleanor asked for eyeliner.	Eleanor did not ask for face wash.
entailment	Book and eyeliner lie on table. Harriet asked for book.	Harriet did not ask for eyeliner.
entailment	File and serviette lie on table. Deborah asked for file.	Deborah did not ask for serviette.
entailment	Spoon and cup lie on table. Tom asked for spoon.	Tom did not ask for cup.
entailment	Toothpaste and fork lie on table. Christopher asked for toothpaste.	Christopher did not ask for fork.
entailment	Pin and glass lie on table. Mary asked for pin.	Mary did not ask for glass.
entailment	Pitcher and flower pot lie on table. Eleanor asked for pitcher.	Eleanor did not ask for flower pot.
entailment	Toothpaste and food lie on table. Katie asked for toothpaste.	Katie did not ask for food.
entailment	Napkin and toothbrush lie on table. Ian asked for napkin.	Ian did not ask for toothbrush.
entailment	Book and fork lie on table. Maria asked for book.	Maria did not ask for fork.
entailment	Coaster and serviette lie on table. Betty asked for coaster.	Betty did not ask for serviette.
entailment	Flower pot and fork lie on table. Judy asked for flower pot.	Judy did not ask for fork.
entailment	Laptop and food lie on table. Emily asked for laptop.	Emily did not ask for food.
entailment	Silverware and face wash lie on table. Martin asked for silverware.	Martin did not ask for face wash.
entailment	Eyeliner and toothpaste lie on table. James asked for eyeliner.	James did not ask for toothpaste.
entailment	Silverware and key lie on table. Dorothy asked for silverware.	Dorothy did not ask for key.
entailment	Silverware and flower pot lie on table. Jessica asked for silverware.	Jessica did not ask for flower pot.
entailment	Notebook and plate lie on table. Samuel asked for notebook.	Samuel did not ask for plate.
entailment	Silverware and face wash lie on table. Andrea asked for silverware.	Andrea did not ask for face wash.
entailment	Pin and perfume lie on table. Adam asked for pin.	Adam did not ask for perfume.
entailment	Pitcher and plate lie on table. Samuel asked for pitcher.	Samuel did not ask for plate.
entailment	Bottle and food lie on table. Tim asked for bottle.	Tim did not ask for food.
entailment	Cup and glass lie on table. Margaret asked for cup.	Margaret did not ask for glass.
entailment	Snack and book lie on table. Margaret asked for snack.	Margaret did not ask for book.
entailment	Toothbrush and fork lie on table. Jim asked for toothbrush.	Jim did not ask for fork.
entailment	Key and laptop lie on table. Melissa asked for key.	Melissa did not ask for laptop.
entailment	Key and bottle lie on table. Judy asked for key.	Judy did not ask for bottle.
entailment	Glass and cookie lie on table. Margaret asked for glass.	Margaret did not ask for cookie.
entailment	Toothpaste and toothbrush lie on table. Al asked for toothpaste.	Al did not ask for toothbrush.
entailment	Napkin and knife lie on table. Cynthia asked for napkin.	Cynthia did not ask for knife.
entailment	Laptop and eyeliner lie on table. Scott asked for laptop.	Scott did not ask for eyeliner.
entailment	Perfume and fork lie on table. Keith asked for perfume.	Keith did not ask for fork.
entailment	Face wash and mousepad lie on table. Johnny asked for face wash.	Johnny did not ask for mousepad.
entailment	File and phone lie on table. Janet asked for file.	Janet did not ask for phone.
entailment	Perfume and face wash lie on table. Charlotte asked for perfume.	Charlotte did not ask for face wash.
entailment	Mousepad and cup lie on table. Nancy asked for mousepad.	Nancy did not ask for cup.
entailment	Face wash and notebook lie on table. Johnny asked for face wash.	Johnny did not ask for notebook.
entailment	Pitcher and cookie lie on table. Carl asked for pitcher.	Carl did not ask for cookie.
entailment	Fork and key lie on table. Pamela asked for fork.	Pamela did not ask for key.
entailment	Laptop and file lie on table. Sue asked for laptop.	Sue did not ask for file.
entailment	Eyeliner and coaster lie on table. Martha asked for eyeliner.	Martha did not ask for coaster.
entailment	Face wash and file lie on table. Lynn asked for face wash.	Lynn did not ask for file.
entailment	Pin and perfume lie on table. Jay asked for pin.	Jay did not ask for perfume.
entailment	Phone and fork lie on table. Walter asked for phone.	Walter did not ask for fork.
entailment	Knife and pitcher lie on table. Florence asked for knife.	Florence did not ask for pitcher.
entailment	Silverware and cookie lie on table. Jill asked for silverware.	Jill did not ask for cookie.
entailment	Key and book lie on table. Leslie asked for key.	Leslie did not ask for book.
entailment	Silverware and eyeliner lie on table. Anna asked for silverware.	Anna did not ask for eyeliner.
entailment	Flower pot and mousepad lie on table. Lauren asked for flower pot.	Lauren did not ask for mousepad.
entailment	Face wash and laptop lie on table. Steven asked for face wash.	Steven did not ask for laptop.
entailment	Notebook and face wash lie on table. Lisa asked for notebook.	Lisa did not ask for face wash.
entailment	Silverware and eyeliner lie on table. Fred asked for silverware.	Fred did not ask for eyeliner.
entailment	Knife and glass lie on table. Tony asked for knife.	Tony did not ask for glass.
entailment	Bowl and key lie on table. Betty asked for bowl.	Betty did not ask for key.
entailment	Face wash and bottle lie on table. Johnny asked for face wash.	Johnny did not ask for bottle.
entailment	Flower pot and laptop lie on table. Stephanie asked for flower pot.	Stephanie did not ask for laptop.
entailment	Knife and key lie on table. Lauren asked for knife.	Lauren did not ask for key.
entailment	Key and fork lie on table. Diana asked for key.	Diana did not ask for fork.
entailment	Food and book lie on table. Diane asked for food.	Diane did not ask for book.
entailment	Pitcher and bowl lie on table. Alfred asked for pitcher.	Alfred did not ask for bowl.
entailment	Notebook and file lie on table. Linda asked for notebook.	Linda did not ask for file.
entailment	Flower pot and laptop lie on table. Peter asked for flower pot.	Peter did not ask for laptop.
entailment	Knife and cookie lie on table. Jason asked for knife.	Jason did not ask for cookie.
entailment	Mousepad and key lie on table. Lauren asked for mousepad.	Lauren did not ask for key.
entailment	Toothbrush and bowl lie on table. Caroline asked for toothbrush.	Caroline did not ask for bowl.
entailment	Book and phone lie on table. Howard asked for book.	Howard did not ask for phone.
entailment	Snack and knife lie on table. Louise asked for snack.	Louise did not ask for knife.
entailment	Glass and serviette lie on table. Laura asked for glass.	Laura did not ask for serviette.
entailment	Bowl and bottle lie on table. Lisa asked for bowl.	Lisa did not ask for bottle.
entailment	Bowl and book lie on table. Kevin asked for bowl.	Kevin did not ask for book.
entailment	Toothbrush and notebook lie on table. Mike asked for toothbrush.	Mike did not ask for notebook.
entailment	Bowl and toothpaste lie on table. Margaret asked for bowl.	Margaret did not ask for toothpaste.
entailment	Food and glass lie on table. Kathleen asked for food.	Kathleen did not ask for glass.
entailment	Notebook and mousepad lie on table. Lisa asked for notebook.	Lisa did not ask for mousepad.
entailment	Key and notebook lie on table. Alice asked for key.	Alice did not ask for notebook.
entailment	Laptop and snack lie on table. Caroline asked for laptop.	Caroline did not ask for snack.
entailment	Book and glass lie on table. Louise asked for book.	Louise did not ask for glass.
entailment	Flower pot and fork lie on table. Billy asked for flower pot.	Billy did not ask for fork.
entailment	Face wash and phone lie on table. William asked for face wash.	William did not ask for phone.
entailment	Phone and book lie on table. Chris asked for phone.	Chris did not ask for book.
entailment	Cup and bottle lie on table. Grace asked for cup.	Grace did not ask for bottle.
entailment	Face wash and serviette lie on table. Carol asked for face wash.	Carol did not ask for serviette.
entailment	Glass and snack lie on table. Laura asked for glass.	Laura did not ask for snack.
entailment	Flower pot and toothpaste lie on table. Andrea asked for flower pot.	Andrea did not ask for toothpaste.
entailment	Coaster and key lie on table. Daniel asked for coaster.	Daniel did not ask for key.
entailment	Food and book lie on table. Kenneth asked for food.	Kenneth did not ask for book.
entailment	Eyeliner and food lie on table. Virginia asked for eyeliner.	Virginia did not ask for food.
entailment	Pitcher and key lie on table. Lawrence asked for pitcher.	Lawrence did not ask for key.
entailment	Silverware and fork lie on table. Frank asked for silverware.	Frank did not ask for fork.
entailment	Spoon and perfume lie on table. Ian asked for spoon.	Ian did not ask for perfume.
entailment	Notebook and plate lie on table. Kathy asked for notebook.	Kathy did not ask for plate.
entailment	Face wash and eyeliner lie on table. Arthur asked for face wash.	Arthur did not ask for eyeliner.
entailment	Cup and toothbrush lie on table. Sandra asked for cup.	Sandra did not ask for toothbrush.
entailment	Perfume and plate lie on table. Sally asked for perfume.	Sally did not ask for plate.
entailment	Mousepad and flower pot lie on table. David asked for mousepad.	David did not ask for flower pot.
entailment	Eyeliner and food lie on table. Edwin asked for eyeliner.	Edwin did not ask for food.
entailment	Pitcher and spoon lie on table. Virginia asked for pitcher.	Virginia did not ask for spoon.
entailment	Laptop and plate lie on table. Edwin asked for laptop.	Edwin did not ask for plate.
entailment	Coaster and toothbrush lie on table. Jason asked for coaster.	Jason did not ask for toothbrush.
entailment	Phone and mousepad lie on table. Sally asked for phone.	Sally did not ask for mousepad.
entailment	Laptop and pitcher lie on table. Jill asked for laptop.	Jill did not ask for pitcher.
entailment	Laptop and flower pot lie on table. Joseph asked for laptop.	Joseph did not ask for flower pot.
entailment	Perfume and laptop lie on table. Jay asked for perfume.	Jay did not ask for laptop.
entailment	Face wash and toothpaste lie on table. Scott asked for face wash.	Scott did not ask for toothpaste.
entailment	Key and cup lie on table. Philip asked for key.	Philip did not ask for cup.
entailment	Bowl and eyeliner lie on table. Alfred asked for bowl.	Alfred did not ask for eyeliner.
entailment	Cup and book lie on table. Patrick asked for cup.	Patrick did not ask for book.
entailment	Book and silverware lie on table. Tom asked for book.	Tom did not ask for silverware.
entailment	File and mousepad lie on table. Don asked for file.	Don did not ask for mousepad.
entailment	Perfume and flower pot lie on table. Richard asked for perfume.	Richard did not ask for flower pot.
entailment	Knife and eyeliner lie on table. Carl asked for knife.	Carl did not ask for eyeliner.
entailment	Book and serviette lie on table. Christine asked for book.	Christine did not ask for serviette.
entailment	Pin and mousepad lie on table. Jimmy asked for pin.	Jimmy did not ask for mousepad.
entailment	Laptop and spoon lie on table. Virginia asked for laptop.	Virginia did not ask for spoon.
entailment	Plate and spoon lie on table. Susan asked for plate.	Susan did not ask for spoon.
entailment	Silverware and notebook lie on table. Kim asked for silverware.	Kim did not ask for notebook.
entailment	Plate and bottle lie on table. Leslie asked for plate.	Leslie did not ask for bottle.
entailment	Mousepad and glass lie on table. Sara asked for mousepad.	Sara did not ask for glass.
entailment	Pitcher and knife lie on table. Edward asked for pitcher.	Edward did not ask for knife.
entailment	Knife and napkin lie on table. Laura asked for knife.	Laura did not ask for napkin.
entailment	Serviette and food lie on table. Jason asked for serviette.	Jason did not ask for food.
entailment	Pitcher and file lie on table. Bruce asked for pitcher.	Bruce did not ask for file.
entailment	File and flower pot lie on table. Kathy asked for file.	Kathy did not ask for flower pot.
entailment	Key and food lie on table. Alice asked for key.	Alice did not ask for food.
entailment	Bottle and coaster lie on table. Jerry asked for bottle.	Jerry did not ask for coaster.
entailment	Toothpaste and pitcher lie on table. Grace asked for toothpaste.	Grace did not ask for pitcher.
entailment	Book and key lie on table. Adam asked for book.	Adam did not ask for key.
entailment	Bowl and eyeliner lie on table. Dan asked for bowl.	Dan did not ask for eyeliner.
entailment	Bottle and eyeliner lie on table. Ryan asked for bottle.	Ryan did not ask for eyeliner.
entailment	Mousepad and coaster lie on table. Patricia asked for mousepad.	Patricia did not ask for coaster.
entailment	Cup and toothpaste lie on table. Marie asked for cup.	Marie did not ask for toothpaste.
entailment	Book and napkin lie on table. Kathleen asked for book.	Kathleen did not ask for napkin.
entailment	Silverware and laptop lie on table. Jonathan asked for silverware.	Jonathan did not ask for laptop.
entailment	Silverware and pin lie on table. Deborah asked for silverware.	Deborah did not ask for pin.
entailment	Toothbrush and pin lie on table. Hugh asked for toothbrush.	Hugh did not ask for pin.
entailment	Toothbrush and glass lie on table. Dave asked for toothbrush.	Dave did not ask for glass.
entailment	Glass and notebook lie on table. Leslie asked for glass.	Leslie did not ask for notebook.
entailment	Flower pot and coaster lie on table. Ruth asked for flower pot.	Ruth did not ask for coaster.
entailment	Notebook and book lie on table. Melissa asked for notebook.	Melissa did not ask for book.
entailment	Silverware and coaster lie on table. Donald asked for silverware.	Donald did not ask for coaster.
entailment	Food and glass lie on table. Sam asked for food.	Sam did not ask for glass.
entailment	Bowl and fork lie on table. Christine asked for bowl.	Christine did not ask for fork.
entailment	Phone and file lie on table. Don asked for phone.	Don did not ask for file.
entailment	Knife and eyeliner lie on table. Gary asked for knife.	Gary did not ask for eyeliner.
entailment	Key and phone lie on table. David asked for key.	David did not ask for phone.
entailment	Knife and mousepad lie on table. Larry asked for knife.	Larry did not ask for mousepad.
entailment	Book and cookie lie on table. Charles asked for book.	Charles did not ask for cookie.
entailment	Silverware and bottle lie on table. Maria asked for silverware.	Maria did not ask for bottle.
entailment	Flower pot and phone lie on table. Larry asked for flower pot.	Larry did not ask for phone.
entailment	Notebook and phone lie on table. Joan asked for notebook.	Joan did not ask for phone.
entailment	Pin and key lie on table. Marie asked for pin.	Marie did not ask for key.
entailment	Mousepad and snack lie on table. Jonathan asked for mousepad.	Jonathan did not ask for snack.
entailment	File and pin lie on table. Martin asked for file.	Martin did not ask for pin.
entailment	Eyeliner and toothbrush lie on table. Jack asked for eyeliner.	Jack did not ask for toothbrush.
entailment	Food and mousepad lie on table. Hugh asked for food.	Hugh did not ask for mousepad.
entailment	Toothpaste and snack lie on table. Ed asked for toothpaste.	Ed did not ask for snack.
entailment	Coaster and key lie on table. Laura asked for coaster.	Laura did not ask for key.
entailment	Mousepad and key lie on table. Dan asked for mousepad.	Dan did not ask for key.
entailment	Silverware and face wash lie on table. Gary asked for silverware.	Gary did not ask for face wash.
entailment	Plate and notebook lie on table. Sophie asked for plate.	Sophie did not ask for notebook.
entailment	Knife and file lie on table. Ralph asked for knife.	Ralph did not ask for file.
entailment	Key and serviette lie on table. Dick asked for key.	Dick did not ask for serviette.
entailment	Toothpaste and book lie on table. Sandra asked for toothpaste.	Sandra did not ask for book.
entailment	Fork and laptop lie on table. Francis asked for fork.	Francis did not ask for laptop.
entailment	Silverware and face wash lie on table. Stephen asked for silverware.	Stephen did not ask for face wash.
entailment	Napkin and flower pot lie on table. Rachel asked for napkin.	Rachel did not ask for flower pot.
entailment	Cookie and bowl lie on table. Ruth asked for cookie.	Ruth did not ask for bowl.
entailment	Mousepad and coaster lie on table. Jay asked for mousepad.	Jay did not ask for coaster.
entailment	Laptop and key lie on table. Andrew asked for laptop.	Andrew did not ask for key.
entailment	Book and perfume lie on table. Ben asked for book.	Ben did not ask for perfume.
entailment	Pin and coaster lie on table. Amy asked for pin.	Amy did not ask for coaster.
entailment	Notebook and knife lie on table. Sally asked for notebook.	Sally did not ask for knife.
entailment	Knife and face wash lie on table. Gary asked for knife.	Gary did not ask for face wash.
entailment	Toothbrush and napkin lie on table. Ralph asked for toothbrush.	Ralph did not ask for napkin.
entailment	Cup and face wash lie on table. Billy asked for cup.	Billy did not ask for face wash.
entailment	Eyeliner and coaster lie on table. Arthur asked for eyeliner.	Arthur did not ask for coaster.
entailment	File and spoon lie on table. Judy asked for file.	Judy did not ask for spoon.
entailment	Fork and perfume lie on table. Betty asked for fork.	Betty did not ask for perfume.
entailment	Eyeliner and spoon lie on table. Laura asked for eyeliner.	Laura did not ask for spoon.
entailment	Napkin and key lie on table. Linda asked for napkin.	Linda did not ask for key.
entailment	Laptop and food lie on table. Edward asked for laptop.	Edward did not ask for food.
entailment	Knife and food lie on table. Anthony asked for knife.	Anthony did not ask for food.
entailment	Bowl and spoon lie on table. Simon asked for bowl.	Simon did not ask for spoon.
entailment	Toothbrush and napkin lie on table. Jessica asked for toothbrush.	Jessica did not ask for napkin.
entailment	Spoon and cookie lie on table. Emily asked for spoon.	Emily did not ask for cookie.
entailment	Coaster and toothbrush lie on table. Francis asked for coaster.	Francis did not ask for toothbrush.
entailment	Laptop and plate lie on table. Kathryn asked for laptop.	Kathryn did not ask for plate.
entailment	Mousepad and eyeliner lie on table. Diane asked for mousepad.	Diane did not ask for eyeliner.
entailment	Cookie and key lie on table. Andrew asked for cookie.	Andrew did not ask for key.
entailment	Napkin and file lie on table. Alison asked for napkin.	Alison did not ask for file.
entailment	Spoon and flower pot lie on table. Melissa asked for spoon.	Melissa did not ask for flower pot.
entailment	Bowl and cup lie on table. Chris asked for bowl.	Chris did not ask for cup.
entailment	Napkin and flower pot lie on table. Bruce asked for napkin.	Bruce did not ask for flower pot.
entailment	Food and perfume lie on table. Harry asked for food.	Harry did not ask for perfume.
entailment	Perfume and serviette lie on table. Ken asked for perfume.	Ken did not ask for serviette.
entailment	Mousepad and bottle lie on table. Carol asked for mousepad.	Carol did not ask for bottle.
entailment	Flower pot and cookie lie on table. Emma asked for flower pot.	Emma did not ask for cookie.
entailment	Toothpaste and knife lie on table. Henry asked for toothpaste.	Henry did not ask for knife.
entailment	Bowl and knife lie on table. Daniel asked for bowl.	Daniel did not ask for knife.
entailment	Mousepad and face wash lie on table. Alexandra asked for mousepad.	Alexandra did not ask for face wash.
entailment	Serviette and eyeliner lie on table. Frederick asked for serviette.	Frederick did not ask for eyeliner.
entailment	Toothbrush and bowl lie on table. Melissa asked for toothbrush.	Melissa did not ask for bowl.
entailment	Pin and mousepad lie on table. Carolyn asked for pin.	Carolyn did not ask for mousepad.
entailment	Notebook and pitcher lie on table. Walter asked for notebook.	Walter did not ask for pitcher.
entailment	Glass and cookie lie on table. Caroline asked for glass.	Caroline did not ask for cookie.
entailment	Napkin and bottle lie on table. Kathryn asked for napkin.	Kathryn did not ask for bottle.
entailment	Knife and book lie on table. Gary asked for knife.	Gary did not ask for book.
entailment	Perfume and file lie on table. Heather asked for perfume.	Heather did not ask for file.
entailment	Phone and toothpaste lie on table. Jay asked for phone.	Jay did not ask for toothpaste.
entailment	Phone and fork lie on table. Keith asked for phone.	Keith did not ask for fork.
entailment	Toothpaste and toothbrush lie on table. Steven asked for toothpaste.	Steven did not ask for toothbrush.
entailment	Coaster and silverware lie on table. Jack asked for coaster.	Jack did not ask for silverware.
entailment	Pin and cup lie on table. Suzanne asked for pin.	Suzanne did not ask for cup.
entailment	Coaster and knife lie on table. Tim asked for coaster.	Tim did not ask for knife.
entailment	Pin and face wash lie on table. Michelle asked for pin.	Michelle did not ask for face wash.
entailment	Key and toothbrush lie on table. Jeff asked for key.	Jeff did not ask for toothbrush.
entailment	Book and coaster lie on table. Alison asked for book.	Alison did not ask for coaster.
entailment	File and toothbrush lie on table. Mike asked for file.	Mike did not ask for toothbrush.
entailment	Laptop and bowl lie on table. Simon asked for laptop.	Simon did not ask for bowl.
entailment	Notebook and plate lie on table. Sarah asked for notebook.	Sarah did not ask for plate.
entailment	Eyeliner and perfume lie on table. Paul asked for eyeliner.	Paul did not ask for perfume.
entailment	Laptop and perfume lie on table. Nicole asked for laptop.	Nicole did not ask for perfume.
entailment	Pin and serviette lie on table. Rose asked for pin.	Rose did not ask for serviette.
entailment	Bottle and spoon lie on table. Virginia asked for bottle.	Virginia did not ask for spoon.
entailment	Key and knife lie on table. Stephanie asked for key.	Stephanie did not ask for knife.
entailment	Coaster and silverware lie on table. Julie asked for coaster.	Julie did not ask for silverware.
entailment	Knife and face wash lie on table. Dorothy asked for knife.	Dorothy did not ask for face wash.
entailment	Napkin and file lie on table. Harold asked for napkin.	Harold did not ask for file.
entailment	Book and file lie on table. Lisa asked for book.	Lisa did not ask for file.
entailment	Pitcher and perfume lie on table. James asked for pitcher.	James did not ask for perfume.
entailment	Glass and face wash lie on table. Paul asked for glass.	Paul did not ask for face wash.
entailment	Laptop and pitcher lie on table. Joseph asked for laptop.	Joseph did not ask for pitcher.
entailment	Bowl and laptop lie on table. Marie asked for bowl.	Marie did not ask for laptop.
entailment	Eyeliner and napkin lie on table. William asked for eyeliner.	William did not ask for napkin.
entailment	Plate and bowl lie on table. Victoria asked for plate.	Victoria did not ask for bowl.
entailment	Cup and plate lie on table. Edith asked for cup.	Edith did not ask for plate.
entailment	Spoon and snack lie on table. Eleanor asked for spoon.	Eleanor did not ask for snack.
entailment	Glass and eyeliner lie on table. Matt asked for glass.	Matt did not ask for eyeliner.
entailment	Cookie and phone lie on table. Andrea asked for cookie.	Andrea did not ask for phone.
entailment	Napkin and book lie on table. Steven asked for napkin.	Steven did not ask for book.
entailment	Toothpaste and snack lie on table. Jim asked for toothpaste.	Jim did not ask for snack.
entailment	Pitcher and cup lie on table. John asked for pitcher.	John did not ask for cup.
entailment	Bowl and mousepad lie on table. Ryan asked for bowl.	Ryan did not ask for mousepad.
entailment	Bottle and silverware lie on table. Alexandra asked for bottle.	Alexandra did not ask for silverware.
entailment	Napkin and pitcher lie on table. Evelyn asked for napkin.	Evelyn did not ask for pitcher.
entailment	Fork and serviette lie on table. Ruth asked for fork.	Ruth did not ask for serviette.
entailment	Perfume and food lie on table. Bobby asked for perfume.	Bobby did not ask for food.
entailment	Glass and perfume lie on table. Roger asked for glass.	Roger did not ask for perfume.
entailment	Bowl and notebook lie on table. Suzanne asked for bowl.	Suzanne did not ask for notebook.
entailment	Notebook and napkin lie on table. Deborah asked for notebook.	Deborah did not ask for napkin.
entailment	Bottle and pitcher lie on table. Martha asked for bottle.	Martha did not ask for pitcher.
entailment	Perfume and key lie on table. Tom asked for perfume.	Tom did not ask for key.
entailment	Eyeliner and food lie on table. Adam asked for eyeliner.	Adam did not ask for food.
entailment	Phone and pitcher lie on table. Lynn asked for phone.	Lynn did not ask for pitcher.
entailment	Laptop and bottle lie on table. Jill asked for laptop.	Jill did not ask for bottle.
entailment	Notebook and perfume lie on table. Lynn asked for notebook.	Lynn did not ask for perfume.
entailment	Flower pot and book lie on table. Mike asked for flower pot.	Mike did not ask for book.
entailment	Knife and bottle lie on table. Johnny asked for knife.	Johnny did not ask for bottle.
entailment	Bowl and key lie on table. Chris asked for bowl.	Chris did not ask for key.
entailment	Snack and glass lie on table. Anna asked for snack.	Anna did not ask for glass.
entailment	Mousepad and plate lie on table. Jerry asked for mousepad.	Jerry did not ask for plate.
entailment	Silverware and toothpaste lie on table. Judith asked for silverware.	Judith did not ask for toothpaste.
entailment	Pin and pitcher lie on table. Suzanne asked for pin.	Suzanne did not ask for pitcher.
entailment	File and perfume lie on table. Sally asked for file.	Sally did not ask for perfume.
entailment	Face wash and bottle lie on table. Alfred asked for face wash.	Alfred did not ask for bottle.
entailment	Knife and plate lie on table. Jason asked for knife.	Jason did not ask for plate.
entailment	Glass and serviette lie on table. Kelly asked for glass.	Kelly did not ask for serviette.
entailment	Glass and key lie on table. Jim asked for glass.	Jim did not ask for key.
entailment	Key and snack lie on table. Kathleen asked for key.	Kathleen did not ask for snack.
entailment	Plate and book lie on table. Dave asked for plate.	Dave did not ask for book.
entailment	Cookie and toothbrush lie on table. Donald asked for cookie.	Donald did not ask for toothbrush.
entailment	Cookie and toothbrush lie on table. Christopher asked for cookie.	Christopher did not ask for toothbrush.
entailment	Napkin and pitcher lie on table. Walter asked for napkin.	Walter did not ask for pitcher.
entailment	Notebook and silverware lie on table. Amanda asked for notebook.	Amanda did not ask for silverware.
entailment	Plate and pin lie on table. Rachel asked for plate.	Rachel did not ask for pin.
entailment	Mousepad and plate lie on table. Jeff asked for mousepad.	Jeff did not ask for plate.
entailment	Perfume and glass lie on table. Robin asked for perfume.	Robin did not ask for glass.
entailment	Pin and perfume lie on table. David asked for pin.	David did not ask for perfume.
entailment	Serviette and flower pot lie on table. Heather asked for serviette.	Heather did not ask for flower pot.
entailment	Phone and book lie on table. Ian asked for phone.	Ian did not ask for book.
entailment	Spoon and bowl lie on table. Caroline asked for spoon.	Caroline did not ask for bowl.
entailment	Mousepad and pin lie on table. Heather asked for mousepad.	Heather did not ask for pin.
entailment	Spoon and phone lie on table. Alice asked for spoon.	Alice did not ask for phone.
entailment	Coaster and knife lie on table. Janet asked for coaster.	Janet did not ask for knife.
entailment	Glass and phone lie on table. Adam asked for glass.	Adam did not ask for phone.
entailment	Napkin and bottle lie on table. Jeff asked for napkin.	Jeff did not ask for bottle.
entailment	Pin and phone lie on table. Hugh asked for pin.	Hugh did not ask for phone.
entailment	Toothbrush and plate lie on table. Virginia asked for toothbrush.	Virginia did not ask for plate.
entailment	Coaster and laptop lie on table. Adam asked for coaster.	Adam did not ask for laptop.
entailment	Book and napkin lie on table. Lauren asked for book.	Lauren did not ask for napkin.
entailment	Toothbrush and cookie lie on table. Jason asked for toothbrush.	Jason did not ask for cookie.
entailment	Book and face wash lie on table. Judith asked for book.	Judith did not ask for face wash.
entailment	Knife and coaster lie on table. Jim asked for knife.	Jim did not ask for coaster.
entailment	Toothpaste and pin lie on table. Ray asked for toothpaste.	Ray did not ask for pin.
entailment	Napkin and coaster lie on table. Patricia asked for napkin.	Patricia did not ask for coaster.
entailment	File and pitcher lie on table. Matt asked for file.	Matt did not ask for pitcher.
entailment	Fork and cup lie on table. Victoria asked for fork.	Victoria did not ask for cup.
entailment	File and napkin lie on table. Robin asked for file.	Robin did not ask for napkin.
entailment	Plate and food lie on table. Kathleen asked for plate.	Kathleen did not ask for food.
entailment	Spoon and flower pot lie on table. Christopher asked for spoon.	Christopher did not ask for flower pot.
entailment	Napkin and eyeliner lie on table. Larry asked for napkin.	Larry did not ask for eyeliner.
entailment	Book and knife lie on table. David asked for book.	David did not ask for knife.
entailment	Napkin and cup lie on table. Jay asked for napkin.	Jay did not ask for cup.
entailment	Eyeliner and toothbrush lie on table. Judith asked for eyeliner.	Judith did not ask for toothbrush.
entailment	Notebook and cookie lie on table. Kelly asked for notebook.	Kelly did not ask for cookie.
entailment	Phone and serviette lie on table. Rebecca asked for phone.	Rebecca did not ask for serviette.
entailment	Fork and toothpaste lie on table. Kevin asked for fork.	Kevin did not ask for toothpaste.
entailment	Fork and silverware lie on table. Virginia asked for fork.	Virginia did not ask for silverware.
entailment	Toothbrush and fork lie on table. Catherine asked for toothbrush.	Catherine did not ask for fork.
entailment	Key and toothpaste lie on table. Arthur asked for key.	Arthur did not ask for toothpaste.
entailment	Bottle and notebook lie on table. Lisa asked for bottle.	Lisa did not ask for notebook.
entailment	Laptop and glass lie on table. Nick asked for laptop.	Nick did not ask for glass.
entailment	Glass and face wash lie on table. Alfred asked for glass.	Alfred did not ask for face wash.
entailment	Toothpaste and food lie on table. Marilyn asked for toothpaste.	Marilyn did not ask for food.
entailment	Silverware and perfume lie on table. Elaine asked for silverware.	Elaine did not ask for perfume.
entailment	Mousepad and phone lie on table. Charlie asked for mousepad.	Charlie did not ask for phone.
entailment	Key and napkin lie on table. Anthony asked for key.	Anthony did not ask for napkin.
entailment	Pin and key lie on table. Janet asked for pin.	Janet did not ask for key.
entailment	Plate and pin lie on table. Johnny asked for plate.	Johnny did not ask for pin.
entailment	Face wash and cookie lie on table. Gary asked for face wash.	Gary did not ask for cookie.
entailment	Pin and snack lie on table. Kenneth asked for pin.	Kenneth did not ask for snack.
entailment	Cup and eyeliner lie on table. Ryan asked for cup.	Ryan did not ask for eyeliner.
entailment	Cookie and flower pot lie on table. Annie asked for cookie.	Annie did not ask for flower pot.
entailment	Phone and book lie on table. Michelle asked for phone.	Michelle did not ask for book.
entailment	Pin and file lie on table. Robin asked for pin.	Robin did not ask for file.
entailment	Toothbrush and coaster lie on table. Sara asked for toothbrush.	Sara did not ask for coaster.
entailment	Toothpaste and snack lie on table. Dave asked for toothpaste.	Dave did not ask for snack.
entailment	Notebook and key lie on table. Michelle asked for notebook.	Michelle did not ask for key.
entailment	Eyeliner and knife lie on table. Louise asked for eyeliner.	Louise did not ask for knife.
entailment	Notebook and book lie on table. Melissa asked for notebook.	Melissa did not ask for book.
entailment	Glass and eyeliner lie on table. Edward asked for glass.	Edward did not ask for eyeliner.
entailment	Bottle and flower pot lie on table. Thomas asked for bottle.	Thomas did not ask for flower pot.
entailment	Laptop and food lie on table. Ryan asked for laptop.	Ryan did not ask for food.
entailment	Silverware and fork lie on table. Rose asked for silverware.	Rose did not ask for fork.
entailment	Knife and face wash lie on table. Dan asked for knife.	Dan did not ask for face wash.
entailment	Toothpaste and serviette lie on table. Joseph asked for toothpaste.	Joseph did not ask for serviette.
entailment	Glass and cookie lie on table. Kenneth asked for glass.	Kenneth did not ask for cookie.
entailment	Toothpaste and cup lie on table. Ben asked for toothpaste.	Ben did not ask for cup.
entailment	Fork and glass lie on table. Andrea asked for fork.	Andrea did not ask for glass.
entailment	Napkin and glass lie on table. Sophie asked for napkin.	Sophie did not ask for glass.
entailment	Bottle and spoon lie on table. Patricia asked for bottle.	Patricia did not ask for spoon.
entailment	Fork and perfume lie on table. Louise asked for fork.	Louise did not ask for perfume.
entailment	Silverware and napkin lie on table. Dorothy asked for silverware.	Dorothy did not ask for napkin.
entailment	Cookie and silverware lie on table. Walter asked for cookie.	Walter did not ask for silverware.
entailment	Serviette and toothbrush lie on table. Edith asked for serviette.	Edith did not ask for toothbrush.
entailment	Fork and food lie on table. Margaret asked for fork.	Margaret did not ask for food.
entailment	File and mousepad lie on table. Chris asked for file.	Chris did not ask for mousepad.
entailment	Knife and pin lie on table. Virginia asked for knife.	Virginia did not ask for pin.
entailment	Knife and face wash lie on table. Peter asked for knife.	Peter did not ask for face wash.
entailment	Phone and serviette lie on table. Donald asked for phone.	Donald did not ask for serviette.
entailment	Flower pot and perfume lie on table. Cynthia asked for flower pot.	Cynthia did not ask for perfume.
entailment	Bottle and coaster lie on table. Charlie asked for bottle.	Charlie did not ask for coaster.
entailment	Bowl and file lie on table. Alfred asked for bowl.	Alfred did not ask for file.
entailment	Plate and cup lie on table. Rachel asked for plate.	Rachel did not ask for cup.
entailment	Book and flower pot lie on table. Judith asked for book.	Judith did not ask for flower pot.
entailment	Knife and glass lie on table. Harry asked for knife.	Harry did not ask for glass.
entailment	Napkin and pitcher lie on table. Rebecca asked for napkin.	Rebecca did not ask for pitcher.
entailment	Food and cup lie on table. Alexander asked for food.	Alexander did not ask for cup.
entailment	Napkin and plate lie on table. Jane asked for napkin.	Jane did not ask for plate.
entailment	Glass and face wash lie on table. Karen asked for glass.	Karen did not ask for face wash.
entailment	Glass and pitcher lie on table. Greg asked for glass.	Greg did not ask for pitcher.
entailment	Food and flower pot lie on table. Peter asked for food.	Peter did not ask for flower pot.
entailment	Snack and bowl lie on table. Chris asked for snack.	Chris did not ask for bowl.
entailment	File and notebook lie on table. Lauren asked for file.	Lauren did not ask for notebook.
entailment	Fork and mousepad lie on table. Pamela asked for fork.	Pamela did not ask for mousepad.
entailment	Fork and book lie on table. Sharon asked for fork.	Sharon did not ask for book.
entailment	Cup and pin lie on table. Stephanie asked for cup.	Stephanie did not ask for pin.
entailment	Fork and file lie on table. Alex asked for fork.	Alex did not ask for file.
entailment	Flower pot and knife lie on table. Brian asked for flower pot.	Brian did not ask for knife.
entailment	File and snack lie on table. Katie asked for file.	Katie did not ask for snack.
entailment	File and toothbrush lie on table. Ashley asked for file.	Ashley did not ask for toothbrush.
entailment	Laptop and perfume lie on table. Robert asked for laptop.	Robert did not ask for perfume.
entailment	Napkin and spoon lie on table. Bobby asked for napkin.	Bobby did not ask for spoon.
entailment	Coaster and knife lie on table. Kenneth asked for coaster.	Kenneth did not ask for knife.
entailment	Bottle and fork lie on table. Ben asked for bottle.	Ben did not ask for fork.
entailment	Eyeliner and silverware lie on table. Lawrence asked for eyeliner.	Lawrence did not ask for silverware.
entailment	Spoon and bottle lie on table. Emily asked for spoon.	Emily did not ask for bottle.
entailment	Toothbrush and bowl lie on table. Elizabeth asked for toothbrush.	Elizabeth did not ask for bowl.
entailment	Napkin and bottle lie on table. Barbara asked for napkin.	Barbara did not ask for bottle.
entailment	Plate and silverware lie on table. Lawrence asked for plate.	Lawrence did not ask for silverware.
entailment	Fork and snack lie on table. Mary asked for fork.	Mary did not ask for snack.
entailment	Pin and key lie on table. Judith asked for pin.	Judith did not ask for key.
entailment	Bottle and cup lie on table. Billy asked for bottle.	Billy did not ask for cup.
entailment	Face wash and toothpaste lie on table. Albert asked for face wash.	Albert did not ask for toothpaste.
entailment	File and coaster lie on table. Wendy asked for file.	Wendy did not ask for coaster.
entailment	Toothbrush and toothpaste lie on table. Mary asked for toothbrush.	Mary did not ask for toothpaste.
entailment	File and pitcher lie on table. Jack asked for file.	Jack did not ask for pitcher.
entailment	Silverware and book lie on table. Elizabeth asked for silverware.	Elizabeth did not ask for book.
entailment	Bottle and file lie on table. Patricia asked for bottle.	Patricia did not ask for file.
entailment	Book and phone lie on table. Rachel asked for book.	Rachel did not ask for phone.
entailment	Spoon and snack lie on table. Angela asked for spoon.	Angela did not ask for snack.
entailment	Book and mousepad lie on table. Louise asked for book.	Louise did not ask for mousepad.
entailment	Napkin and perfume lie on table. Kim asked for napkin.	Kim did not ask for perfume.
entailment	Notebook and napkin lie on table. Suzanne asked for notebook.	Suzanne did not ask for napkin.
entailment	Toothpaste and mousepad lie on table. Harriet asked for toothpaste.	Harriet did not ask for mousepad.
entailment	Spoon and mousepad lie on table. Marie asked for spoon.	Marie did not ask for mousepad.
entailment	Cup and notebook lie on table. Sara asked for cup.	Sara did not ask for notebook.
entailment	File and pitcher lie on table. Walter asked for file.	Walter did not ask for pitcher.
entailment	Glass and notebook lie on table. Steve asked for glass.	Steve did not ask for notebook.
entailment	Laptop and serviette lie on table. Emma asked for laptop.	Emma did not ask for serviette.
entailment	Pitcher and mousepad lie on table. Angela asked for pitcher.	Angela did not ask for mousepad.
entailment	Plate and snack lie on table. Arthur asked for plate.	Arthur did not ask for snack.
entailment	Food and phone lie on table. Frances asked for food.	Frances did not ask for phone.
entailment	Phone and notebook lie on table. Jerry asked for phone.	Jerry did not ask for notebook.
entailment	Knife and perfume lie on table. Caroline asked for knife.	Caroline did not ask for perfume.
entailment	Cookie and serviette lie on table. Joseph asked for cookie.	Joseph did not ask for serviette.
entailment	Flower pot and plate lie on table. Fred asked for flower pot.	Fred did not ask for plate.
entailment	Bowl and napkin lie on table. Paul asked for bowl.	Paul did not ask for napkin.
entailment	Face wash and fork lie on table. Ed asked for face wash.	Ed did not ask for fork.
entailment	Notebook and book lie on table. John asked for notebook.	John did not ask for book.
entailment	Key and serviette lie on table. Rachel asked for key.	Rachel did not ask for serviette.
entailment	Coaster and snack lie on table. Amy asked for coaster.	Amy did not ask for snack.
entailment	Book and eyeliner lie on table. Ruth asked for book.	Ruth did not ask for eyeliner.
entailment	Book and silverware lie on table. Greg asked for book.	Greg did not ask for silverware.
entailment	Knife and toothpaste lie on table. Carolyn asked for knife.	Carolyn did not ask for toothpaste.
entailment	Bowl and eyeliner lie on table. Francis asked for bowl.	Francis did not ask for eyeliner.
entailment	Cookie and glass lie on table. Kim asked for cookie.	Kim did not ask for glass.
entailment	Serviette and key lie on table. Laura asked for serviette.	Laura did not ask for key.
entailment	Serviette and knife lie on table. Louise asked for serviette.	Louise did not ask for knife.
entailment	File and fork lie on table. Virginia asked for file.	Virginia did not ask for fork.
entailment	Laptop and phone lie on table. Bobby asked for laptop.	Bobby did not ask for phone.
entailment	Notebook and face wash lie on table. Nick asked for notebook.	Nick did not ask for face wash.
entailment	Knife and flower pot lie on table. Edwin asked for knife.	Edwin did not ask for flower pot.
entailment	Perfume and file lie on table. Mark asked for perfume.	Mark did not ask for file.
entailment	Fork and cookie lie on table. Donald asked for fork.	Donald did not ask for cookie.
entailment	Plate and phone lie on table. Diane asked for plate.	Diane did not ask for phone.
entailment	Coaster and eyeliner lie on table. Jonathan asked for coaster.	Jonathan did not ask for eyeliner.
entailment	Bowl and perfume lie on table. Eleanor asked for bowl.	Eleanor did not ask for perfume.
entailment	Book and snack lie on table. Kevin asked for book.	Kevin did not ask for snack.
entailment	File and key lie on table. Edith asked for file.	Edith did not ask for key.
entailment	Book and coaster lie on table. Leslie asked for book.	Leslie did not ask for coaster.
entailment	Napkin and perfume lie on table. Alexandra asked for napkin.	Alexandra did not ask for perfume.
entailment	Fork and bottle lie on table. Annie asked for fork.	Annie did not ask for bottle.
entailment	Laptop and knife lie on table. Philip asked for laptop.	Philip did not ask for knife.
entailment	Plate and phone lie on table. Edward asked for plate.	Edward did not ask for phone.
entailment	Bottle and notebook lie on table. Walter asked for bottle.	Walter did not ask for notebook.
entailment	Coaster and cup lie on table. Brian asked for coaster.	Brian did not ask for cup.
entailment	Perfume and notebook lie on table. Ashley asked for perfume.	Ashley did not ask for notebook.
entailment	Serviette and toothpaste lie on table. Anne asked for serviette.	Anne did not ask for toothpaste.
entailment	Knife and pin lie on table. Emily asked for knife.	Emily did not ask for pin.
entailment	Food and fork lie on table. Lisa asked for food.	Lisa did not ask for fork.
entailment	Cookie and coaster lie on table. Bruce asked for cookie.	Bruce did not ask for coaster.
entailment	Snack and glass lie on table. Lisa asked for snack.	Lisa did not ask for glass.
entailment	Spoon and serviette lie on table. Simon asked for spoon.	Simon did not ask for serviette.
entailment	Notebook and cup lie on table. Richard asked for notebook.	Richard did not ask for cup.
entailment	Knife and laptop lie on table. Ben asked for knife.	Ben did not ask for laptop.
entailment	Cookie and silverware lie on table. James asked for cookie.	James did not ask for silverware.
entailment	Pin and face wash lie on table. Johnny asked for pin.	Johnny did not ask for face wash.
entailment	Key and fork lie on table. Kim asked for key.	Kim did not ask for fork.
entailment	Notebook and laptop lie on table. Louise asked for notebook.	Louise did not ask for laptop.
entailment	Serviette and eyeliner lie on table. Don asked for serviette.	Don did not ask for eyeliner.
entailment	Perfume and notebook lie on table. Benjamin asked for perfume.	Benjamin did not ask for notebook.
entailment	Toothbrush and pitcher lie on table. Richard asked for toothbrush.	Richard did not ask for pitcher.
entailment	File and face wash lie on table. Ellen asked for file.	Ellen did not ask for face wash.
entailment	Fork and notebook lie on table. Sandra asked for fork.	Sandra did not ask for notebook.
entailment	Bottle and notebook lie on table. Harry asked for bottle.	Harry did not ask for notebook.
entailment	Perfume and laptop lie on table. Annie asked for perfume.	Annie did not ask for laptop.
entailment	Pin and bowl lie on table. Alice asked for pin.	Alice did not ask for bowl.
entailment	Key and cookie lie on table. Diane asked for key.	Diane did not ask for cookie.
entailment	Toothpaste and napkin lie on table. Ben asked for toothpaste.	Ben did not ask for napkin.
entailment	Serviette and silverware lie on table. Emily asked for serviette.	Emily did not ask for silverware.
entailment	Snack and notebook lie on table. Katherine asked for snack.	Katherine did not ask for notebook.
entailment	Book and notebook lie on table. Florence asked for book.	Florence did not ask for notebook.
entailment	Cookie and bottle lie on table. Nicole asked for cookie.	Nicole did not ask for bottle.
entailment	Spoon and key lie on table. Kathleen asked for spoon.	Kathleen did not ask for key.
entailment	Food and spoon lie on table. Edward asked for food.	Edward did not ask for spoon.
entailment	Spoon and plate lie on table. Andrea asked for spoon.	Andrea did not ask for plate.
entailment	Napkin and plate lie on table. Sarah asked for napkin.	Sarah did not ask for plate.
entailment	Face wash and fork lie on table. Lauren asked for face wash.	Lauren did not ask for fork.
entailment	Serviette and toothpaste lie on table. Anthony asked for serviette.	Anthony did not ask for toothpaste.
entailment	Mousepad and key lie on table. Frances asked for mousepad.	Frances did not ask for key.
entailment	Knife and fork lie on table. Larry asked for knife.	Larry did not ask for fork.
entailment	Coaster and mousepad lie on table. Bob asked for coaster.	Bob did not ask for mousepad.
entailment	Knife and spoon lie on table. Katie asked for knife.	Katie did not ask for spoon.
entailment	Bottle and face wash lie on table. Ann asked for bottle.	Ann did not ask for face wash.
entailment	Spoon and bottle lie on table. Suzanne asked for spoon.	Suzanne did not ask for bottle.
entailment	Notebook and snack lie on table. Marilyn asked for notebook.	Marilyn did not ask for snack.
entailment	Book and napkin lie on table. Lynn asked for book.	Lynn did not ask for napkin.
entailment	Bowl and cookie lie on table. Kathleen asked for bowl.	Kathleen did not ask for cookie.
entailment	Food and snack lie on table. Arthur asked for food.	Arthur did not ask for snack.
entailment	Serviette and laptop lie on table. Jack asked for serviette.	Jack did not ask for laptop.
entailment	Mousepad and snack lie on table. Kevin asked for mousepad.	Kevin did not ask for snack.
entailment	Perfume and flower pot lie on table. Joan asked for perfume.	Joan did not ask for flower pot.
entailment	Mousepad and pitcher lie on table. Grace asked for mousepad.	Grace did not ask for pitcher.
entailment	Key and glass lie on table. Mary asked for key.	Mary did not ask for glass.
entailment	Cookie and notebook lie on table. Carolyn asked for cookie.	Carolyn did not ask for notebook.
entailment	Pitcher and glass lie on table. Caroline asked for pitcher.	Caroline did not ask for glass.
entailment	Knife and face wash lie on table. Charlotte asked for knife.	Charlotte did not ask for face wash.
entailment	Knife and pitcher lie on table. Diana asked for knife.	Diana did not ask for pitcher.
entailment	Mousepad and phone lie on table. Michelle asked for mousepad.	Michelle did not ask for phone.
entailment	Knife and book lie on table. David asked for knife.	David did not ask for book.
entailment	Food and bowl lie on table. Kenneth asked for food.	Kenneth did not ask for bowl.
entailment	Toothpaste and phone lie on table. Jessica asked for toothpaste.	Jessica did not ask for phone.
entailment	Coaster and file lie on table. Jason asked for coaster.	Jason did not ask for file.
entailment	Toothpaste and pin lie on table. Judy asked for toothpaste.	Judy did not ask for pin.
entailment	Perfume and napkin lie on table. Sara asked for perfume.	Sara did not ask for napkin.
entailment	File and silverware lie on table. Christine asked for file.	Christine did not ask for silverware.
entailment	Fork and phone lie on table. Frank asked for fork.	Frank did not ask for phone.
entailment	Knife and food lie on table. Edward asked for knife.	Edward did not ask for food.
entailment	Toothbrush and cookie lie on table. Ron asked for toothbrush.	Ron did not ask for cookie.
entailment	Fork and phone lie on table. Brian asked for fork.	Brian did not ask for phone.
entailment	Napkin and coaster lie on table. Donna asked for napkin.	Donna did not ask for coaster.
entailment	Food and plate lie on table. Robin asked for food.	Robin did not ask for plate.
entailment	File and notebook lie on table. Grace asked for file.	Grace did not ask for notebook.
entailment	Eyeliner and bowl lie on table. Lisa asked for eyeliner.	Lisa did not ask for bowl.
entailment	Pin and flower pot lie on table. Kevin asked for pin.	Kevin did not ask for flower pot.
entailment	Coaster and napkin lie on table. Sam asked for coaster.	Sam did not ask for napkin.
entailment	Cup and notebook lie on table. Ian asked for cup.	Ian did not ask for notebook.
entailment	Phone and bottle lie on table. Amanda asked for phone.	Amanda did not ask for bottle.
entailment	Toothpaste and silverware lie on table. Ian asked for toothpaste.	Ian did not ask for silverware.
entailment	Book and file lie on table. Angela asked for book.	Angela did not ask for file.
entailment	Cookie and toothbrush lie on table. Scott asked for cookie.	Scott did not ask for toothbrush.
entailment	Silverware and cup lie on table. Margaret asked for silverware.	Margaret did not ask for cup.
entailment	Toothbrush and pitcher lie on table. Sue asked for toothbrush.	Sue did not ask for pitcher.
entailment	Food and file lie on table. Jimmy asked for food.	Jimmy did not ask for file.
entailment	Bowl and eyeliner lie on table. Nick asked for bowl.	Nick did not ask for eyeliner.
entailment	Cup and cookie lie on table. Frederick asked for cup.	Frederick did not ask for cookie.
entailment	Fork and food lie on table. Roger asked for fork.	Roger did not ask for food.
entailment	Notebook and glass lie on table. Martha asked for notebook.	Martha did not ask for glass.
entailment	Food and face wash lie on table. Jean asked for food.	Jean did not ask for face wash.
entailment	Spoon and key lie on table. David asked for spoon.	David did not ask for key.
entailment	Key and perfume lie on table. Jerry asked for key.	Jerry did not ask for perfume.
entailment	Pitcher and key lie on table. Dan asked for pitcher.	Dan did not ask for key.
entailment	Pin and notebook lie on table. Don asked for pin.	Don did not ask for notebook.
entailment	Knife and phone lie on table. George asked for knife.	George did not ask for phone.
entailment	Snack and plate lie on table. Frank asked for snack.	Frank did not ask for plate.
entailment	Knife and fork lie on table. Christine asked for knife.	Christine did not ask for fork.
entailment	File and laptop lie on table. Sue asked for file.	Sue did not ask for laptop.
entailment	Cookie and plate lie on table. Scott asked for cookie.	Scott did not ask for plate.
entailment	Toothpaste and glass lie on table. Lauren asked for toothpaste.	Lauren did not ask for glass.
entailment	Notebook and spoon lie on table. Angela asked for notebook.	Angela did not ask for spoon.
entailment	Cookie and fork lie on table. Florence asked for cookie.	Florence did not ask for fork.
entailment	Pin and spoon lie on table. Jennifer asked for pin.	Jennifer did not ask for spoon.
entailment	Pitcher and file lie on table. Emma asked for pitcher.	Emma did not ask for file.
entailment	Mousepad and plate lie on table. Sharon asked for mousepad.	Sharon did not ask for plate.
entailment	Laptop and flower pot lie on table. Angela asked for laptop.	Angela did not ask for flower pot.
entailment	Serviette and key lie on table. Barbara asked for serviette.	Barbara did not ask for key.
entailment	Face wash and mousepad lie on table. Deborah asked for face wash.	Deborah did not ask for mousepad.
entailment	Phone and book lie on table. Alan asked for phone.	Alan did not ask for book.
entailment	File and coaster lie on table. Kathleen asked for file.	Kathleen did not ask for coaster.
entailment	Bowl and serviette lie on table. Dan asked for bowl.	Dan did not ask for serviette.
entailment	File and glass lie on table. Marie asked for file.	Marie did not ask for glass.
entailment	Perfume and knife lie on table. Laura asked for perfume.	Laura did not ask for knife.
entailment	Notebook and knife lie on table. David asked for notebook.	David did not ask for knife.
entailment	Pitcher and toothpaste lie on table. George asked for pitcher.	George did not ask for toothpaste.
entailment	Toothbrush and perfume lie on table. Andrew asked for toothbrush.	Andrew did not ask for perfume.
entailment	Glass and pin lie on table. Tom asked for glass.	Tom did not ask for pin.
entailment	Serviette and phone lie on table. Jim asked for serviette.	Jim did not ask for phone.
entailment	File and mousepad lie on table. Richard asked for file.	Richard did not ask for mousepad.
entailment	Mousepad and glass lie on table. Claire asked for mousepad.	Claire did not ask for glass.
entailment	Key and toothpaste lie on table. Tim asked for key.	Tim did not ask for toothpaste.
entailment	File and cup lie on table. Michelle asked for file.	Michelle did not ask for cup.
entailment	Flower pot and napkin lie on table. Ken asked for flower pot.	Ken did not ask for napkin.
entailment	Perfume and notebook lie on table. Michael asked for perfume.	Michael did not ask for notebook.
entailment	Laptop and napkin lie on table. Jennifer asked for laptop.	Jennifer did not ask for napkin.
entailment	Flower pot and file lie on table. Frances asked for flower pot.	Frances did not ask for file.
entailment	Flower pot and pin lie on table. Don asked for flower pot.	Don did not ask for pin.
