contradiction	Instead of reading Carolyn is speaking.	Carolyn is reading.
contradiction	Instead of going Lucy is listening.	Lucy is going.
contradiction	Instead of dancing Donna is sleeping.	Donna is dancing.
contradiction	Instead of sleeping Harriet is working.	Harriet is sleeping.
contradiction	Instead of reading Patricia is listening.	Patricia is reading.
contradiction	Instead of sleeping Sandra is exercising.	Sandra is sleeping.
contradiction	Instead of working Mary is running.	Mary is working.
contradiction	Instead of going Jason is reading.	Jason is going.
contradiction	Instead of dancing Howard is studying.	Howard is dancing.
contradiction	Instead of going Hugh is sleeping.	Hugh is going.
contradiction	Instead of going Rose is listening.	Rose is going.
contradiction	Instead of writing Samuel is swimming.	Samuel is writing.
contradiction	Instead of writing Melissa is listening.	Melissa is writing.
contradiction	Instead of sleeping James is swimming.	James is sleeping.
contradiction	Instead of listening Bob is reading.	Bob is listening.
contradiction	Instead of speaking Michael is studying.	Michael is speaking.
contradiction	Instead of reading Dave is sleeping.	Dave is reading.
contradiction	Instead of working Sarah is running.	Sarah is working.
contradiction	Instead of speaking Florence is exercising.	Florence is speaking.
contradiction	Instead of reading Sandra is listening.	Sandra is reading.
contradiction	Instead of reading Deborah is speaking.	Deborah is reading.
contradiction	Instead of listening Lawrence is working.	Lawrence is listening.
contradiction	Instead of swimming Fiona is reading.	Fiona is swimming.
contradiction	Instead of working Julia is exercising.	Julia is working.
contradiction	Instead of listening Bruce is dancing.	Bruce is listening.
contradiction	Instead of exercising Matt is speaking.	Matt is exercising.
contradiction	Instead of exercising Ken is going.	Ken is exercising.
contradiction	Instead of writing Steve is sleeping.	Steve is writing.
contradiction	Instead of reading Nick is working.	Nick is reading.
contradiction	Instead of sleeping Michael is reading.	Michael is sleeping.
contradiction	Instead of swimming Barbara is travelling.	Barbara is swimming.
contradiction	Instead of reading Lucy is listening.	Lucy is reading.
contradiction	Instead of speaking Jane is reading.	Jane is speaking.
contradiction	Instead of exercising Francis is listening.	Francis is exercising.
contradiction	Instead of writing Laura is running.	Laura is writing.
contradiction	Instead of sleeping Dorothy is exercising.	Dorothy is sleeping.
contradiction	Instead of running Charlotte is working.	Charlotte is running.
contradiction	Instead of working Billy is reading.	Billy is working.
contradiction	Instead of exercising Sam is running.	Sam is exercising.
contradiction	Instead of exercising Emma is speaking.	Emma is exercising.
contradiction	Instead of reading Eric is speaking.	Eric is reading.
contradiction	Instead of exercising Roger is travelling.	Roger is exercising.
contradiction	Instead of speaking Robert is exercising.	Robert is speaking.
contradiction	Instead of working Sarah is travelling.	Sarah is working.
contradiction	Instead of running Ralph is painting.	Ralph is running.
contradiction	Instead of travelling Johnny is speaking.	Johnny is travelling.
contradiction	Instead of exercising Howard is sleeping.	Howard is exercising.
contradiction	Instead of sleeping Donald is writing.	Donald is sleeping.
contradiction	Instead of painting Christine is listening.	Christine is painting.
contradiction	Instead of exercising Billy is going.	Billy is exercising.
contradiction	Instead of reading Jim is running.	Jim is reading.
contradiction	Instead of painting Greg is dancing.	Greg is painting.
contradiction	Instead of painting Deborah is working.	Deborah is painting.
contradiction	Instead of writing Janet is sleeping.	Janet is writing.
contradiction	Instead of going Don is studying.	Don is going.
contradiction	Instead of reading Frederick is painting.	Frederick is reading.
contradiction	Instead of going John is dancing.	John is going.
contradiction	Instead of dancing Frances is sleeping.	Frances is dancing.
contradiction	Instead of sleeping Jeff is swimming.	Jeff is sleeping.
contradiction	Instead of dancing Sharon is speaking.	Sharon is dancing.
contradiction	Instead of studying Judy is sleeping.	Judy is studying.
contradiction	Instead of going Richard is studying.	Richard is going.
contradiction	Instead of writing Claire is speaking.	Claire is writing.
contradiction	Instead of going Scott is working.	Scott is going.
contradiction	Instead of writing Alfred is listening.	Alfred is writing.
contradiction	Instead of studying Al is exercising.	Al is studying.
contradiction	Instead of dancing Caroline is running.	Caroline is dancing.
contradiction	Instead of writing Roy is going.	Roy is writing.
contradiction	Instead of exercising Richard is speaking.	Richard is exercising.
contradiction	Instead of dancing Ann is listening.	Ann is dancing.
contradiction	Instead of exercising Ron is going.	Ron is exercising.
contradiction	Instead of reading Steve is sleeping.	Steve is reading.
contradiction	Instead of swimming Henry is dancing.	Henry is swimming.
contradiction	Instead of travelling Alexander is swimming.	Alexander is travelling.
contradiction	Instead of sleeping Lisa is exercising.	Lisa is sleeping.
contradiction	Instead of swimming Edwin is writing.	Edwin is swimming.
contradiction	Instead of painting Brian is going.	Brian is painting.
contradiction	Instead of sleeping Johnny is travelling.	Johnny is sleeping.
contradiction	Instead of writing Anne is running.	Anne is writing.
contradiction	Instead of swimming Tim is exercising.	Tim is swimming.
contradiction	Instead of reading Lynn is swimming.	Lynn is reading.
contradiction	Instead of swimming Robert is working.	Robert is swimming.
contradiction	Instead of listening Sara is dancing.	Sara is listening.
contradiction	Instead of working Colin is listening.	Colin is working.
contradiction	Instead of speaking Carol is listening.	Carol is speaking.
contradiction	Instead of travelling Betty is painting.	Betty is travelling.
contradiction	Instead of running Roger is exercising.	Roger is running.
contradiction	Instead of exercising Tom is studying.	Tom is exercising.
contradiction	Instead of working Frank is studying.	Frank is working.
contradiction	Instead of listening Sara is working.	Sara is listening.
contradiction	Instead of writing Mike is reading.	Mike is writing.
contradiction	Instead of running Henry is reading.	Henry is running.
contradiction	Instead of working Francis is listening.	Francis is working.
contradiction	Instead of reading Annie is painting.	Annie is reading.
contradiction	Instead of sleeping Anthony is painting.	Anthony is sleeping.
contradiction	Instead of running Christopher is speaking.	Christopher is running.
contradiction	Instead of painting Linda is exercising.	Linda is painting.
contradiction	Instead of going Kathryn is exercising.	Kathryn is going.
contradiction	Instead of writing Benjamin is painting.	Benjamin is writing.
contradiction	Instead of reading Jeff is sleeping.	Jeff is reading.
contradiction	Instead of sleeping Martha is listening.	Martha is sleeping.
contradiction	Instead of listening John is writing.	John is listening.
contradiction	Instead of writing Sam is going.	Sam is writing.
contradiction	Instead of travelling Howard is painting.	Howard is travelling.
contradiction	Instead of reading Elizabeth is working.	Elizabeth is reading.
contradiction	Instead of running Benjamin is exercising.	Benjamin is running.
contradiction	Instead of studying Bobby is travelling.	Bobby is studying.
contradiction	Instead of painting Kevin is sleeping.	Kevin is painting.
contradiction	Instead of sleeping Robin is speaking.	Robin is sleeping.
contradiction	Instead of travelling Matt is sleeping.	Matt is travelling.
contradiction	Instead of writing Ruth is speaking.	Ruth is writing.
contradiction	Instead of painting Mike is listening.	Mike is painting.
contradiction	Instead of exercising Betty is studying.	Betty is exercising.
contradiction	Instead of running Angela is going.	Angela is running.
contradiction	Instead of running Sharon is sleeping.	Sharon is running.
contradiction	Instead of going Harold is running.	Harold is going.
contradiction	Instead of going Keith is painting.	Keith is going.
contradiction	Instead of working Emily is travelling.	Emily is working.
contradiction	Instead of dancing Janet is running.	Janet is dancing.
contradiction	Instead of reading Tim is going.	Tim is reading.
contradiction	Instead of working Philip is dancing.	Philip is working.
contradiction	Instead of sleeping Jeff is reading.	Jeff is sleeping.
contradiction	Instead of going Laura is reading.	Laura is going.
contradiction	Instead of working Carol is listening.	Carol is working.
contradiction	Instead of painting Donald is working.	Donald is painting.
contradiction	Instead of listening Sandra is going.	Sandra is listening.
contradiction	Instead of speaking Ken is listening.	Ken is speaking.
contradiction	Instead of going Dorothy is running.	Dorothy is going.
contradiction	Instead of dancing Mike is travelling.	Mike is dancing.
contradiction	Instead of listening Alexandra is reading.	Alexandra is listening.
contradiction	Instead of travelling Kathryn is swimming.	Kathryn is travelling.
contradiction	Instead of studying Cynthia is exercising.	Cynthia is studying.
contradiction	Instead of dancing Brian is running.	Brian is dancing.
contradiction	Instead of speaking Emily is studying.	Emily is speaking.
contradiction	Instead of dancing Sharon is going.	Sharon is dancing.
contradiction	Instead of studying Amy is working.	Amy is studying.
contradiction	Instead of writing Joseph is sleeping.	Joseph is writing.
contradiction	Instead of swimming Sue is speaking.	Sue is swimming.
contradiction	Instead of exercising Larry is swimming.	Larry is exercising.
contradiction	Instead of exercising Julie is sleeping.	Julie is exercising.
contradiction	Instead of painting Edward is swimming.	Edward is painting.
contradiction	Instead of writing Sharon is painting.	Sharon is writing.
contradiction	Instead of sleeping Lawrence is exercising.	Lawrence is sleeping.
contradiction	Instead of listening Johnny is sleeping.	Johnny is listening.
contradiction	Instead of listening Fred is travelling.	Fred is listening.
contradiction	Instead of swimming Charles is going.	Charles is swimming.
contradiction	Instead of dancing Marilyn is writing.	Marilyn is dancing.
contradiction	Instead of reading Deborah is swimming.	Deborah is reading.
contradiction	Instead of dancing Sarah is sleeping.	Sarah is dancing.
contradiction	Instead of speaking Sally is exercising.	Sally is speaking.
contradiction	Instead of going Patrick is studying.	Patrick is going.
contradiction	Instead of studying Carol is dancing.	Carol is studying.
contradiction	Instead of listening Bobby is studying.	Bobby is listening.
contradiction	Instead of working Anna is writing.	Anna is working.
contradiction	Instead of reading Paul is painting.	Paul is reading.
contradiction	Instead of sleeping Francis is working.	Francis is sleeping.
contradiction	Instead of sleeping Harold is dancing.	Harold is sleeping.
contradiction	Instead of reading Claire is writing.	Claire is reading.
contradiction	Instead of dancing Ken is running.	Ken is dancing.
contradiction	Instead of speaking Harry is exercising.	Harry is speaking.
contradiction	Instead of running Harry is going.	Harry is running.
contradiction	Instead of exercising Sally is going.	Sally is exercising.
contradiction	Instead of going Tom is working.	Tom is going.
contradiction	Instead of travelling Alex is writing.	Alex is travelling.
contradiction	Instead of painting Caroline is speaking.	Caroline is painting.
contradiction	Instead of dancing Joan is writing.	Joan is dancing.
contradiction	Instead of going Keith is speaking.	Keith is going.
contradiction	Instead of dancing Jack is writing.	Jack is dancing.
contradiction	Instead of swimming Stephanie is studying.	Stephanie is swimming.
contradiction	Instead of exercising Jack is reading.	Jack is exercising.
contradiction	Instead of going Joe is travelling.	Joe is going.
contradiction	Instead of working Judith is writing.	Judith is working.
contradiction	Instead of dancing Brian is working.	Brian is dancing.
contradiction	Instead of swimming Carol is exercising.	Carol is swimming.
contradiction	Instead of exercising Al is studying.	Al is exercising.
contradiction	Instead of writing Diana is reading.	Diana is writing.
contradiction	Instead of listening Bob is studying.	Bob is listening.
contradiction	Instead of writing Bruce is studying.	Bruce is writing.
contradiction	Instead of swimming Karen is exercising.	Karen is swimming.
contradiction	Instead of travelling Jim is going.	Jim is travelling.
contradiction	Instead of listening Paul is studying.	Paul is listening.
contradiction	Instead of writing Ray is exercising.	Ray is writing.
contradiction	Instead of painting Frank is going.	Frank is painting.
contradiction	Instead of writing Harold is running.	Harold is writing.
contradiction	Instead of dancing Steve is writing.	Steve is dancing.
contradiction	Instead of studying Carolyn is writing.	Carolyn is studying.
contradiction	Instead of going Nick is swimming.	Nick is going.
contradiction	Instead of running Patrick is painting.	Patrick is running.
contradiction	Instead of going Jane is reading.	Jane is going.
contradiction	Instead of listening Karen is studying.	Karen is listening.
contradiction	Instead of working Carol is dancing.	Carol is working.
contradiction	Instead of travelling Tony is running.	Tony is travelling.
contradiction	Instead of going Jean is writing.	Jean is going.
contradiction	Instead of going Anne is travelling.	Anne is going.
contradiction	Instead of sleeping Adam is travelling.	Adam is sleeping.
contradiction	Instead of going Matt is sleeping.	Matt is going.
contradiction	Instead of swimming Nicole is travelling.	Nicole is swimming.
contradiction	Instead of reading Adam is sleeping.	Adam is reading.
contradiction	Instead of writing Frank is listening.	Frank is writing.
contradiction	Instead of dancing Alexander is swimming.	Alexander is dancing.
contradiction	Instead of running Harry is sleeping.	Harry is running.
contradiction	Instead of dancing James is working.	James is dancing.
contradiction	Instead of dancing Katie is travelling.	Katie is dancing.
contradiction	Instead of listening Greg is going.	Greg is listening.
contradiction	Instead of painting Christine is sleeping.	Christine is painting.
contradiction	Instead of dancing Bobby is working.	Bobby is dancing.
contradiction	Instead of swimming Henry is dancing.	Henry is swimming.
contradiction	Instead of going Gary is sleeping.	Gary is going.
contradiction	Instead of painting Anne is writing.	Anne is painting.
contradiction	Instead of listening Larry is writing.	Larry is listening.
contradiction	Instead of exercising Robin is working.	Robin is exercising.
contradiction	Instead of dancing Joseph is travelling.	Joseph is dancing.
contradiction	Instead of exercising Laura is swimming.	Laura is exercising.
contradiction	Instead of dancing Harriet is travelling.	Harriet is dancing.
contradiction	Instead of listening Harold is sleeping.	Harold is listening.
contradiction	Instead of writing Nicole is speaking.	Nicole is writing.
contradiction	Instead of sleeping Louise is reading.	Louise is sleeping.
contradiction	Instead of listening Michael is running.	Michael is listening.
contradiction	Instead of exercising Simon is writing.	Simon is exercising.
contradiction	Instead of running Dan is studying.	Dan is running.
contradiction	Instead of writing Joan is studying.	Joan is writing.
contradiction	Instead of reading Nicole is going.	Nicole is reading.
contradiction	Instead of painting Mark is studying.	Mark is painting.
contradiction	Instead of dancing Donald is swimming.	Donald is dancing.
contradiction	Instead of exercising Ruth is sleeping.	Ruth is exercising.
contradiction	Instead of exercising Jay is travelling.	Jay is exercising.
contradiction	Instead of going John is running.	John is going.
contradiction	Instead of running Sam is speaking.	Sam is running.
contradiction	Instead of working Tom is travelling.	Tom is working.
contradiction	Instead of sleeping Rebecca is reading.	Rebecca is sleeping.
contradiction	Instead of speaking Matthew is working.	Matthew is speaking.
contradiction	Instead of going Claire is listening.	Claire is going.
contradiction	Instead of writing Anne is exercising.	Anne is writing.
contradiction	Instead of travelling Laura is going.	Laura is travelling.
contradiction	Instead of studying Edwin is working.	Edwin is studying.
contradiction	Instead of working Emily is speaking.	Emily is working.
contradiction	Instead of travelling Jason is working.	Jason is travelling.
contradiction	Instead of running Lawrence is sleeping.	Lawrence is running.
contradiction	Instead of swimming Alan is painting.	Alan is swimming.
contradiction	Instead of travelling Bob is sleeping.	Bob is travelling.
contradiction	Instead of exercising Pamela is travelling.	Pamela is exercising.
contradiction	Instead of exercising Edward is listening.	Edward is exercising.
contradiction	Instead of dancing George is exercising.	George is dancing.
contradiction	Instead of painting Barbara is swimming.	Barbara is painting.
contradiction	Instead of listening Fred is going.	Fred is listening.
contradiction	Instead of speaking Kim is dancing.	Kim is speaking.
contradiction	Instead of swimming Paul is running.	Paul is swimming.
contradiction	Instead of dancing Alan is sleeping.	Alan is dancing.
contradiction	Instead of working Simon is painting.	Simon is working.
contradiction	Instead of studying Rebecca is reading.	Rebecca is studying.
contradiction	Instead of dancing Brian is painting.	Brian is dancing.
contradiction	Instead of travelling Carol is reading.	Carol is travelling.
contradiction	Instead of going Leslie is painting.	Leslie is going.
contradiction	Instead of dancing Susan is writing.	Susan is dancing.
contradiction	Instead of swimming Bobby is painting.	Bobby is swimming.
contradiction	Instead of studying Florence is speaking.	Florence is studying.
contradiction	Instead of going Wendy is running.	Wendy is going.
contradiction	Instead of running Robert is speaking.	Robert is running.
contradiction	Instead of listening Catherine is writing.	Catherine is listening.
contradiction	Instead of painting Charles is working.	Charles is painting.
contradiction	Instead of reading Ann is travelling.	Ann is reading.
contradiction	Instead of dancing Charlotte is speaking.	Charlotte is dancing.
contradiction	Instead of painting Heather is going.	Heather is painting.
contradiction	Instead of swimming Carl is reading.	Carl is swimming.
contradiction	Instead of studying Paul is painting.	Paul is studying.
contradiction	Instead of writing Philip is travelling.	Philip is writing.
contradiction	Instead of working Marilyn is exercising.	Marilyn is working.
contradiction	Instead of listening Martin is studying.	Martin is listening.
contradiction	Instead of dancing Bruce is sleeping.	Bruce is dancing.
contradiction	Instead of working Helen is exercising.	Helen is working.
contradiction	Instead of dancing Annie is exercising.	Annie is dancing.
contradiction	Instead of travelling Matt is going.	Matt is travelling.
contradiction	Instead of writing Wendy is swimming.	Wendy is writing.
contradiction	Instead of exercising Bruce is dancing.	Bruce is exercising.
contradiction	Instead of exercising Paul is swimming.	Paul is exercising.
contradiction	Instead of reading Jay is listening.	Jay is reading.
contradiction	Instead of studying Gary is exercising.	Gary is studying.
contradiction	Instead of swimming Deborah is going.	Deborah is swimming.
contradiction	Instead of writing Roy is running.	Roy is writing.
contradiction	Instead of listening Jane is sleeping.	Jane is listening.
contradiction	Instead of going Ryan is writing.	Ryan is going.
contradiction	Instead of painting Howard is working.	Howard is painting.
contradiction	Instead of painting Rebecca is writing.	Rebecca is painting.
contradiction	Instead of going Michael is dancing.	Michael is going.
contradiction	Instead of writing Frank is painting.	Frank is writing.
contradiction	Instead of studying Maria is reading.	Maria is studying.
contradiction	Instead of going Samuel is working.	Samuel is going.
contradiction	Instead of going Sally is studying.	Sally is going.
contradiction	Instead of exercising Donna is running.	Donna is exercising.
contradiction	Instead of running Walter is speaking.	Walter is running.
contradiction	Instead of studying Philip is running.	Philip is studying.
contradiction	Instead of reading Joan is swimming.	Joan is reading.
contradiction	Instead of running Alfred is working.	Alfred is running.
contradiction	Instead of sleeping Kathryn is reading.	Kathryn is sleeping.
contradiction	Instead of studying Mike is listening.	Mike is studying.
contradiction	Instead of speaking Sue is sleeping.	Sue is speaking.
contradiction	Instead of writing Virginia is sleeping.	Virginia is writing.
contradiction	Instead of writing Lisa is sleeping.	Lisa is writing.
contradiction	Instead of dancing Claire is painting.	Claire is dancing.
contradiction	Instead of speaking Lisa is listening.	Lisa is speaking.
contradiction	Instead of reading Daniel is running.	Daniel is reading.
contradiction	Instead of running Bobby is working.	Bobby is running.
contradiction	Instead of reading Arthur is studying.	Arthur is reading.
contradiction	Instead of sleeping Fiona is listening.	Fiona is sleeping.
contradiction	Instead of dancing Matt is sleeping.	Matt is dancing.
contradiction	Instead of working Ed is reading.	Ed is working.
contradiction	Instead of exercising Dorothy is travelling.	Dorothy is exercising.
contradiction	Instead of going Nick is painting.	Nick is going.
contradiction	Instead of writing Katherine is sleeping.	Katherine is writing.
contradiction	Instead of sleeping Walter is writing.	Walter is sleeping.
contradiction	Instead of studying Cynthia is writing.	Cynthia is studying.
contradiction	Instead of sleeping Katie is working.	Katie is sleeping.
contradiction	Instead of exercising Chris is reading.	Chris is exercising.
contradiction	Instead of exercising Elaine is working.	Elaine is exercising.
contradiction	Instead of sleeping Louis is painting.	Louis is sleeping.
contradiction	Instead of listening Nick is running.	Nick is listening.
contradiction	Instead of working Kathryn is studying.	Kathryn is working.
contradiction	Instead of listening Tony is swimming.	Tony is listening.
contradiction	Instead of reading Charlotte is sleeping.	Charlotte is reading.
contradiction	Instead of speaking Albert is writing.	Albert is speaking.
contradiction	Instead of dancing Emma is going.	Emma is dancing.
contradiction	Instead of speaking Evelyn is dancing.	Evelyn is speaking.
contradiction	Instead of listening Julie is going.	Julie is listening.
contradiction	Instead of running Jay is sleeping.	Jay is running.
contradiction	Instead of running Jim is studying.	Jim is running.
contradiction	Instead of reading Frances is writing.	Frances is reading.
contradiction	Instead of exercising Harry is studying.	Harry is exercising.
contradiction	Instead of dancing Francis is running.	Francis is dancing.
contradiction	Instead of running Michael is exercising.	Michael is running.
contradiction	Instead of speaking Judy is travelling.	Judy is speaking.
contradiction	Instead of working Leslie is listening.	Leslie is working.
contradiction	Instead of sleeping Ashley is going.	Ashley is sleeping.
contradiction	Instead of studying Kathryn is speaking.	Kathryn is studying.
contradiction	Instead of sleeping Anna is exercising.	Anna is sleeping.
contradiction	Instead of travelling Larry is running.	Larry is travelling.
contradiction	Instead of sleeping Elizabeth is exercising.	Elizabeth is sleeping.
contradiction	Instead of swimming Alison is sleeping.	Alison is swimming.
contradiction	Instead of going Laura is dancing.	Laura is going.
contradiction	Instead of running Edwin is travelling.	Edwin is running.
contradiction	Instead of listening Betty is writing.	Betty is listening.
contradiction	Instead of exercising Martin is sleeping.	Martin is exercising.
contradiction	Instead of painting Kenneth is exercising.	Kenneth is painting.
contradiction	Instead of swimming Jessica is reading.	Jessica is swimming.
contradiction	Instead of dancing Robin is painting.	Robin is dancing.
contradiction	Instead of painting Francis is travelling.	Francis is painting.
contradiction	Instead of speaking Martha is reading.	Martha is speaking.
contradiction	Instead of swimming Marie is reading.	Marie is swimming.
contradiction	Instead of dancing Diane is exercising.	Diane is dancing.
contradiction	Instead of dancing Francis is speaking.	Francis is dancing.
contradiction	Instead of travelling Thomas is dancing.	Thomas is travelling.
contradiction	Instead of exercising Alan is studying.	Alan is exercising.
contradiction	Instead of painting Diane is speaking.	Diane is painting.
contradiction	Instead of running Betty is exercising.	Betty is running.
contradiction	Instead of reading Chris is swimming.	Chris is reading.
contradiction	Instead of exercising Albert is dancing.	Albert is exercising.
contradiction	Instead of travelling Harold is speaking.	Harold is travelling.
contradiction	Instead of studying Leslie is exercising.	Leslie is studying.
contradiction	Instead of studying Walter is swimming.	Walter is studying.
contradiction	Instead of studying Emma is sleeping.	Emma is studying.
contradiction	Instead of sleeping Kathy is writing.	Kathy is sleeping.
contradiction	Instead of dancing Benjamin is running.	Benjamin is dancing.
contradiction	Instead of going Don is dancing.	Don is going.
contradiction	Instead of studying Maria is writing.	Maria is studying.
contradiction	Instead of listening Tom is writing.	Tom is listening.
contradiction	Instead of painting Alice is dancing.	Alice is painting.
contradiction	Instead of running Ken is speaking.	Ken is running.
contradiction	Instead of reading George is speaking.	George is reading.
contradiction	Instead of travelling Robert is writing.	Robert is travelling.
contradiction	Instead of listening Linda is working.	Linda is listening.
contradiction	Instead of exercising Karen is listening.	Karen is exercising.
contradiction	Instead of working Tim is travelling.	Tim is working.
contradiction	Instead of dancing Dick is reading.	Dick is dancing.
contradiction	Instead of running Eleanor is writing.	Eleanor is running.
contradiction	Instead of painting Ed is swimming.	Ed is painting.
contradiction	Instead of travelling Dan is running.	Dan is travelling.
contradiction	Instead of speaking Anna is sleeping.	Anna is speaking.
contradiction	Instead of going William is painting.	William is going.
contradiction	Instead of painting Richard is running.	Richard is painting.
contradiction	Instead of painting Adam is exercising.	Adam is painting.
contradiction	Instead of painting Eric is writing.	Eric is painting.
contradiction	Instead of painting Bruce is speaking.	Bruce is painting.
contradiction	Instead of exercising Jimmy is swimming.	Jimmy is exercising.
contradiction	Instead of reading Virginia is swimming.	Virginia is reading.
contradiction	Instead of sleeping Brian is writing.	Brian is sleeping.
contradiction	Instead of studying Sam is going.	Sam is studying.
contradiction	Instead of sleeping Scott is reading.	Scott is sleeping.
contradiction	Instead of speaking Sophie is running.	Sophie is speaking.
contradiction	Instead of running Kathy is writing.	Kathy is running.
contradiction	Instead of exercising Dan is painting.	Dan is exercising.
contradiction	Instead of writing Grace is travelling.	Grace is writing.
contradiction	Instead of running Jim is listening.	Jim is running.
contradiction	Instead of speaking Ken is writing.	Ken is speaking.
contradiction	Instead of reading Michael is travelling.	Michael is reading.
contradiction	Instead of swimming Victoria is going.	Victoria is swimming.
contradiction	Instead of studying Judy is travelling.	Judy is studying.
contradiction	Instead of speaking Alice is painting.	Alice is speaking.
contradiction	Instead of reading Barbara is travelling.	Barbara is reading.
contradiction	Instead of working Jean is reading.	Jean is working.
contradiction	Instead of swimming Christopher is speaking.	Christopher is swimming.
contradiction	Instead of going Mark is running.	Mark is going.
contradiction	Instead of speaking Jill is working.	Jill is speaking.
contradiction	Instead of reading Virginia is painting.	Virginia is reading.
contradiction	Instead of dancing Christine is studying.	Christine is dancing.
contradiction	Instead of dancing Anthony is working.	Anthony is dancing.
contradiction	Instead of listening Adam is reading.	Adam is listening.
contradiction	Instead of dancing Dave is travelling.	Dave is dancing.
contradiction	Instead of speaking Ryan is swimming.	Ryan is speaking.
contradiction	Instead of sleeping Karen is speaking.	Karen is sleeping.
contradiction	Instead of dancing Gary is speaking.	Gary is dancing.
contradiction	Instead of painting Evelyn is working.	Evelyn is painting.
contradiction	Instead of running Margaret is reading.	Margaret is running.
contradiction	Instead of working Alison is sleeping.	Alison is working.
contradiction	Instead of exercising Margaret is reading.	Margaret is exercising.
contradiction	Instead of exercising Ray is working.	Ray is exercising.
contradiction	Instead of painting Andrea is studying.	Andrea is painting.
contradiction	Instead of dancing Thomas is writing.	Thomas is dancing.
contradiction	Instead of travelling Ralph is swimming.	Ralph is travelling.
contradiction	Instead of studying Anne is painting.	Anne is studying.
contradiction	Instead of dancing Sarah is writing.	Sarah is dancing.
contradiction	Instead of painting Sophie is writing.	Sophie is painting.
contradiction	Instead of sleeping Richard is swimming.	Richard is sleeping.
contradiction	Instead of painting Alex is dancing.	Alex is painting.
contradiction	Instead of reading Andrea is working.	Andrea is reading.
contradiction	Instead of writing Harold is dancing.	Harold is writing.
contradiction	Instead of going Daniel is studying.	Daniel is going.
contradiction	Instead of sleeping Patricia is listening.	Patricia is sleeping.
contradiction	Instead of dancing Wendy is studying.	Wendy is dancing.
contradiction	Instead of listening Matt is travelling.	Matt is listening.
contradiction	Instead of travelling Amanda is listening.	Amanda is travelling.
contradiction	Instead of going Jack is exercising.	Jack is going.
contradiction	Instead of exercising Pamela is working.	Pamela is exercising.
contradiction	Instead of working Bill is reading.	Bill is working.
contradiction	Instead of travelling Harry is studying.	Harry is travelling.
contradiction	Instead of painting Carol is reading.	Carol is painting.
contradiction	Instead of painting Carolyn is working.	Carolyn is painting.
contradiction	Instead of painting Nancy is working.	Nancy is painting.
contradiction	Instead of running Gary is speaking.	Gary is running.
contradiction	Instead of exercising Angela is travelling.	Angela is exercising.
contradiction	Instead of working Elizabeth is painting.	Elizabeth is working.
contradiction	Instead of travelling Jay is swimming.	Jay is travelling.
contradiction	Instead of going Don is dancing.	Don is going.
contradiction	Instead of listening Ruth is swimming.	Ruth is listening.
contradiction	Instead of working Howard is running.	Howard is working.
contradiction	Instead of writing Sara is sleeping.	Sara is writing.
contradiction	Instead of speaking Emily is reading.	Emily is speaking.
contradiction	Instead of working Donna is reading.	Donna is working.
contradiction	Instead of working Ed is writing.	Ed is working.
contradiction	Instead of writing Grace is painting.	Grace is writing.
contradiction	Instead of working Jennifer is dancing.	Jennifer is working.
contradiction	Instead of writing Ralph is working.	Ralph is writing.
contradiction	Instead of writing Al is studying.	Al is writing.
contradiction	Instead of speaking Jean is dancing.	Jean is speaking.
contradiction	Instead of working Katherine is going.	Katherine is working.
contradiction	Instead of studying James is exercising.	James is studying.
contradiction	Instead of sleeping Betty is travelling.	Betty is sleeping.
contradiction	Instead of painting Michelle is going.	Michelle is painting.
contradiction	Instead of reading Johnny is speaking.	Johnny is reading.
contradiction	Instead of running Katherine is listening.	Katherine is running.
contradiction	Instead of reading Scott is working.	Scott is reading.
contradiction	Instead of going Kim is writing.	Kim is going.
contradiction	Instead of sleeping Frances is reading.	Frances is sleeping.
contradiction	Instead of travelling Pamela is exercising.	Pamela is travelling.
contradiction	Instead of reading Adam is painting.	Adam is reading.
contradiction	Instead of listening Ray is working.	Ray is listening.
contradiction	Instead of going Kate is swimming.	Kate is going.
contradiction	Instead of studying Matt is exercising.	Matt is studying.
contradiction	Instead of exercising Al is painting.	Al is exercising.
contradiction	Instead of writing Christopher is going.	Christopher is writing.
contradiction	Instead of speaking Kevin is travelling.	Kevin is speaking.
contradiction	Instead of working Sharon is listening.	Sharon is working.
contradiction	Instead of swimming Angela is sleeping.	Angela is swimming.
contradiction	Instead of exercising Walter is going.	Walter is exercising.
contradiction	Instead of running Annie is dancing.	Annie is running.
contradiction	Instead of reading Alison is swimming.	Alison is reading.
contradiction	Instead of travelling Rachel is listening.	Rachel is travelling.
contradiction	Instead of listening Diane is going.	Diane is listening.
contradiction	Instead of travelling Elizabeth is exercising.	Elizabeth is travelling.
contradiction	Instead of sleeping Louise is dancing.	Louise is sleeping.
contradiction	Instead of going Tony is writing.	Tony is going.
contradiction	Instead of running Ian is exercising.	Ian is running.
contradiction	Instead of studying Keith is speaking.	Keith is studying.
contradiction	Instead of listening Jonathan is working.	Jonathan is listening.
contradiction	Instead of speaking Stephen is swimming.	Stephen is speaking.
contradiction	Instead of going Alison is dancing.	Alison is going.
contradiction	Instead of going Lynn is working.	Lynn is going.
contradiction	Instead of writing Andrea is running.	Andrea is writing.
contradiction	Instead of speaking Dorothy is going.	Dorothy is speaking.
contradiction	Instead of swimming Samuel is reading.	Samuel is swimming.
contradiction	Instead of swimming Steven is reading.	Steven is swimming.
contradiction	Instead of travelling Lauren is speaking.	Lauren is travelling.
contradiction	Instead of dancing Elaine is listening.	Elaine is dancing.
contradiction	Instead of studying Lynn is listening.	Lynn is studying.
contradiction	Instead of going Steven is running.	Steven is going.
contradiction	Instead of painting Deborah is travelling.	Deborah is painting.
contradiction	Instead of travelling Scott is dancing.	Scott is travelling.
contradiction	Instead of exercising Robin is going.	Robin is exercising.
contradiction	Instead of working Anna is swimming.	Anna is working.
contradiction	Instead of dancing Michelle is listening.	Michelle is dancing.
contradiction	Instead of speaking Eric is going.	Eric is speaking.
contradiction	Instead of listening Edwin is travelling.	Edwin is listening.
contradiction	Instead of studying Francis is exercising.	Francis is studying.
contradiction	Instead of going Sara is sleeping.	Sara is going.
contradiction	Instead of reading Jay is dancing.	Jay is reading.
contradiction	Instead of swimming Jimmy is reading.	Jimmy is swimming.
contradiction	Instead of studying Margaret is speaking.	Margaret is studying.
contradiction	Instead of reading Wendy is swimming.	Wendy is reading.
contradiction	Instead of exercising Laura is writing.	Laura is exercising.
contradiction	Instead of listening Louis is going.	Louis is listening.
contradiction	Instead of travelling Harry is reading.	Harry is travelling.
contradiction	Instead of painting Eric is sleeping.	Eric is painting.
contradiction	Instead of writing Philip is studying.	Philip is writing.
contradiction	Instead of painting Greg is travelling.	Greg is painting.
contradiction	Instead of reading Patricia is exercising.	Patricia is reading.
contradiction	Instead of exercising Rebecca is working.	Rebecca is exercising.
contradiction	Instead of writing William is dancing.	William is writing.
contradiction	Instead of listening Angela is going.	Angela is listening.
contradiction	Instead of dancing Bill is speaking.	Bill is dancing.
contradiction	Instead of sleeping Ron is swimming.	Ron is sleeping.
contradiction	Instead of travelling Peter is painting.	Peter is travelling.
contradiction	Instead of reading Ray is writing.	Ray is reading.
contradiction	Instead of exercising Alexander is travelling.	Alexander is exercising.
contradiction	Instead of going Carl is listening.	Carl is going.
contradiction	Instead of running Matt is writing.	Matt is running.
contradiction	Instead of working Martin is writing.	Martin is working.
contradiction	Instead of swimming Leslie is reading.	Leslie is swimming.
contradiction	Instead of writing Suzanne is sleeping.	Suzanne is writing.
contradiction	Instead of sleeping Donald is writing.	Donald is sleeping.
contradiction	Instead of listening Ian is going.	Ian is listening.
contradiction	Instead of sleeping Don is swimming.	Don is sleeping.
contradiction	Instead of dancing Roger is running.	Roger is dancing.
contradiction	Instead of sleeping Jonathan is running.	Jonathan is sleeping.
contradiction	Instead of writing Roger is listening.	Roger is writing.
contradiction	Instead of painting Louis is studying.	Louis is painting.
contradiction	Instead of going Don is sleeping.	Don is going.
contradiction	Instead of travelling Brian is speaking.	Brian is travelling.
contradiction	Instead of listening Wendy is writing.	Wendy is listening.
contradiction	Instead of sleeping Grace is swimming.	Grace is sleeping.
contradiction	Instead of working Lauren is going.	Lauren is working.
contradiction	Instead of travelling Judy is sleeping.	Judy is travelling.
contradiction	Instead of swimming Kathy is exercising.	Kathy is swimming.
contradiction	Instead of going Alison is working.	Alison is going.
contradiction	Instead of dancing Ruth is speaking.	Ruth is dancing.
contradiction	Instead of dancing Paul is swimming.	Paul is dancing.
contradiction	Instead of exercising Jason is studying.	Jason is exercising.
contradiction	Instead of running Daniel is studying.	Daniel is running.
contradiction	Instead of working Frances is sleeping.	Frances is working.
contradiction	Instead of writing Katherine is painting.	Katherine is writing.
contradiction	Instead of swimming Harry is writing.	Harry is swimming.
contradiction	Instead of travelling Kathleen is going.	Kathleen is travelling.
contradiction	Instead of studying Jason is exercising.	Jason is studying.
contradiction	Instead of listening Marie is speaking.	Marie is listening.
contradiction	Instead of reading Donna is travelling.	Donna is reading.
contradiction	Instead of listening Michael is going.	Michael is listening.
contradiction	Instead of studying James is dancing.	James is studying.
contradiction	Instead of swimming Fiona is studying.	Fiona is swimming.
contradiction	Instead of going Sara is studying.	Sara is going.
contradiction	Instead of reading Donna is running.	Donna is reading.
contradiction	Instead of running Catherine is writing.	Catherine is running.
contradiction	Instead of sleeping Ralph is going.	Ralph is sleeping.
contradiction	Instead of exercising Benjamin is studying.	Benjamin is exercising.
contradiction	Instead of exercising Kate is dancing.	Kate is exercising.
contradiction	Instead of studying Lisa is dancing.	Lisa is studying.
contradiction	Instead of working Pamela is painting.	Pamela is working.
contradiction	Instead of listening Richard is working.	Richard is listening.
contradiction	Instead of studying Patricia is listening.	Patricia is studying.
contradiction	Instead of exercising Cynthia is listening.	Cynthia is exercising.
contradiction	Instead of exercising Ashley is speaking.	Ashley is exercising.
contradiction	Instead of going John is exercising.	John is going.
contradiction	Instead of speaking Benjamin is dancing.	Benjamin is speaking.
contradiction	Instead of studying Ann is reading.	Ann is studying.
contradiction	Instead of travelling Dan is listening.	Dan is travelling.
contradiction	Instead of travelling Carolyn is painting.	Carolyn is travelling.
contradiction	Instead of listening Elizabeth is running.	Elizabeth is listening.
contradiction	Instead of sleeping Robin is exercising.	Robin is sleeping.
contradiction	Instead of working Matthew is travelling.	Matthew is working.
contradiction	Instead of writing Kim is sleeping.	Kim is writing.
contradiction	Instead of reading Michelle is painting.	Michelle is reading.
contradiction	Instead of working Suzanne is writing.	Suzanne is working.
contradiction	Instead of running Steven is painting.	Steven is running.
contradiction	Instead of exercising Lawrence is writing.	Lawrence is exercising.
contradiction	Instead of running Edward is dancing.	Edward is running.
contradiction	Instead of exercising Johnny is dancing.	Johnny is exercising.
contradiction	Instead of travelling Billy is sleeping.	Billy is travelling.
contradiction	Instead of running Joan is swimming.	Joan is running.
contradiction	Instead of dancing Arthur is listening.	Arthur is dancing.
contradiction	Instead of studying Carol is speaking.	Carol is studying.
contradiction	Instead of studying Steve is dancing.	Steve is studying.
contradiction	Instead of painting Greg is listening.	Greg is painting.
contradiction	Instead of studying Jessica is dancing.	Jessica is studying.
contradiction	Instead of going Ruth is speaking.	Ruth is going.
contradiction	Instead of swimming Alexander is writing.	Alexander is swimming.
contradiction	Instead of going Rebecca is reading.	Rebecca is going.
contradiction	Instead of reading Catherine is painting.	Catherine is reading.
contradiction	Instead of dancing Bob is writing.	Bob is dancing.
contradiction	Instead of dancing Michael is swimming.	Michael is dancing.
contradiction	Instead of painting Rachel is swimming.	Rachel is painting.
contradiction	Instead of swimming Christine is reading.	Christine is swimming.
contradiction	Instead of painting Frances is listening.	Frances is painting.
contradiction	Instead of swimming Kevin is listening.	Kevin is swimming.
contradiction	Instead of speaking Edward is going.	Edward is speaking.
contradiction	Instead of painting Annie is dancing.	Annie is painting.
contradiction	Instead of listening Frances is dancing.	Frances is listening.
contradiction	Instead of running Sharon is dancing.	Sharon is running.
contradiction	Instead of painting Donna is speaking.	Donna is painting.
contradiction	Instead of travelling Peter is reading.	Peter is travelling.
contradiction	Instead of reading Eleanor is dancing.	Eleanor is reading.
contradiction	Instead of listening Kevin is travelling.	Kevin is listening.
contradiction	Instead of listening Don is going.	Don is listening.
contradiction	Instead of going John is travelling.	John is going.
contradiction	Instead of swimming Bill is sleeping.	Bill is swimming.
contradiction	Instead of sleeping Lynn is reading.	Lynn is sleeping.
contradiction	Instead of studying Emily is running.	Emily is studying.
contradiction	Instead of swimming Larry is painting.	Larry is swimming.
contradiction	Instead of exercising Virginia is working.	Virginia is exercising.
contradiction	Instead of studying Carol is listening.	Carol is studying.
contradiction	Instead of working Claire is going.	Claire is working.
contradiction	Instead of studying Lisa is speaking.	Lisa is studying.
contradiction	Instead of painting Mary is going.	Mary is painting.
contradiction	Instead of writing Jane is reading.	Jane is writing.
contradiction	Instead of writing Billy is dancing.	Billy is writing.
contradiction	Instead of speaking Ron is travelling.	Ron is speaking.
contradiction	Instead of studying Jill is listening.	Jill is studying.
contradiction	Instead of going Steven is painting.	Steven is going.
contradiction	Instead of going Frances is running.	Frances is going.
contradiction	Instead of working Steven is speaking.	Steven is working.
contradiction	Instead of listening Andrea is writing.	Andrea is listening.
contradiction	Instead of travelling Robert is speaking.	Robert is travelling.
contradiction	Instead of painting William is going.	William is painting.
contradiction	Instead of listening Chris is going.	Chris is listening.
contradiction	Instead of painting Louise is sleeping.	Louise is painting.
contradiction	Instead of swimming Roy is writing.	Roy is swimming.
contradiction	Instead of exercising Lynn is swimming.	Lynn is exercising.
contradiction	Instead of working Samuel is swimming.	Samuel is working.
contradiction	Instead of exercising Anthony is painting.	Anthony is exercising.
contradiction	Instead of running Jimmy is swimming.	Jimmy is running.
contradiction	Instead of studying Diana is writing.	Diana is studying.
contradiction	Instead of sleeping Matt is travelling.	Matt is sleeping.
contradiction	Instead of studying Keith is working.	Keith is studying.
contradiction	Instead of speaking Michael is swimming.	Michael is speaking.
contradiction	Instead of travelling Lawrence is painting.	Lawrence is travelling.
contradiction	Instead of studying Don is going.	Don is studying.
contradiction	Instead of travelling Kim is dancing.	Kim is travelling.
contradiction	Instead of dancing Mary is exercising.	Mary is dancing.
contradiction	Instead of exercising Henry is working.	Henry is exercising.
contradiction	Instead of travelling Johnny is listening.	Johnny is travelling.
contradiction	Instead of listening Dick is sleeping.	Dick is listening.
contradiction	Instead of writing Sue is swimming.	Sue is writing.
contradiction	Instead of sleeping Maria is speaking.	Maria is sleeping.
contradiction	Instead of reading Angela is swimming.	Angela is reading.
contradiction	Instead of studying Kathryn is going.	Kathryn is studying.
contradiction	Instead of travelling Dick is painting.	Dick is travelling.
contradiction	Instead of travelling Catherine is listening.	Catherine is travelling.
contradiction	Instead of dancing Bruce is exercising.	Bruce is dancing.
contradiction	Instead of listening Benjamin is reading.	Benjamin is listening.
contradiction	Instead of writing Sandra is reading.	Sandra is writing.
contradiction	Instead of exercising Peter is painting.	Peter is exercising.
contradiction	Instead of going Catherine is working.	Catherine is going.
contradiction	Instead of painting Virginia is reading.	Virginia is painting.
contradiction	Instead of working Ellen is travelling.	Ellen is working.
contradiction	Instead of working Alex is writing.	Alex is working.
contradiction	Instead of swimming Bobby is studying.	Bobby is swimming.
contradiction	Instead of dancing George is running.	George is dancing.
contradiction	Instead of running Elizabeth is travelling.	Elizabeth is running.
contradiction	Instead of reading Arthur is writing.	Arthur is reading.
contradiction	Instead of speaking Bill is going.	Bill is speaking.
contradiction	Instead of working Jim is reading.	Jim is working.
contradiction	Instead of painting Eleanor is exercising.	Eleanor is painting.
contradiction	Instead of swimming Ryan is speaking.	Ryan is swimming.
contradiction	Instead of listening Ken is exercising.	Ken is listening.
contradiction	Instead of studying Rebecca is exercising.	Rebecca is studying.
contradiction	Instead of travelling Harold is studying.	Harold is travelling.
contradiction	Instead of going Kate is swimming.	Kate is going.
contradiction	Instead of sleeping Sam is swimming.	Sam is sleeping.
contradiction	Instead of swimming Edwin is exercising.	Edwin is swimming.
contradiction	Instead of going Daniel is studying.	Daniel is going.
contradiction	Instead of listening Ruth is working.	Ruth is listening.
contradiction	Instead of painting Kelly is reading.	Kelly is painting.
contradiction	Instead of reading Wendy is going.	Wendy is reading.
contradiction	Instead of reading Michelle is listening.	Michelle is reading.
contradiction	Instead of sleeping Roy is travelling.	Roy is sleeping.
contradiction	Instead of going Evelyn is dancing.	Evelyn is going.
contradiction	Instead of painting Edwin is reading.	Edwin is painting.
contradiction	Instead of running Judy is reading.	Judy is running.
contradiction	Instead of writing Marilyn is going.	Marilyn is writing.
contradiction	Instead of dancing Jimmy is speaking.	Jimmy is dancing.
contradiction	Instead of dancing Betty is studying.	Betty is dancing.
contradiction	Instead of dancing Charlie is running.	Charlie is dancing.
contradiction	Instead of listening Greg is swimming.	Greg is listening.
contradiction	Instead of painting Elizabeth is running.	Elizabeth is painting.
contradiction	Instead of going Stephanie is travelling.	Stephanie is going.
contradiction	Instead of listening Carl is working.	Carl is listening.
contradiction	Instead of exercising Francis is dancing.	Francis is exercising.
contradiction	Instead of going Daniel is sleeping.	Daniel is going.
contradiction	Instead of reading Sally is painting.	Sally is reading.
contradiction	Instead of reading Virginia is swimming.	Virginia is reading.
contradiction	Instead of listening Michael is swimming.	Michael is listening.
contradiction	Instead of dancing Julia is travelling.	Julia is dancing.
contradiction	Instead of dancing Samuel is painting.	Samuel is dancing.
contradiction	Instead of exercising Tim is travelling.	Tim is exercising.
contradiction	Instead of exercising Mike is going.	Mike is exercising.
contradiction	Instead of listening Laura is writing.	Laura is listening.
contradiction	Instead of writing Robin is dancing.	Robin is writing.
contradiction	Instead of speaking Ann is listening.	Ann is speaking.
contradiction	Instead of exercising Harry is writing.	Harry is exercising.
contradiction	Instead of exercising Al is listening.	Al is exercising.
contradiction	Instead of going Charles is dancing.	Charles is going.
contradiction	Instead of studying Harold is reading.	Harold is studying.
contradiction	Instead of reading Joseph is going.	Joseph is reading.
contradiction	Instead of studying Louise is writing.	Louise is studying.
contradiction	Instead of studying Sam is exercising.	Sam is studying.
contradiction	Instead of exercising Jane is listening.	Jane is exercising.
contradiction	Instead of speaking Matthew is going.	Matthew is speaking.
contradiction	Instead of painting Fiona is exercising.	Fiona is painting.
contradiction	Instead of working Laura is writing.	Laura is working.
contradiction	Instead of travelling Larry is exercising.	Larry is travelling.
contradiction	Instead of sleeping Susan is exercising.	Susan is sleeping.
contradiction	Instead of dancing Ken is running.	Ken is dancing.
contradiction	Instead of dancing Sally is painting.	Sally is dancing.
contradiction	Instead of working Kenneth is reading.	Kenneth is working.
contradiction	Instead of dancing Robert is working.	Robert is dancing.
contradiction	Instead of running Jerry is going.	Jerry is running.
contradiction	Instead of running Edwin is writing.	Edwin is running.
contradiction	Instead of sleeping Andrea is running.	Andrea is sleeping.
contradiction	Instead of exercising Leslie is dancing.	Leslie is exercising.
contradiction	Instead of listening Pamela is sleeping.	Pamela is listening.
contradiction	Instead of studying Jim is exercising.	Jim is studying.
contradiction	Instead of writing Heather is sleeping.	Heather is writing.
contradiction	Instead of travelling Jason is sleeping.	Jason is travelling.
contradiction	Instead of studying Jeff is swimming.	Jeff is studying.
contradiction	Instead of listening Deborah is working.	Deborah is listening.
contradiction	Instead of running Ashley is swimming.	Ashley is running.
contradiction	Instead of swimming Lauren is going.	Lauren is swimming.
contradiction	Instead of running Greg is exercising.	Greg is running.
contradiction	Instead of dancing Don is travelling.	Don is dancing.
contradiction	Instead of sleeping Albert is painting.	Albert is sleeping.
contradiction	Instead of listening Jack is exercising.	Jack is listening.
contradiction	Instead of working Gary is dancing.	Gary is working.
contradiction	Instead of dancing Lawrence is sleeping.	Lawrence is dancing.
contradiction	Instead of reading Kathy is listening.	Kathy is reading.
contradiction	Instead of swimming Francis is working.	Francis is swimming.
contradiction	Instead of reading Bob is studying.	Bob is reading.
contradiction	Instead of reading Barbara is writing.	Barbara is reading.
contradiction	Instead of exercising Judy is dancing.	Judy is exercising.
contradiction	Instead of swimming Donna is sleeping.	Donna is swimming.
contradiction	Instead of painting Andrea is working.	Andrea is painting.
contradiction	Instead of writing Jennifer is swimming.	Jennifer is writing.
contradiction	Instead of travelling Robert is writing.	Robert is travelling.
contradiction	Instead of studying Matt is travelling.	Matt is studying.
contradiction	Instead of painting Leslie is swimming.	Leslie is painting.
contradiction	Instead of working Ron is swimming.	Ron is working.
contradiction	Instead of painting Jim is sleeping.	Jim is painting.
contradiction	Instead of studying Nick is sleeping.	Nick is studying.
contradiction	Instead of exercising Sam is speaking.	Sam is exercising.
contradiction	Instead of running Jim is swimming.	Jim is running.
contradiction	Instead of swimming Angela is dancing.	Angela is swimming.
contradiction	Instead of sleeping Elaine is painting.	Elaine is sleeping.
contradiction	Instead of going Greg is listening.	Greg is going.
contradiction	Instead of working Maria is writing.	Maria is working.
contradiction	Instead of speaking Sam is painting.	Sam is speaking.
contradiction	Instead of painting Lucy is running.	Lucy is painting.
contradiction	Instead of writing Mark is dancing.	Mark is writing.
contradiction	Instead of dancing Ashley is sleeping.	Ashley is dancing.
contradiction	Instead of reading Judy is sleeping.	Judy is reading.
contradiction	Instead of swimming Alison is dancing.	Alison is swimming.
contradiction	Instead of swimming Wendy is sleeping.	Wendy is swimming.
contradiction	Instead of speaking Carolyn is swimming.	Carolyn is speaking.
contradiction	Instead of painting Ron is studying.	Ron is painting.
contradiction	Instead of running Richard is sleeping.	Richard is running.
contradiction	Instead of swimming Carol is exercising.	Carol is swimming.
contradiction	Instead of listening Katherine is dancing.	Katherine is listening.
contradiction	Instead of swimming Marie is listening.	Marie is swimming.
contradiction	Instead of running Andrea is swimming.	Andrea is running.
contradiction	Instead of exercising Pamela is swimming.	Pamela is exercising.
contradiction	Instead of swimming Edward is working.	Edward is swimming.
contradiction	Instead of studying Keith is going.	Keith is studying.
contradiction	Instead of swimming Alice is reading.	Alice is swimming.
contradiction	Instead of speaking Judy is exercising.	Judy is speaking.
contradiction	Instead of reading Dan is sleeping.	Dan is reading.
contradiction	Instead of painting Margaret is working.	Margaret is painting.
contradiction	Instead of running Jonathan is writing.	Jonathan is running.
contradiction	Instead of studying Jeff is speaking.	Jeff is studying.
contradiction	Instead of listening Jane is running.	Jane is listening.
contradiction	Instead of writing Kevin is exercising.	Kevin is writing.
contradiction	Instead of sleeping Steve is listening.	Steve is sleeping.
contradiction	Instead of working Dorothy is going.	Dorothy is working.
contradiction	Instead of sleeping Eric is studying.	Eric is sleeping.
contradiction	Instead of travelling Gary is exercising.	Gary is travelling.
contradiction	Instead of listening Thomas is going.	Thomas is listening.
contradiction	Instead of working Walter is running.	Walter is working.
contradiction	Instead of working Virginia is swimming.	Virginia is working.
contradiction	Instead of travelling Cynthia is painting.	Cynthia is travelling.
contradiction	Instead of travelling Louise is listening.	Louise is travelling.
contradiction	Instead of reading Anthony is working.	Anthony is reading.
contradiction	Instead of listening William is sleeping.	William is listening.
contradiction	Instead of running Rachel is dancing.	Rachel is running.
contradiction	Instead of going Stephanie is exercising.	Stephanie is going.
contradiction	Instead of dancing Alexandra is swimming.	Alexandra is dancing.
contradiction	Instead of speaking Patricia is swimming.	Patricia is speaking.
contradiction	Instead of exercising Dorothy is studying.	Dorothy is exercising.
contradiction	Instead of going Peter is speaking.	Peter is going.
contradiction	Instead of reading Margaret is running.	Margaret is reading.
contradiction	Instead of going Helen is studying.	Helen is going.
contradiction	Instead of dancing Deborah is working.	Deborah is dancing.
contradiction	Instead of dancing Fred is listening.	Fred is dancing.
contradiction	Instead of dancing Margaret is travelling.	Margaret is dancing.
contradiction	Instead of working Marie is dancing.	Marie is working.
contradiction	Instead of writing Hugh is working.	Hugh is writing.
contradiction	Instead of listening Sophie is reading.	Sophie is listening.
contradiction	Instead of reading Carolyn is exercising.	Carolyn is reading.
contradiction	Instead of reading Jane is working.	Jane is reading.
contradiction	Instead of working Alex is exercising.	Alex is working.
contradiction	Instead of sleeping Martha is dancing.	Martha is sleeping.
contradiction	Instead of running Larry is travelling.	Larry is running.
contradiction	Instead of swimming Kelly is dancing.	Kelly is swimming.
contradiction	Instead of sleeping Susan is running.	Susan is sleeping.
contradiction	Instead of exercising Fiona is listening.	Fiona is exercising.
contradiction	Instead of working Steve is listening.	Steve is working.
contradiction	Instead of painting Alexander is exercising.	Alexander is painting.
contradiction	Instead of dancing Claire is sleeping.	Claire is dancing.
contradiction	Instead of exercising Linda is painting.	Linda is exercising.
contradiction	Instead of running Carl is travelling.	Carl is running.
contradiction	Instead of listening Judith is reading.	Judith is listening.
contradiction	Instead of travelling Patrick is sleeping.	Patrick is travelling.
contradiction	Instead of going Philip is writing.	Philip is going.
contradiction	Instead of swimming Maria is sleeping.	Maria is swimming.
contradiction	Instead of listening Martha is painting.	Martha is listening.
contradiction	Instead of running Joe is exercising.	Joe is running.
contradiction	Instead of reading Ian is exercising.	Ian is reading.
contradiction	Instead of writing Sara is sleeping.	Sara is writing.
contradiction	Instead of studying Evelyn is speaking.	Evelyn is studying.
contradiction	Instead of sleeping Judith is studying.	Judith is sleeping.
contradiction	Instead of listening Louis is painting.	Louis is listening.
contradiction	Instead of writing Benjamin is swimming.	Benjamin is writing.
contradiction	Instead of reading James is listening.	James is reading.
contradiction	Instead of working Elizabeth is running.	Elizabeth is working.
contradiction	Instead of reading Judy is writing.	Judy is reading.
contradiction	Instead of writing Carol is speaking.	Carol is writing.
contradiction	Instead of travelling Judy is exercising.	Judy is travelling.
contradiction	Instead of going George is painting.	George is going.
contradiction	Instead of working Maria is writing.	Maria is working.
contradiction	Instead of speaking Benjamin is sleeping.	Benjamin is speaking.
contradiction	Instead of running Martin is writing.	Martin is running.
contradiction	Instead of reading Joan is speaking.	Joan is reading.
contradiction	Instead of going Sandra is dancing.	Sandra is going.
contradiction	Instead of painting Harry is exercising.	Harry is painting.
contradiction	Instead of listening Jonathan is sleeping.	Jonathan is listening.
contradiction	Instead of sleeping Anthony is running.	Anthony is sleeping.
contradiction	Instead of swimming Rachel is sleeping.	Rachel is swimming.
contradiction	Instead of speaking Nancy is dancing.	Nancy is speaking.
contradiction	Instead of running Nick is exercising.	Nick is running.
contradiction	Instead of painting Walter is dancing.	Walter is painting.
contradiction	Instead of going Laura is sleeping.	Laura is going.
contradiction	Instead of working Sue is travelling.	Sue is working.
contradiction	Instead of sleeping Scott is going.	Scott is sleeping.
contradiction	Instead of working Charlotte is painting.	Charlotte is working.
contradiction	Instead of running Catherine is sleeping.	Catherine is running.
contradiction	Instead of exercising Simon is working.	Simon is exercising.
contradiction	Instead of exercising Catherine is travelling.	Catherine is exercising.
contradiction	Instead of swimming Roger is travelling.	Roger is swimming.
contradiction	Instead of swimming Charlie is exercising.	Charlie is swimming.
contradiction	Instead of listening David is speaking.	David is listening.
contradiction	Instead of travelling Marilyn is listening.	Marilyn is travelling.
contradiction	Instead of speaking Ian is sleeping.	Ian is speaking.
contradiction	Instead of going Lisa is painting.	Lisa is going.
contradiction	Instead of listening Ken is painting.	Ken is listening.
contradiction	Instead of painting Martha is speaking.	Martha is painting.
contradiction	Instead of listening Stephen is studying.	Stephen is listening.
contradiction	Instead of painting Nicole is travelling.	Nicole is painting.
contradiction	Instead of writing Dan is sleeping.	Dan is writing.
contradiction	Instead of painting Donna is travelling.	Donna is painting.
contradiction	Instead of running Samuel is exercising.	Samuel is running.
contradiction	Instead of listening Jean is studying.	Jean is listening.
contradiction	Instead of studying Linda is dancing.	Linda is studying.
contradiction	Instead of painting Jim is swimming.	Jim is painting.
contradiction	Instead of sleeping Charlotte is working.	Charlotte is sleeping.
contradiction	Instead of listening Wendy is exercising.	Wendy is listening.
contradiction	Instead of studying Pamela is running.	Pamela is studying.
contradiction	Instead of reading Greg is listening.	Greg is reading.
contradiction	Instead of running Judith is speaking.	Judith is running.
contradiction	Instead of speaking Alfred is working.	Alfred is speaking.
contradiction	Instead of travelling Jason is running.	Jason is travelling.
contradiction	Instead of writing Carol is running.	Carol is writing.
contradiction	Instead of painting Julie is running.	Julie is painting.
contradiction	Instead of sleeping Rebecca is dancing.	Rebecca is sleeping.
contradiction	Instead of dancing Frances is painting.	Frances is dancing.
contradiction	Instead of studying Ian is reading.	Ian is studying.
contradiction	Instead of travelling Fred is dancing.	Fred is travelling.
contradiction	Instead of speaking Pamela is writing.	Pamela is speaking.
contradiction	Instead of studying Edwin is speaking.	Edwin is studying.
contradiction	Instead of studying Amanda is swimming.	Amanda is studying.
contradiction	Instead of sleeping Julia is studying.	Julia is sleeping.
contradiction	Instead of dancing Martha is studying.	Martha is dancing.
contradiction	Instead of running Sandra is sleeping.	Sandra is running.
contradiction	Instead of travelling Rebecca is exercising.	Rebecca is travelling.
contradiction	Instead of painting Frederick is exercising.	Frederick is painting.
contradiction	Instead of speaking Frederick is studying.	Frederick is speaking.
contradiction	Instead of painting Martha is going.	Martha is painting.
contradiction	Instead of reading Tony is swimming.	Tony is reading.
contradiction	Instead of listening Alexander is going.	Alexander is listening.
contradiction	Instead of listening Bill is running.	Bill is listening.
contradiction	Instead of painting Jennifer is travelling.	Jennifer is painting.
contradiction	Instead of painting Martin is running.	Martin is painting.
contradiction	Instead of writing Bob is painting.	Bob is writing.
contradiction	Instead of dancing Julie is painting.	Julie is dancing.
contradiction	Instead of speaking Nicole is writing.	Nicole is speaking.
contradiction	Instead of running Walter is going.	Walter is running.
contradiction	Instead of listening Joe is travelling.	Joe is listening.
contradiction	Instead of going Dorothy is listening.	Dorothy is going.
contradiction	Instead of studying Colin is exercising.	Colin is studying.
contradiction	Instead of studying Steven is writing.	Steven is studying.
contradiction	Instead of working Roger is studying.	Roger is working.
contradiction	Instead of swimming Claire is working.	Claire is swimming.
contradiction	Instead of sleeping Harry is painting.	Harry is sleeping.
contradiction	Instead of going Sam is reading.	Sam is going.
contradiction	Instead of speaking Tom is dancing.	Tom is speaking.
contradiction	Instead of studying Deborah is swimming.	Deborah is studying.
contradiction	Instead of going Florence is working.	Florence is going.
contradiction	Instead of going Ryan is running.	Ryan is going.
contradiction	Instead of working Kevin is writing.	Kevin is working.
contradiction	Instead of speaking Barbara is swimming.	Barbara is speaking.
contradiction	Instead of painting Simon is sleeping.	Simon is painting.
contradiction	Instead of exercising Sandra is going.	Sandra is exercising.
contradiction	Instead of travelling Ken is going.	Ken is travelling.
contradiction	Instead of swimming Eleanor is travelling.	Eleanor is swimming.
contradiction	Instead of swimming Marilyn is working.	Marilyn is swimming.
contradiction	Instead of reading Anthony is going.	Anthony is reading.
contradiction	Instead of speaking Brian is listening.	Brian is speaking.
contradiction	Instead of studying Katie is going.	Katie is studying.
contradiction	Instead of listening Lynn is dancing.	Lynn is listening.
contradiction	Instead of reading Edith is dancing.	Edith is reading.
contradiction	Instead of speaking George is sleeping.	George is speaking.
contradiction	Instead of sleeping Stephen is speaking.	Stephen is sleeping.
contradiction	Instead of travelling Dorothy is speaking.	Dorothy is travelling.
contradiction	Instead of running Nick is working.	Nick is running.
contradiction	Instead of listening Jill is writing.	Jill is listening.
contradiction	Instead of swimming Kate is exercising.	Kate is swimming.
contradiction	Instead of studying Ron is listening.	Ron is studying.
contradiction	Instead of speaking Elaine is sleeping.	Elaine is speaking.
contradiction	Instead of going Roger is travelling.	Roger is going.
contradiction	Instead of painting Jeff is going.	Jeff is painting.
contradiction	Instead of painting Nancy is writing.	Nancy is painting.
contradiction	Instead of listening Fiona is reading.	Fiona is listening.
contradiction	Instead of studying Thomas is speaking.	Thomas is studying.
contradiction	Instead of dancing Florence is sleeping.	Florence is dancing.
contradiction	Instead of reading Jonathan is speaking.	Jonathan is reading.
contradiction	Instead of working Andrew is going.	Andrew is working.
contradiction	Instead of speaking Joseph is travelling.	Joseph is speaking.
contradiction	Instead of going Jay is running.	Jay is going.
contradiction	Instead of travelling Cynthia is speaking.	Cynthia is travelling.
contradiction	Instead of listening Lynn is painting.	Lynn is listening.
contradiction	Instead of speaking Rebecca is swimming.	Rebecca is speaking.
contradiction	Instead of speaking Kenneth is going.	Kenneth is speaking.
contradiction	Instead of painting Andrea is swimming.	Andrea is painting.
contradiction	Instead of going Hugh is studying.	Hugh is going.
contradiction	Instead of painting Louise is travelling.	Louise is painting.
contradiction	Instead of swimming Ryan is dancing.	Ryan is swimming.
contradiction	Instead of painting Rebecca is running.	Rebecca is painting.
contradiction	Instead of listening Ray is writing.	Ray is listening.
contradiction	Instead of listening Amy is speaking.	Amy is listening.
contradiction	Instead of travelling Alison is studying.	Alison is travelling.
contradiction	Instead of working Susan is reading.	Susan is working.
contradiction	Instead of painting Walter is working.	Walter is painting.
contradiction	Instead of speaking Harold is exercising.	Harold is speaking.
contradiction	Instead of speaking Frederick is working.	Frederick is speaking.
contradiction	Instead of going Matt is running.	Matt is going.
contradiction	Instead of going Jean is exercising.	Jean is going.
contradiction	Instead of working Anthony is travelling.	Anthony is working.
contradiction	Instead of reading Melissa is running.	Melissa is reading.
contradiction	Instead of going Mike is painting.	Mike is going.
contradiction	Instead of exercising Mark is running.	Mark is exercising.
contradiction	Instead of writing Grace is working.	Grace is writing.
contradiction	Instead of painting Dorothy is running.	Dorothy is painting.
contradiction	Instead of listening Cynthia is painting.	Cynthia is listening.
contradiction	Instead of speaking Scott is going.	Scott is speaking.
contradiction	Instead of sleeping Nick is dancing.	Nick is sleeping.
contradiction	Instead of dancing Jonathan is exercising.	Jonathan is dancing.
contradiction	Instead of running Alfred is going.	Alfred is running.
contradiction	Instead of reading Johnny is exercising.	Johnny is reading.
contradiction	Instead of listening Ed is painting.	Ed is listening.
contradiction	Instead of studying Simon is exercising.	Simon is studying.
contradiction	Instead of swimming Dorothy is listening.	Dorothy is swimming.
contradiction	Instead of going Patricia is dancing.	Patricia is going.
contradiction	Instead of swimming Martin is going.	Martin is swimming.
contradiction	Instead of working Harriet is dancing.	Harriet is working.
contradiction	Instead of reading Sharon is painting.	Sharon is reading.
contradiction	Instead of painting Edward is exercising.	Edward is painting.
contradiction	Instead of swimming Simon is studying.	Simon is swimming.
contradiction	Instead of working Anne is swimming.	Anne is working.
contradiction	Instead of writing Tom is reading.	Tom is writing.
contradiction	Instead of studying Linda is reading.	Linda is studying.
contradiction	Instead of going Howard is painting.	Howard is going.
contradiction	Instead of running Tim is dancing.	Tim is running.
contradiction	Instead of speaking Elizabeth is reading.	Elizabeth is speaking.
contradiction	Instead of studying Jimmy is painting.	Jimmy is studying.
contradiction	Instead of writing Katherine is sleeping.	Katherine is writing.
contradiction	Instead of travelling Hugh is dancing.	Hugh is travelling.
contradiction	Instead of painting Adam is exercising.	Adam is painting.
contradiction	Instead of writing Kenneth is swimming.	Kenneth is writing.
contradiction	Instead of writing Harold is swimming.	Harold is writing.
contradiction	Instead of painting Jill is sleeping.	Jill is painting.
