contradiction	Edward was born in 2011 and Simon was born in 2010.	Edward is elder than Simon.
contradiction	Amanda was born in 2020 and Peter was born in 2001.	Amanda is elder than Peter.
contradiction	Lauren was born in 1995 and Andrea was born in 1994.	Lauren is elder than Andrea.
contradiction	Sandra was born in 2008 and Jean was born in 1998.	Sandra is elder than Jean.
contradiction	Al was born in 2009 and Dan was born in 2004.	Al is elder than Dan.
contradiction	Martin was born in 2005 and Florence was born in 1994.	Martin is elder than Florence.
contradiction	Helen was born in 2008 and Mike was born in 1994.	Helen is elder than Mike.
contradiction	Colin was born in 2018 and Dan was born in 2015.	Colin is elder than Dan.
contradiction	Harold was born in 2007 and Patricia was born in 2000.	Harold is elder than Patricia.
contradiction	Patricia was born in 2003 and Kelly was born in 1992.	Patricia is elder than Kelly.
contradiction	Alexander was born in 2009 and Roger was born in 2001.	Alexander is elder than Roger.
contradiction	Christine was born in 2010 and Matt was born in 2003.	Christine is elder than Matt.
contradiction	Anna was born in 2017 and Alex was born in 1992.	Anna is elder than Alex.
contradiction	Caroline was born in 2011 and Margaret was born in 2007.	Caroline is elder than Margaret.
contradiction	Judy was born in 2011 and Daniel was born in 1999.	Judy is elder than Daniel.
contradiction	Jason was born in 2006 and Judy was born in 2002.	Jason is elder than Judy.
contradiction	Marie was born in 1996 and Harold was born in 1994.	Marie is elder than Harold.
contradiction	Kenneth was born in 2013 and Harry was born in 2009.	Kenneth is elder than Harry.
contradiction	Carol was born in 2000 and Tim was born in 1993.	Carol is elder than Tim.
contradiction	Don was born in 2013 and Kathleen was born in 2008.	Don is elder than Kathleen.
contradiction	Anne was born in 2016 and Diane was born in 2003.	Anne is elder than Diane.
contradiction	Jerry was born in 2012 and Scott was born in 2001.	Jerry is elder than Scott.
contradiction	Andrea was born in 2016 and Charlotte was born in 1998.	Andrea is elder than Charlotte.
contradiction	Carol was born in 2013 and Robin was born in 1991.	Carol is elder than Robin.
contradiction	Anne was born in 2011 and Chris was born in 2004.	Anne is elder than Chris.
contradiction	Simon was born in 2016 and Kathryn was born in 2003.	Simon is elder than Kathryn.
contradiction	Robert was born in 2015 and Virginia was born in 2002.	Robert is elder than Virginia.
contradiction	Jay was born in 2016 and Laura was born in 1996.	Jay is elder than Laura.
contradiction	Larry was born in 2017 and Annie was born in 2005.	Larry is elder than Annie.
contradiction	Patricia was born in 2000 and Kathy was born in 1990.	Patricia is elder than Kathy.
contradiction	George was born in 2016 and Eleanor was born in 2009.	George is elder than Eleanor.
contradiction	Claire was born in 2003 and Steven was born in 1990.	Claire is elder than Steven.
contradiction	Evelyn was born in 1993 and Stephanie was born in 1990.	Evelyn is elder than Stephanie.
contradiction	Paul was born in 2016 and Suzanne was born in 2003.	Paul is elder than Suzanne.
contradiction	Martin was born in 2012 and David was born in 2007.	Martin is elder than David.
contradiction	Lucy was born in 2015 and Sue was born in 2012.	Lucy is elder than Sue.
contradiction	Sharon was born in 2012 and Dave was born in 2009.	Sharon is elder than Dave.
contradiction	Dorothy was born in 2018 and Richard was born in 2003.	Dorothy is elder than Richard.
contradiction	Adam was born in 1998 and Kevin was born in 1992.	Adam is elder than Kevin.
contradiction	James was born in 1999 and Ian was born in 1998.	James is elder than Ian.
contradiction	Evelyn was born in 2014 and Kim was born in 2006.	Evelyn is elder than Kim.
contradiction	Angela was born in 2001 and Frederick was born in 1991.	Angela is elder than Frederick.
contradiction	Benjamin was born in 2004 and Barbara was born in 1996.	Benjamin is elder than Barbara.
contradiction	Donna was born in 2016 and David was born in 1992.	Donna is elder than David.
contradiction	Jean was born in 2010 and Kelly was born in 1992.	Jean is elder than Kelly.
contradiction	Ray was born in 2005 and Fred was born in 1990.	Ray is elder than Fred.
contradiction	Suzanne was born in 2002 and Fred was born in 1998.	Suzanne is elder than Fred.
contradiction	Philip was born in 1994 and Edwin was born in 1991.	Philip is elder than Edwin.
contradiction	Suzanne was born in 2007 and Bobby was born in 2006.	Suzanne is elder than Bobby.
contradiction	Marilyn was born in 2005 and Sally was born in 1992.	Marilyn is elder than Sally.
contradiction	Jean was born in 2016 and Martha was born in 2013.	Jean is elder than Martha.
contradiction	Suzanne was born in 2003 and Helen was born in 1999.	Suzanne is elder than Helen.
contradiction	Jessica was born in 2015 and Ellen was born in 2001.	Jessica is elder than Ellen.
contradiction	Amanda was born in 2019 and Tom was born in 2016.	Amanda is elder than Tom.
contradiction	Carol was born in 2000 and Jeff was born in 1992.	Carol is elder than Jeff.
contradiction	Jay was born in 1998 and Donna was born in 1993.	Jay is elder than Donna.
contradiction	Marie was born in 2008 and Joan was born in 2007.	Marie is elder than Joan.
contradiction	Harold was born in 1992 and Daniel was born in 1990.	Harold is elder than Daniel.
contradiction	Maria was born in 2002 and Steve was born in 1999.	Maria is elder than Steve.
contradiction	Judy was born in 2002 and Alexandra was born in 2000.	Judy is elder than Alexandra.
contradiction	Kenneth was born in 2007 and Janet was born in 2006.	Kenneth is elder than Janet.
contradiction	Louise was born in 2019 and Mike was born in 2012.	Louise is elder than Mike.
contradiction	Jean was born in 2002 and John was born in 1995.	Jean is elder than John.
contradiction	Ken was born in 2012 and Adam was born in 2003.	Ken is elder than Adam.
contradiction	Nicole was born in 2011 and Catherine was born in 1990.	Nicole is elder than Catherine.
contradiction	Victoria was born in 1995 and Adam was born in 1991.	Victoria is elder than Adam.
contradiction	Lynn was born in 1994 and Julia was born in 1993.	Lynn is elder than Julia.
contradiction	Roy was born in 2000 and Edward was born in 1996.	Roy is elder than Edward.
contradiction	George was born in 1994 and Carol was born in 1990.	George is elder than Carol.
contradiction	Rose was born in 2013 and Carolyn was born in 2001.	Rose is elder than Carolyn.
contradiction	Frances was born in 2006 and Peter was born in 1998.	Frances is elder than Peter.
contradiction	Sharon was born in 2009 and Charles was born in 2000.	Sharon is elder than Charles.
contradiction	Victoria was born in 2008 and Jason was born in 1996.	Victoria is elder than Jason.
contradiction	Jessica was born in 2020 and Ray was born in 1994.	Jessica is elder than Ray.
contradiction	Arthur was born in 2005 and Eleanor was born in 1995.	Arthur is elder than Eleanor.
contradiction	Ruth was born in 2020 and Dorothy was born in 1994.	Ruth is elder than Dorothy.
contradiction	Jim was born in 2004 and Sara was born in 1998.	Jim is elder than Sara.
contradiction	Ralph was born in 1999 and Charlie was born in 1993.	Ralph is elder than Charlie.
contradiction	Dave was born in 1996 and Betty was born in 1995.	Dave is elder than Betty.
contradiction	Linda was born in 2018 and John was born in 2007.	Linda is elder than John.
contradiction	Robin was born in 2012 and Angela was born in 1999.	Robin is elder than Angela.
contradiction	Sandra was born in 2015 and Arthur was born in 2000.	Sandra is elder than Arthur.
contradiction	Jimmy was born in 2009 and Kelly was born in 2002.	Jimmy is elder than Kelly.
contradiction	Peter was born in 2004 and Kathleen was born in 2003.	Peter is elder than Kathleen.
contradiction	Pamela was born in 2013 and Anthony was born in 1991.	Pamela is elder than Anthony.
contradiction	Elaine was born in 1994 and Harold was born in 1993.	Elaine is elder than Harold.
contradiction	Margaret was born in 2017 and Philip was born in 2000.	Margaret is elder than Philip.
contradiction	Edward was born in 2006 and Kathy was born in 1999.	Edward is elder than Kathy.
contradiction	Henry was born in 1995 and Lauren was born in 1994.	Henry is elder than Lauren.
contradiction	Joan was born in 2000 and Elaine was born in 1994.	Joan is elder than Elaine.
contradiction	Cynthia was born in 2011 and Johnny was born in 2001.	Cynthia is elder than Johnny.
contradiction	Jonathan was born in 2002 and Harriet was born in 1997.	Jonathan is elder than Harriet.
contradiction	Peter was born in 2020 and Philip was born in 2013.	Peter is elder than Philip.
contradiction	Arthur was born in 2002 and Francis was born in 2000.	Arthur is elder than Francis.
contradiction	Roger was born in 1994 and Simon was born in 1993.	Roger is elder than Simon.
contradiction	Lynn was born in 2004 and Carl was born in 1990.	Lynn is elder than Carl.
contradiction	Ryan was born in 2017 and Patricia was born in 2010.	Ryan is elder than Patricia.
contradiction	Jean was born in 2017 and Joan was born in 2003.	Jean is elder than Joan.
contradiction	Steven was born in 2016 and Charles was born in 1997.	Steven is elder than Charles.
contradiction	Elizabeth was born in 2012 and Mark was born in 1994.	Elizabeth is elder than Mark.
contradiction	Lucy was born in 2006 and Alexandra was born in 2005.	Lucy is elder than Alexandra.
contradiction	Simon was born in 2003 and Christopher was born in 1994.	Simon is elder than Christopher.
contradiction	Thomas was born in 2001 and Jim was born in 1994.	Thomas is elder than Jim.
contradiction	Claire was born in 1998 and Sally was born in 1994.	Claire is elder than Sally.
contradiction	Nicole was born in 2018 and Michael was born in 2009.	Nicole is elder than Michael.
contradiction	Diana was born in 1998 and Dave was born in 1994.	Diana is elder than Dave.
contradiction	Michael was born in 1991 and Tony was born in 1990.	Michael is elder than Tony.
contradiction	Michelle was born in 1993 and Florence was born in 1991.	Michelle is elder than Florence.
contradiction	Charlie was born in 2020 and Alex was born in 1997.	Charlie is elder than Alex.
contradiction	Nick was born in 2005 and Lucy was born in 2003.	Nick is elder than Lucy.
contradiction	Diane was born in 2013 and Johnny was born in 1991.	Diane is elder than Johnny.
contradiction	Edward was born in 2018 and Diane was born in 1997.	Edward is elder than Diane.
contradiction	Adam was born in 2017 and Harry was born in 2008.	Adam is elder than Harry.
contradiction	Kathy was born in 1996 and Thomas was born in 1992.	Kathy is elder than Thomas.
contradiction	Frances was born in 2014 and Donald was born in 2009.	Frances is elder than Donald.
contradiction	Benjamin was born in 1995 and Carl was born in 1991.	Benjamin is elder than Carl.
contradiction	Jessica was born in 2018 and Sharon was born in 2001.	Jessica is elder than Sharon.
contradiction	Kenneth was born in 1998 and Marie was born in 1992.	Kenneth is elder than Marie.
contradiction	Chris was born in 1991 and Daniel was born in 1990.	Chris is elder than Daniel.
contradiction	Thomas was born in 2008 and John was born in 1998.	Thomas is elder than John.
contradiction	Chris was born in 2017 and Diana was born in 1998.	Chris is elder than Diana.
contradiction	Alan was born in 1998 and Gary was born in 1991.	Alan is elder than Gary.
contradiction	Alan was born in 2005 and Sharon was born in 1994.	Alan is elder than Sharon.
contradiction	Sharon was born in 2019 and Roger was born in 2006.	Sharon is elder than Roger.
contradiction	Ashley was born in 2014 and Suzanne was born in 1993.	Ashley is elder than Suzanne.
contradiction	Mark was born in 1996 and Catherine was born in 1995.	Mark is elder than Catherine.
contradiction	Judy was born in 2006 and Scott was born in 2001.	Judy is elder than Scott.
contradiction	Melissa was born in 2019 and Harold was born in 1997.	Melissa is elder than Harold.
contradiction	Diane was born in 2020 and Heather was born in 1998.	Diane is elder than Heather.
contradiction	Ken was born in 2008 and Annie was born in 1993.	Ken is elder than Annie.
contradiction	Kenneth was born in 2006 and Edwin was born in 1999.	Kenneth is elder than Edwin.
contradiction	Anthony was born in 2002 and Ashley was born in 2000.	Anthony is elder than Ashley.
contradiction	Sarah was born in 2003 and Dave was born in 1992.	Sarah is elder than Dave.
contradiction	Michelle was born in 2014 and Bobby was born in 1992.	Michelle is elder than Bobby.
contradiction	Alfred was born in 2004 and Sue was born in 1990.	Alfred is elder than Sue.
contradiction	John was born in 1999 and Dick was born in 1995.	John is elder than Dick.
contradiction	Martin was born in 2007 and Nicole was born in 2002.	Martin is elder than Nicole.
contradiction	Jerry was born in 2015 and Gary was born in 2011.	Jerry is elder than Gary.
contradiction	Lynn was born in 2012 and Annie was born in 1998.	Lynn is elder than Annie.
contradiction	Robin was born in 1995 and Emily was born in 1992.	Robin is elder than Emily.
contradiction	Claire was born in 1999 and Maria was born in 1997.	Claire is elder than Maria.
contradiction	Billy was born in 1996 and Christopher was born in 1991.	Billy is elder than Christopher.
contradiction	George was born in 2014 and Elaine was born in 2001.	George is elder than Elaine.
contradiction	Ian was born in 1999 and Claire was born in 1998.	Ian is elder than Claire.
contradiction	Harold was born in 1994 and Anna was born in 1993.	Harold is elder than Anna.
contradiction	Evelyn was born in 1998 and Caroline was born in 1991.	Evelyn is elder than Caroline.
contradiction	Alice was born in 1999 and Ralph was born in 1996.	Alice is elder than Ralph.
contradiction	Sophie was born in 2011 and Carl was born in 1996.	Sophie is elder than Carl.
contradiction	Frederick was born in 2012 and Alison was born in 2006.	Frederick is elder than Alison.
contradiction	Janet was born in 2007 and Ben was born in 2001.	Janet is elder than Ben.
contradiction	Ed was born in 2017 and Annie was born in 1990.	Ed is elder than Annie.
contradiction	Richard was born in 2013 and Eleanor was born in 1999.	Richard is elder than Eleanor.
contradiction	Martin was born in 2006 and George was born in 2004.	Martin is elder than George.
contradiction	Patrick was born in 2013 and Jerry was born in 2001.	Patrick is elder than Jerry.
contradiction	Johnny was born in 2009 and Nick was born in 1998.	Johnny is elder than Nick.
contradiction	Scott was born in 2009 and Christopher was born in 2001.	Scott is elder than Christopher.
contradiction	Stephen was born in 1995 and Pamela was born in 1993.	Stephen is elder than Pamela.
contradiction	Evelyn was born in 1991 and Daniel was born in 1990.	Evelyn is elder than Daniel.
contradiction	Patrick was born in 1993 and Anthony was born in 1991.	Patrick is elder than Anthony.
contradiction	Diane was born in 2000 and Alison was born in 1999.	Diane is elder than Alison.
contradiction	Christine was born in 2011 and Frederick was born in 1997.	Christine is elder than Frederick.
contradiction	Dan was born in 1999 and John was born in 1994.	Dan is elder than John.
contradiction	Harriet was born in 2011 and Sophie was born in 1990.	Harriet is elder than Sophie.
contradiction	Kathy was born in 2015 and Janet was born in 1998.	Kathy is elder than Janet.
contradiction	Dorothy was born in 2012 and Sarah was born in 1992.	Dorothy is elder than Sarah.
contradiction	Jimmy was born in 2016 and Patrick was born in 2009.	Jimmy is elder than Patrick.
contradiction	Ann was born in 2000 and Jean was born in 1990.	Ann is elder than Jean.
contradiction	Jimmy was born in 1993 and Hugh was born in 1990.	Jimmy is elder than Hugh.
contradiction	Victoria was born in 1997 and Jerry was born in 1996.	Victoria is elder than Jerry.
contradiction	Anne was born in 2009 and Nick was born in 2004.	Anne is elder than Nick.
contradiction	Lauren was born in 2012 and Harry was born in 2006.	Lauren is elder than Harry.
contradiction	Eleanor was born in 2016 and Elizabeth was born in 1999.	Eleanor is elder than Elizabeth.
contradiction	Bobby was born in 2018 and Edward was born in 2016.	Bobby is elder than Edward.
contradiction	Stephen was born in 2007 and Suzanne was born in 1995.	Stephen is elder than Suzanne.
contradiction	Andrea was born in 2010 and Ray was born in 1994.	Andrea is elder than Ray.
contradiction	Pamela was born in 2004 and Arthur was born in 1992.	Pamela is elder than Arthur.
contradiction	Angela was born in 2018 and Frances was born in 2001.	Angela is elder than Frances.
contradiction	Fred was born in 2000 and Emma was born in 1993.	Fred is elder than Emma.
contradiction	Nancy was born in 1997 and Peter was born in 1990.	Nancy is elder than Peter.
contradiction	Carolyn was born in 2000 and Robert was born in 1998.	Carolyn is elder than Robert.
contradiction	Billy was born in 2014 and Donna was born in 1994.	Billy is elder than Donna.
contradiction	Robin was born in 2010 and Mike was born in 2001.	Robin is elder than Mike.
contradiction	Suzanne was born in 1992 and Jill was born in 1991.	Suzanne is elder than Jill.
contradiction	Ann was born in 2007 and Nick was born in 1997.	Ann is elder than Nick.
contradiction	Bob was born in 2004 and Larry was born in 1990.	Bob is elder than Larry.
contradiction	Ed was born in 2001 and Katherine was born in 1998.	Ed is elder than Katherine.
contradiction	Colin was born in 2003 and Claire was born in 1999.	Colin is elder than Claire.
contradiction	Louis was born in 2006 and Andrea was born in 1991.	Louis is elder than Andrea.
contradiction	Sue was born in 2013 and Kevin was born in 2004.	Sue is elder than Kevin.
contradiction	Linda was born in 1997 and Joe was born in 1990.	Linda is elder than Joe.
contradiction	Evelyn was born in 2007 and Patricia was born in 2005.	Evelyn is elder than Patricia.
contradiction	Ruth was born in 2006 and Claire was born in 1997.	Ruth is elder than Claire.
contradiction	Lisa was born in 1994 and Janet was born in 1990.	Lisa is elder than Janet.
contradiction	Alexander was born in 2018 and Peter was born in 2010.	Alexander is elder than Peter.
contradiction	Benjamin was born in 2001 and Frances was born in 1997.	Benjamin is elder than Frances.
contradiction	Alfred was born in 2012 and Ken was born in 2001.	Alfred is elder than Ken.
contradiction	Emma was born in 2006 and Daniel was born in 1991.	Emma is elder than Daniel.
contradiction	Helen was born in 2017 and Eric was born in 1998.	Helen is elder than Eric.
contradiction	Howard was born in 1997 and Alan was born in 1992.	Howard is elder than Alan.
contradiction	Ellen was born in 2019 and Wendy was born in 2001.	Ellen is elder than Wendy.
contradiction	John was born in 2019 and Diana was born in 2002.	John is elder than Diana.
contradiction	Katherine was born in 1999 and Margaret was born in 1991.	Katherine is elder than Margaret.
contradiction	Michael was born in 2000 and Deborah was born in 1991.	Michael is elder than Deborah.
contradiction	Emma was born in 1996 and Christine was born in 1995.	Emma is elder than Christine.
contradiction	Bruce was born in 2001 and Laura was born in 1998.	Bruce is elder than Laura.
contradiction	Don was born in 1991 and Alex was born in 1990.	Don is elder than Alex.
contradiction	Tony was born in 1994 and Larry was born in 1992.	Tony is elder than Larry.
contradiction	Leslie was born in 1992 and Simon was born in 1991.	Leslie is elder than Simon.
contradiction	Matt was born in 2002 and Sandra was born in 1991.	Matt is elder than Sandra.
contradiction	Ralph was born in 2008 and Bill was born in 1997.	Ralph is elder than Bill.
contradiction	Peter was born in 2015 and Edith was born in 1995.	Peter is elder than Edith.
contradiction	Larry was born in 2003 and Jean was born in 1990.	Larry is elder than Jean.
contradiction	Steve was born in 1995 and Richard was born in 1990.	Steve is elder than Richard.
contradiction	Michael was born in 1997 and Susan was born in 1996.	Michael is elder than Susan.
contradiction	Bruce was born in 1999 and Mark was born in 1991.	Bruce is elder than Mark.
contradiction	Fiona was born in 2001 and Heather was born in 1994.	Fiona is elder than Heather.
contradiction	Pamela was born in 1992 and Keith was born in 1990.	Pamela is elder than Keith.
contradiction	Katie was born in 1992 and Susan was born in 1990.	Katie is elder than Susan.
contradiction	Ben was born in 2019 and Bobby was born in 1999.	Ben is elder than Bobby.
contradiction	Henry was born in 2010 and Jack was born in 2002.	Henry is elder than Jack.
contradiction	Julie was born in 2000 and Billy was born in 1998.	Julie is elder than Billy.
contradiction	Ruth was born in 2019 and Elizabeth was born in 2004.	Ruth is elder than Elizabeth.
contradiction	Sandra was born in 1998 and Andrew was born in 1994.	Sandra is elder than Andrew.
contradiction	David was born in 1997 and Dave was born in 1996.	David is elder than Dave.
contradiction	Frances was born in 1996 and Virginia was born in 1991.	Frances is elder than Virginia.
contradiction	Johnny was born in 2005 and James was born in 2004.	Johnny is elder than James.
contradiction	Benjamin was born in 1998 and Patrick was born in 1995.	Benjamin is elder than Patrick.
contradiction	Alan was born in 1996 and Elaine was born in 1995.	Alan is elder than Elaine.
contradiction	Lynn was born in 2002 and Alex was born in 1990.	Lynn is elder than Alex.
contradiction	Diane was born in 1996 and Francis was born in 1994.	Diane is elder than Francis.
contradiction	Nancy was born in 1992 and Jane was born in 1990.	Nancy is elder than Jane.
contradiction	Alan was born in 1994 and Alex was born in 1990.	Alan is elder than Alex.
contradiction	Suzanne was born in 1994 and Kathryn was born in 1993.	Suzanne is elder than Kathryn.
contradiction	Jill was born in 2010 and Katherine was born in 1990.	Jill is elder than Katherine.
contradiction	Alfred was born in 2019 and Jessica was born in 2005.	Alfred is elder than Jessica.
contradiction	Julia was born in 2000 and Chris was born in 1994.	Julia is elder than Chris.
contradiction	Johnny was born in 2007 and Anne was born in 1996.	Johnny is elder than Anne.
contradiction	Jay was born in 1996 and Billy was born in 1991.	Jay is elder than Billy.
contradiction	Robin was born in 2001 and Kevin was born in 1991.	Robin is elder than Kevin.
contradiction	Ben was born in 2010 and Rose was born in 1994.	Ben is elder than Rose.
contradiction	Victoria was born in 2016 and Stephen was born in 2009.	Victoria is elder than Stephen.
contradiction	Jane was born in 1992 and Evelyn was born in 1990.	Jane is elder than Evelyn.
contradiction	Adam was born in 1994 and Billy was born in 1991.	Adam is elder than Billy.
contradiction	Mark was born in 1993 and Nicole was born in 1991.	Mark is elder than Nicole.
contradiction	Ron was born in 2016 and Roy was born in 2006.	Ron is elder than Roy.
contradiction	Michelle was born in 1992 and Dick was born in 1990.	Michelle is elder than Dick.
contradiction	Judy was born in 2018 and Karen was born in 2008.	Judy is elder than Karen.
contradiction	Karen was born in 2018 and Jane was born in 2008.	Karen is elder than Jane.
contradiction	Diane was born in 1999 and Mary was born in 1996.	Diane is elder than Mary.
contradiction	Rachel was born in 2012 and Edward was born in 1994.	Rachel is elder than Edward.
contradiction	Adam was born in 1996 and Kathy was born in 1994.	Adam is elder than Kathy.
contradiction	Ray was born in 2011 and Anthony was born in 2005.	Ray is elder than Anthony.
contradiction	Fiona was born in 1996 and Anne was born in 1991.	Fiona is elder than Anne.
contradiction	Arthur was born in 1991 and Claire was born in 1990.	Arthur is elder than Claire.
contradiction	Tony was born in 1994 and Jane was born in 1992.	Tony is elder than Jane.
contradiction	Billy was born in 1999 and Deborah was born in 1998.	Billy is elder than Deborah.
contradiction	Simon was born in 2009 and Kevin was born in 1995.	Simon is elder than Kevin.
contradiction	Elizabeth was born in 2009 and Hugh was born in 1993.	Elizabeth is elder than Hugh.
contradiction	Deborah was born in 2014 and Kelly was born in 2005.	Deborah is elder than Kelly.
contradiction	Donna was born in 2001 and Jean was born in 1994.	Donna is elder than Jean.
contradiction	Suzanne was born in 2015 and Sophie was born in 2005.	Suzanne is elder than Sophie.
contradiction	Colin was born in 2012 and Ron was born in 2010.	Colin is elder than Ron.
contradiction	Jonathan was born in 2008 and Keith was born in 1990.	Jonathan is elder than Keith.
contradiction	Diane was born in 2010 and Lynn was born in 2003.	Diane is elder than Lynn.
contradiction	Rose was born in 2011 and Alex was born in 2008.	Rose is elder than Alex.
contradiction	Melissa was born in 1992 and Larry was born in 1990.	Melissa is elder than Larry.
contradiction	Keith was born in 2016 and Kathy was born in 2006.	Keith is elder than Kathy.
contradiction	Dorothy was born in 1998 and Ralph was born in 1996.	Dorothy is elder than Ralph.
contradiction	Chris was born in 2013 and Harriet was born in 2000.	Chris is elder than Harriet.
contradiction	Emma was born in 1998 and Stephen was born in 1997.	Emma is elder than Stephen.
contradiction	Lynn was born in 2014 and Steve was born in 2000.	Lynn is elder than Steve.
contradiction	Tim was born in 2009 and Elaine was born in 1991.	Tim is elder than Elaine.
contradiction	David was born in 2008 and Bob was born in 1995.	David is elder than Bob.
contradiction	Diana was born in 2017 and Sarah was born in 2001.	Diana is elder than Sarah.
contradiction	Samuel was born in 1998 and Charlotte was born in 1992.	Samuel is elder than Charlotte.
contradiction	Sally was born in 1998 and Simon was born in 1993.	Sally is elder than Simon.
contradiction	Charlotte was born in 2009 and Anne was born in 1996.	Charlotte is elder than Anne.
contradiction	Albert was born in 2017 and Ann was born in 2011.	Albert is elder than Ann.
contradiction	Ron was born in 1995 and Eleanor was born in 1994.	Ron is elder than Eleanor.
contradiction	Melissa was born in 2019 and Jean was born in 2014.	Melissa is elder than Jean.
contradiction	Alfred was born in 1991 and Eleanor was born in 1990.	Alfred is elder than Eleanor.
contradiction	Alexander was born in 2003 and Ben was born in 1991.	Alexander is elder than Ben.
contradiction	Joan was born in 2017 and David was born in 2005.	Joan is elder than David.
contradiction	William was born in 1991 and Hugh was born in 1990.	William is elder than Hugh.
contradiction	Louise was born in 2012 and Henry was born in 1995.	Louise is elder than Henry.
contradiction	Steven was born in 2007 and Judith was born in 1997.	Steven is elder than Judith.
contradiction	Sophie was born in 2013 and Charles was born in 1990.	Sophie is elder than Charles.
contradiction	David was born in 2011 and Sarah was born in 2007.	David is elder than Sarah.
contradiction	Carol was born in 2018 and Nicole was born in 2015.	Carol is elder than Nicole.
contradiction	Jean was born in 2006 and Kate was born in 1999.	Jean is elder than Kate.
contradiction	Anthony was born in 2005 and Christopher was born in 1992.	Anthony is elder than Christopher.
contradiction	Eleanor was born in 2017 and Ben was born in 1994.	Eleanor is elder than Ben.
contradiction	Lucy was born in 2009 and Eric was born in 1999.	Lucy is elder than Eric.
contradiction	Keith was born in 2004 and Alexandra was born in 2002.	Keith is elder than Alexandra.
contradiction	Heather was born in 2008 and Tom was born in 1999.	Heather is elder than Tom.
contradiction	George was born in 1996 and Eric was born in 1993.	George is elder than Eric.
contradiction	Benjamin was born in 2008 and Charles was born in 2000.	Benjamin is elder than Charles.
contradiction	Lisa was born in 2000 and Wendy was born in 1998.	Lisa is elder than Wendy.
contradiction	Bruce was born in 1994 and Martha was born in 1993.	Bruce is elder than Martha.
contradiction	Kathleen was born in 2009 and Howard was born in 1997.	Kathleen is elder than Howard.
contradiction	Jessica was born in 2017 and Marie was born in 1999.	Jessica is elder than Marie.
contradiction	Rebecca was born in 2014 and George was born in 2003.	Rebecca is elder than George.
contradiction	Karen was born in 2016 and Daniel was born in 2009.	Karen is elder than Daniel.
contradiction	Marilyn was born in 2007 and Henry was born in 2000.	Marilyn is elder than Henry.
contradiction	Jessica was born in 1991 and Jim was born in 1990.	Jessica is elder than Jim.
contradiction	Billy was born in 2014 and Bob was born in 1999.	Billy is elder than Bob.
contradiction	Julia was born in 2018 and Gary was born in 2007.	Julia is elder than Gary.
contradiction	Patricia was born in 2010 and Scott was born in 1997.	Patricia is elder than Scott.
contradiction	Lynn was born in 2007 and Ellen was born in 1994.	Lynn is elder than Ellen.
contradiction	Susan was born in 2003 and Hugh was born in 1997.	Susan is elder than Hugh.
contradiction	Jill was born in 2008 and Heather was born in 1994.	Jill is elder than Heather.
contradiction	Melissa was born in 2009 and Alexandra was born in 1998.	Melissa is elder than Alexandra.
contradiction	Elizabeth was born in 1992 and Kelly was born in 1991.	Elizabeth is elder than Kelly.
contradiction	Jason was born in 2002 and Jonathan was born in 1997.	Jason is elder than Jonathan.
contradiction	Sharon was born in 2016 and Tony was born in 2004.	Sharon is elder than Tony.
contradiction	Emily was born in 2001 and Joan was born in 1991.	Emily is elder than Joan.
contradiction	Charles was born in 2017 and Marilyn was born in 2013.	Charles is elder than Marilyn.
contradiction	Lucy was born in 2020 and Alison was born in 1994.	Lucy is elder than Alison.
contradiction	Evelyn was born in 2015 and Howard was born in 2010.	Evelyn is elder than Howard.
contradiction	Roy was born in 1991 and Karen was born in 1990.	Roy is elder than Karen.
contradiction	Louis was born in 2007 and Colin was born in 2000.	Louis is elder than Colin.
contradiction	Mary was born in 2020 and Nick was born in 1996.	Mary is elder than Nick.
contradiction	Larry was born in 2005 and Dan was born in 1990.	Larry is elder than Dan.
contradiction	Walter was born in 1994 and Eleanor was born in 1992.	Walter is elder than Eleanor.
contradiction	Virginia was born in 1993 and Christopher was born in 1992.	Virginia is elder than Christopher.
contradiction	Jennifer was born in 1997 and Anthony was born in 1990.	Jennifer is elder than Anthony.
contradiction	Alan was born in 2008 and William was born in 2007.	Alan is elder than William.
contradiction	Kathryn was born in 2017 and Scott was born in 1991.	Kathryn is elder than Scott.
contradiction	Keith was born in 2009 and Kelly was born in 2000.	Keith is elder than Kelly.
contradiction	Julie was born in 2002 and Ian was born in 2001.	Julie is elder than Ian.
contradiction	Dick was born in 2015 and Karen was born in 2013.	Dick is elder than Karen.
contradiction	Arthur was born in 2009 and Matthew was born in 2003.	Arthur is elder than Matthew.
contradiction	Wendy was born in 2016 and Emma was born in 1993.	Wendy is elder than Emma.
contradiction	Heather was born in 2011 and Louise was born in 2002.	Heather is elder than Louise.
contradiction	Hugh was born in 2018 and Alice was born in 2015.	Hugh is elder than Alice.
contradiction	Thomas was born in 1995 and Carol was born in 1994.	Thomas is elder than Carol.
contradiction	Peter was born in 1995 and Sarah was born in 1993.	Peter is elder than Sarah.
contradiction	Kathleen was born in 1991 and Michael was born in 1990.	Kathleen is elder than Michael.
contradiction	Ron was born in 1993 and Thomas was born in 1991.	Ron is elder than Thomas.
contradiction	Victoria was born in 2004 and Mary was born in 1996.	Victoria is elder than Mary.
contradiction	Catherine was born in 1995 and Sophie was born in 1994.	Catherine is elder than Sophie.
contradiction	Frances was born in 2008 and Alan was born in 1991.	Frances is elder than Alan.
contradiction	Hugh was born in 2008 and Helen was born in 2000.	Hugh is elder than Helen.
contradiction	Rose was born in 2000 and James was born in 1995.	Rose is elder than James.
contradiction	Kathleen was born in 2005 and Alexandra was born in 1990.	Kathleen is elder than Alexandra.
contradiction	Steve was born in 1991 and James was born in 1990.	Steve is elder than James.
contradiction	Johnny was born in 2014 and Lawrence was born in 1990.	Johnny is elder than Lawrence.
contradiction	Alice was born in 1995 and Dave was born in 1990.	Alice is elder than Dave.
contradiction	David was born in 2003 and Virginia was born in 2002.	David is elder than Virginia.
contradiction	Karen was born in 2019 and Anthony was born in 2013.	Karen is elder than Anthony.
contradiction	Patrick was born in 2003 and Marie was born in 1990.	Patrick is elder than Marie.
contradiction	Julia was born in 2002 and Victoria was born in 1997.	Julia is elder than Victoria.
contradiction	Samuel was born in 2004 and Wendy was born in 2003.	Samuel is elder than Wendy.
contradiction	Sally was born in 1996 and Stephen was born in 1993.	Sally is elder than Stephen.
contradiction	Jeff was born in 1996 and Benjamin was born in 1993.	Jeff is elder than Benjamin.
contradiction	Philip was born in 1996 and Louise was born in 1994.	Philip is elder than Louise.
contradiction	Alfred was born in 2017 and Ben was born in 1990.	Alfred is elder than Ben.
contradiction	Jessica was born in 2003 and Eric was born in 1999.	Jessica is elder than Eric.
contradiction	Adam was born in 1997 and Emily was born in 1991.	Adam is elder than Emily.
contradiction	Christine was born in 2005 and George was born in 2002.	Christine is elder than George.
contradiction	Paul was born in 1994 and Eleanor was born in 1992.	Paul is elder than Eleanor.
contradiction	Lisa was born in 2008 and Ryan was born in 1992.	Lisa is elder than Ryan.
contradiction	Eric was born in 1997 and Alan was born in 1992.	Eric is elder than Alan.
contradiction	Peter was born in 2012 and Robin was born in 2011.	Peter is elder than Robin.
contradiction	Louise was born in 1997 and Katie was born in 1991.	Louise is elder than Katie.
contradiction	Anthony was born in 2014 and Lawrence was born in 1998.	Anthony is elder than Lawrence.
contradiction	Adam was born in 2013 and Howard was born in 1998.	Adam is elder than Howard.
contradiction	Bobby was born in 2017 and Tom was born in 2003.	Bobby is elder than Tom.
contradiction	Jimmy was born in 2015 and Karen was born in 2003.	Jimmy is elder than Karen.
contradiction	Leslie was born in 2020 and Edith was born in 2001.	Leslie is elder than Edith.
contradiction	Simon was born in 2014 and Nick was born in 2009.	Simon is elder than Nick.
contradiction	Sara was born in 2019 and Judy was born in 1992.	Sara is elder than Judy.
contradiction	Frederick was born in 2009 and Rachel was born in 2008.	Frederick is elder than Rachel.
contradiction	Bruce was born in 2013 and Amanda was born in 2012.	Bruce is elder than Amanda.
contradiction	Jessica was born in 2013 and Bruce was born in 2001.	Jessica is elder than Bruce.
contradiction	Elaine was born in 2007 and Fiona was born in 1996.	Elaine is elder than Fiona.
contradiction	Deborah was born in 2010 and Emily was born in 2000.	Deborah is elder than Emily.
contradiction	Thomas was born in 2006 and Ryan was born in 1995.	Thomas is elder than Ryan.
contradiction	Ian was born in 2013 and Harriet was born in 2003.	Ian is elder than Harriet.
contradiction	Ryan was born in 2003 and Stephanie was born in 1991.	Ryan is elder than Stephanie.
contradiction	Ashley was born in 2017 and Wendy was born in 2001.	Ashley is elder than Wendy.
contradiction	Harold was born in 1998 and Ann was born in 1996.	Harold is elder than Ann.
contradiction	Edward was born in 2012 and Ashley was born in 1990.	Edward is elder than Ashley.
contradiction	Simon was born in 1993 and Sue was born in 1992.	Simon is elder than Sue.
contradiction	George was born in 2013 and Michelle was born in 1999.	George is elder than Michelle.
contradiction	Kathryn was born in 2010 and Simon was born in 2009.	Kathryn is elder than Simon.
contradiction	Bruce was born in 1996 and Ryan was born in 1993.	Bruce is elder than Ryan.
contradiction	Ian was born in 1996 and Diane was born in 1991.	Ian is elder than Diane.
contradiction	Charlotte was born in 1997 and Margaret was born in 1992.	Charlotte is elder than Margaret.
contradiction	Hugh was born in 2019 and Howard was born in 1997.	Hugh is elder than Howard.
contradiction	Karen was born in 2004 and Daniel was born in 2001.	Karen is elder than Daniel.
contradiction	Larry was born in 2014 and Jay was born in 1990.	Larry is elder than Jay.
contradiction	Henry was born in 1993 and Tom was born in 1991.	Henry is elder than Tom.
contradiction	Alex was born in 2010 and Billy was born in 2007.	Alex is elder than Billy.
contradiction	Sally was born in 2008 and Katherine was born in 1990.	Sally is elder than Katherine.
contradiction	Ed was born in 1994 and Alexander was born in 1990.	Ed is elder than Alexander.
contradiction	Frederick was born in 2010 and Diane was born in 1998.	Frederick is elder than Diane.
contradiction	Helen was born in 2010 and Richard was born in 2000.	Helen is elder than Richard.
contradiction	Tim was born in 2005 and Martin was born in 2004.	Tim is elder than Martin.
contradiction	Ray was born in 2009 and Betty was born in 2008.	Ray is elder than Betty.
contradiction	Jay was born in 2015 and Barbara was born in 2014.	Jay is elder than Barbara.
contradiction	Patricia was born in 2012 and Jennifer was born in 2001.	Patricia is elder than Jennifer.
contradiction	Sophie was born in 2004 and Nancy was born in 1990.	Sophie is elder than Nancy.
contradiction	Deborah was born in 2019 and Annie was born in 1996.	Deborah is elder than Annie.
contradiction	Heather was born in 1997 and Jason was born in 1994.	Heather is elder than Jason.
contradiction	Dave was born in 1991 and Peter was born in 1990.	Dave is elder than Peter.
contradiction	Ben was born in 2001 and Edwin was born in 1993.	Ben is elder than Edwin.
contradiction	Steve was born in 2001 and Alison was born in 1993.	Steve is elder than Alison.
contradiction	Arthur was born in 2018 and James was born in 1994.	Arthur is elder than James.
contradiction	Sam was born in 2012 and Edward was born in 1992.	Sam is elder than Edward.
contradiction	Benjamin was born in 1997 and Jack was born in 1991.	Benjamin is elder than Jack.
contradiction	Simon was born in 2020 and Matthew was born in 1993.	Simon is elder than Matthew.
contradiction	Alan was born in 1997 and Francis was born in 1992.	Alan is elder than Francis.
contradiction	Dick was born in 2005 and Billy was born in 1990.	Dick is elder than Billy.
contradiction	Bruce was born in 2000 and David was born in 1995.	Bruce is elder than David.
contradiction	James was born in 1991 and Albert was born in 1990.	James is elder than Albert.
contradiction	Katie was born in 1995 and Patricia was born in 1994.	Katie is elder than Patricia.
contradiction	Bob was born in 2010 and Barbara was born in 2005.	Bob is elder than Barbara.
contradiction	Jerry was born in 2010 and Joe was born in 2006.	Jerry is elder than Joe.
contradiction	Alan was born in 1998 and Frances was born in 1994.	Alan is elder than Frances.
contradiction	Sandra was born in 2004 and Rachel was born in 1999.	Sandra is elder than Rachel.
contradiction	Katie was born in 1996 and Eric was born in 1990.	Katie is elder than Eric.
contradiction	Melissa was born in 2007 and Fred was born in 2006.	Melissa is elder than Fred.
contradiction	Evelyn was born in 2005 and Tim was born in 2004.	Evelyn is elder than Tim.
contradiction	Marilyn was born in 2020 and John was born in 2008.	Marilyn is elder than John.
contradiction	Edwin was born in 2014 and Carl was born in 2012.	Edwin is elder than Carl.
contradiction	Daniel was born in 2014 and Andrea was born in 2005.	Daniel is elder than Andrea.
contradiction	Charles was born in 2001 and Nick was born in 1991.	Charles is elder than Nick.
contradiction	Carol was born in 2010 and Kelly was born in 1995.	Carol is elder than Kelly.
contradiction	Mary was born in 1992 and Virginia was born in 1991.	Mary is elder than Virginia.
contradiction	Frederick was born in 2011 and Betty was born in 1997.	Frederick is elder than Betty.
contradiction	Alex was born in 2017 and Matthew was born in 2016.	Alex is elder than Matthew.
contradiction	Scott was born in 2011 and Martin was born in 2005.	Scott is elder than Martin.
contradiction	Bob was born in 2007 and Dorothy was born in 2005.	Bob is elder than Dorothy.
contradiction	Marie was born in 1992 and Ellen was born in 1990.	Marie is elder than Ellen.
contradiction	Kevin was born in 2007 and Emily was born in 1994.	Kevin is elder than Emily.
contradiction	Joseph was born in 2011 and Ellen was born in 2001.	Joseph is elder than Ellen.
contradiction	Gary was born in 2001 and Kate was born in 1993.	Gary is elder than Kate.
contradiction	Michael was born in 2009 and Dan was born in 2000.	Michael is elder than Dan.
contradiction	Greg was born in 2014 and Steven was born in 1994.	Greg is elder than Steven.
contradiction	Florence was born in 2011 and Robert was born in 2007.	Florence is elder than Robert.
contradiction	Jennifer was born in 2016 and Edith was born in 2009.	Jennifer is elder than Edith.
contradiction	Stephen was born in 2017 and Keith was born in 2013.	Stephen is elder than Keith.
contradiction	Dick was born in 1998 and Louis was born in 1994.	Dick is elder than Louis.
contradiction	Paul was born in 1995 and Tony was born in 1993.	Paul is elder than Tony.
contradiction	Stephen was born in 1993 and Catherine was born in 1990.	Stephen is elder than Catherine.
contradiction	Anne was born in 2001 and Joe was born in 1990.	Anne is elder than Joe.
contradiction	Kim was born in 1997 and Robert was born in 1991.	Kim is elder than Robert.
contradiction	Sarah was born in 2004 and Kate was born in 2002.	Sarah is elder than Kate.
contradiction	Charlotte was born in 1996 and Rachel was born in 1991.	Charlotte is elder than Rachel.
contradiction	William was born in 2010 and Alexander was born in 2004.	William is elder than Alexander.
contradiction	Sandra was born in 2014 and Edith was born in 1995.	Sandra is elder than Edith.
contradiction	Jill was born in 1998 and Marilyn was born in 1994.	Jill is elder than Marilyn.
contradiction	Carl was born in 2018 and Jack was born in 1996.	Carl is elder than Jack.
contradiction	Michelle was born in 2006 and Diana was born in 2001.	Michelle is elder than Diana.
contradiction	Julia was born in 1993 and Jimmy was born in 1990.	Julia is elder than Jimmy.
contradiction	Carl was born in 1995 and Ruth was born in 1991.	Carl is elder than Ruth.
contradiction	Patrick was born in 2016 and Julia was born in 2005.	Patrick is elder than Julia.
contradiction	Wendy was born in 1996 and Stephanie was born in 1991.	Wendy is elder than Stephanie.
contradiction	Carolyn was born in 2008 and Sam was born in 2000.	Carolyn is elder than Sam.
contradiction	Keith was born in 1992 and Jerry was born in 1990.	Keith is elder than Jerry.
contradiction	Kenneth was born in 1991 and Roger was born in 1990.	Kenneth is elder than Roger.
contradiction	Alan was born in 2001 and Victoria was born in 2000.	Alan is elder than Victoria.
contradiction	Steven was born in 1998 and Matt was born in 1996.	Steven is elder than Matt.
contradiction	Kate was born in 2007 and George was born in 1994.	Kate is elder than George.
contradiction	Judy was born in 2019 and Steven was born in 2014.	Judy is elder than Steven.
contradiction	Mark was born in 2007 and Alice was born in 2001.	Mark is elder than Alice.
contradiction	Judith was born in 1999 and Brian was born in 1993.	Judith is elder than Brian.
contradiction	Nancy was born in 2014 and Barbara was born in 2004.	Nancy is elder than Barbara.
contradiction	Kathleen was born in 1999 and Diana was born in 1996.	Kathleen is elder than Diana.
contradiction	Edith was born in 2003 and Rose was born in 1991.	Edith is elder than Rose.
contradiction	Matt was born in 1991 and Joan was born in 1990.	Matt is elder than Joan.
contradiction	Judith was born in 2016 and Ann was born in 1993.	Judith is elder than Ann.
contradiction	Tony was born in 2008 and Amanda was born in 1994.	Tony is elder than Amanda.
contradiction	Kathy was born in 1992 and Kathleen was born in 1991.	Kathy is elder than Kathleen.
contradiction	Laura was born in 2008 and Heather was born in 2001.	Laura is elder than Heather.
contradiction	Evelyn was born in 2005 and Helen was born in 1998.	Evelyn is elder than Helen.
contradiction	Carol was born in 1994 and Arthur was born in 1992.	Carol is elder than Arthur.
contradiction	Thomas was born in 1998 and Charlotte was born in 1991.	Thomas is elder than Charlotte.
contradiction	Alice was born in 1997 and Nancy was born in 1992.	Alice is elder than Nancy.
contradiction	Kim was born in 2014 and Jack was born in 2006.	Kim is elder than Jack.
contradiction	Linda was born in 2001 and Harry was born in 1992.	Linda is elder than Harry.
contradiction	Jean was born in 2009 and Ed was born in 1997.	Jean is elder than Ed.
contradiction	Eric was born in 1998 and Robert was born in 1991.	Eric is elder than Robert.
contradiction	Judy was born in 2008 and Sophie was born in 1994.	Judy is elder than Sophie.
contradiction	Julie was born in 2020 and Stephen was born in 1993.	Julie is elder than Stephen.
contradiction	Diana was born in 2010 and Kelly was born in 1992.	Diana is elder than Kelly.
contradiction	Bobby was born in 2002 and Adam was born in 1999.	Bobby is elder than Adam.
contradiction	Kathy was born in 1997 and John was born in 1993.	Kathy is elder than John.
contradiction	Nancy was born in 1999 and Michael was born in 1997.	Nancy is elder than Michael.
contradiction	Amy was born in 2007 and Ray was born in 2002.	Amy is elder than Ray.
contradiction	Philip was born in 1991 and Nick was born in 1990.	Philip is elder than Nick.
contradiction	Laura was born in 2005 and Walter was born in 2001.	Laura is elder than Walter.
contradiction	Jimmy was born in 1998 and Lynn was born in 1991.	Jimmy is elder than Lynn.
contradiction	David was born in 2015 and Ellen was born in 1998.	David is elder than Ellen.
contradiction	Johnny was born in 2001 and Marilyn was born in 1993.	Johnny is elder than Marilyn.
contradiction	Brian was born in 1995 and Mike was born in 1993.	Brian is elder than Mike.
contradiction	Jennifer was born in 2017 and Dick was born in 1994.	Jennifer is elder than Dick.
contradiction	Carolyn was born in 2011 and Kelly was born in 2004.	Carolyn is elder than Kelly.
contradiction	Diane was born in 1996 and Greg was born in 1991.	Diane is elder than Greg.
contradiction	Angela was born in 1995 and Sara was born in 1991.	Angela is elder than Sara.
contradiction	Jeff was born in 2000 and Lawrence was born in 1993.	Jeff is elder than Lawrence.
contradiction	Heather was born in 2002 and William was born in 1998.	Heather is elder than William.
contradiction	Emily was born in 2000 and Kathleen was born in 1995.	Emily is elder than Kathleen.
contradiction	Emily was born in 2001 and Lucy was born in 1992.	Emily is elder than Lucy.
contradiction	Benjamin was born in 1993 and Dick was born in 1990.	Benjamin is elder than Dick.
contradiction	Mark was born in 1999 and Michelle was born in 1996.	Mark is elder than Michelle.
contradiction	Robert was born in 2008 and Frank was born in 2005.	Robert is elder than Frank.
contradiction	Kathryn was born in 2013 and Peter was born in 1993.	Kathryn is elder than Peter.
contradiction	Jane was born in 1994 and Jeff was born in 1991.	Jane is elder than Jeff.
contradiction	Samuel was born in 2014 and Virginia was born in 1999.	Samuel is elder than Virginia.
contradiction	David was born in 2019 and Carolyn was born in 2003.	David is elder than Carolyn.
contradiction	Patrick was born in 2003 and Cynthia was born in 1997.	Patrick is elder than Cynthia.
contradiction	Dorothy was born in 2019 and Ruth was born in 1990.	Dorothy is elder than Ruth.
contradiction	Jack was born in 1991 and George was born in 1990.	Jack is elder than George.
contradiction	Tim was born in 2005 and Diane was born in 2001.	Tim is elder than Diane.
contradiction	Charlie was born in 1994 and Matt was born in 1990.	Charlie is elder than Matt.
contradiction	Ralph was born in 1992 and Kate was born in 1991.	Ralph is elder than Kate.
contradiction	Nicole was born in 2011 and Dorothy was born in 1995.	Nicole is elder than Dorothy.
contradiction	Sam was born in 2006 and Jonathan was born in 2002.	Sam is elder than Jonathan.
contradiction	Patricia was born in 1999 and Heather was born in 1996.	Patricia is elder than Heather.
contradiction	David was born in 1999 and Judith was born in 1997.	David is elder than Judith.
contradiction	Michelle was born in 2010 and Marilyn was born in 1997.	Michelle is elder than Marilyn.
contradiction	Sharon was born in 2009 and Florence was born in 2000.	Sharon is elder than Florence.
contradiction	Ruth was born in 2015 and Mary was born in 2009.	Ruth is elder than Mary.
contradiction	John was born in 2008 and Fred was born in 2004.	John is elder than Fred.
contradiction	Howard was born in 2016 and Alice was born in 2004.	Howard is elder than Alice.
contradiction	Stephen was born in 2001 and Susan was born in 1994.	Stephen is elder than Susan.
contradiction	Roger was born in 2020 and Peter was born in 2019.	Roger is elder than Peter.
contradiction	Kathleen was born in 2013 and Katie was born in 2002.	Kathleen is elder than Katie.
contradiction	Charlie was born in 2005 and Frederick was born in 1997.	Charlie is elder than Frederick.
contradiction	Tom was born in 2011 and Bruce was born in 1993.	Tom is elder than Bruce.
contradiction	Ken was born in 2009 and Evelyn was born in 2003.	Ken is elder than Evelyn.
contradiction	Daniel was born in 2003 and George was born in 2002.	Daniel is elder than George.
contradiction	Ashley was born in 2008 and Francis was born in 1997.	Ashley is elder than Francis.
contradiction	Sue was born in 1995 and Joan was born in 1993.	Sue is elder than Joan.
contradiction	Scott was born in 1991 and Martin was born in 1990.	Scott is elder than Martin.
contradiction	Eleanor was born in 2007 and Chris was born in 2001.	Eleanor is elder than Chris.
contradiction	Florence was born in 2016 and Hugh was born in 2001.	Florence is elder than Hugh.
contradiction	Ken was born in 2009 and Martin was born in 1998.	Ken is elder than Martin.
contradiction	Julia was born in 2000 and Ian was born in 1990.	Julia is elder than Ian.
contradiction	Keith was born in 2013 and Patrick was born in 2006.	Keith is elder than Patrick.
contradiction	Eric was born in 2008 and Thomas was born in 1992.	Eric is elder than Thomas.
contradiction	Amy was born in 2003 and Angela was born in 1994.	Amy is elder than Angela.
contradiction	Ian was born in 2011 and Angela was born in 1992.	Ian is elder than Angela.
contradiction	Alfred was born in 2010 and Julie was born in 1992.	Alfred is elder than Julie.
contradiction	Grace was born in 1995 and Margaret was born in 1991.	Grace is elder than Margaret.
contradiction	William was born in 2014 and Kathryn was born in 2009.	William is elder than Kathryn.
contradiction	Ashley was born in 2007 and Julie was born in 1991.	Ashley is elder than Julie.
contradiction	Diana was born in 1994 and Robin was born in 1992.	Diana is elder than Robin.
contradiction	Barbara was born in 2010 and Howard was born in 2009.	Barbara is elder than Howard.
contradiction	Lawrence was born in 1992 and Deborah was born in 1990.	Lawrence is elder than Deborah.
contradiction	Bill was born in 1994 and Lucy was born in 1993.	Bill is elder than Lucy.
contradiction	Carol was born in 2015 and Rachel was born in 1996.	Carol is elder than Rachel.
contradiction	Nick was born in 2003 and Diane was born in 1998.	Nick is elder than Diane.
contradiction	Edwin was born in 2019 and Joseph was born in 1995.	Edwin is elder than Joseph.
contradiction	Martha was born in 2009 and Alexander was born in 1999.	Martha is elder than Alexander.
contradiction	Alfred was born in 2000 and Anthony was born in 1998.	Alfred is elder than Anthony.
contradiction	Andrea was born in 1993 and Edward was born in 1991.	Andrea is elder than Edward.
contradiction	Jack was born in 2010 and Rachel was born in 1996.	Jack is elder than Rachel.
contradiction	Carolyn was born in 2012 and Ray was born in 2005.	Carolyn is elder than Ray.
contradiction	Gary was born in 2003 and Claire was born in 1998.	Gary is elder than Claire.
contradiction	Judith was born in 2004 and Kelly was born in 2001.	Judith is elder than Kelly.
contradiction	Angela was born in 1995 and Bruce was born in 1992.	Angela is elder than Bruce.
contradiction	Ray was born in 2007 and Sam was born in 2000.	Ray is elder than Sam.
contradiction	Andrew was born in 2013 and Jimmy was born in 1993.	Andrew is elder than Jimmy.
contradiction	Cynthia was born in 2008 and Edwin was born in 1992.	Cynthia is elder than Edwin.
contradiction	Lisa was born in 1992 and Victoria was born in 1990.	Lisa is elder than Victoria.
contradiction	Annie was born in 2010 and Jack was born in 2001.	Annie is elder than Jack.
contradiction	Angela was born in 2012 and Sally was born in 2002.	Angela is elder than Sally.
contradiction	Hugh was born in 1995 and Ryan was born in 1992.	Hugh is elder than Ryan.
contradiction	Charles was born in 2020 and Ken was born in 1995.	Charles is elder than Ken.
contradiction	Sophie was born in 2005 and Jimmy was born in 1990.	Sophie is elder than Jimmy.
contradiction	Stephanie was born in 2007 and Steve was born in 1994.	Stephanie is elder than Steve.
contradiction	Jeff was born in 2013 and Angela was born in 1990.	Jeff is elder than Angela.
contradiction	Hugh was born in 2002 and Virginia was born in 1993.	Hugh is elder than Virginia.
contradiction	Louis was born in 2016 and Greg was born in 2006.	Louis is elder than Greg.
contradiction	Billy was born in 1991 and Lynn was born in 1990.	Billy is elder than Lynn.
contradiction	Alex was born in 1992 and Anna was born in 1990.	Alex is elder than Anna.
contradiction	Ryan was born in 1999 and Helen was born in 1995.	Ryan is elder than Helen.
contradiction	Wendy was born in 2011 and David was born in 1998.	Wendy is elder than David.
contradiction	Ruth was born in 2005 and Lisa was born in 1995.	Ruth is elder than Lisa.
contradiction	Kenneth was born in 2000 and Benjamin was born in 1999.	Kenneth is elder than Benjamin.
contradiction	Sandra was born in 1992 and Jerry was born in 1991.	Sandra is elder than Jerry.
contradiction	Frederick was born in 1999 and Joseph was born in 1995.	Frederick is elder than Joseph.
contradiction	Margaret was born in 2009 and Anna was born in 2008.	Margaret is elder than Anna.
contradiction	Jim was born in 1999 and Bruce was born in 1991.	Jim is elder than Bruce.
contradiction	Chris was born in 2004 and Steve was born in 1993.	Chris is elder than Steve.
contradiction	Ralph was born in 1997 and Robin was born in 1995.	Ralph is elder than Robin.
contradiction	Annie was born in 1997 and Katherine was born in 1996.	Annie is elder than Katherine.
contradiction	Harry was born in 1991 and Nancy was born in 1990.	Harry is elder than Nancy.
contradiction	Henry was born in 1994 and Keith was born in 1993.	Henry is elder than Keith.
contradiction	Billy was born in 2014 and Jeff was born in 2003.	Billy is elder than Jeff.
contradiction	Katie was born in 1994 and Sarah was born in 1993.	Katie is elder than Sarah.
contradiction	Ruth was born in 2016 and Alexandra was born in 2011.	Ruth is elder than Alexandra.
contradiction	Louise was born in 1999 and Charles was born in 1990.	Louise is elder than Charles.
contradiction	Mike was born in 2018 and Ben was born in 2012.	Mike is elder than Ben.
contradiction	Michelle was born in 1997 and Tom was born in 1995.	Michelle is elder than Tom.
contradiction	Mark was born in 2008 and Julie was born in 1990.	Mark is elder than Julie.
contradiction	Donna was born in 2008 and Dave was born in 1992.	Donna is elder than Dave.
contradiction	John was born in 1997 and Diana was born in 1991.	John is elder than Diana.
contradiction	Daniel was born in 2000 and Kathleen was born in 1997.	Daniel is elder than Kathleen.
contradiction	Roger was born in 2013 and Howard was born in 1994.	Roger is elder than Howard.
contradiction	Annie was born in 2012 and Hugh was born in 2005.	Annie is elder than Hugh.
contradiction	Roy was born in 2014 and Lisa was born in 2009.	Roy is elder than Lisa.
contradiction	Jimmy was born in 2004 and Jennifer was born in 1996.	Jimmy is elder than Jennifer.
contradiction	Kenneth was born in 1996 and Ruth was born in 1994.	Kenneth is elder than Ruth.
contradiction	Frances was born in 2008 and Kathryn was born in 1999.	Frances is elder than Kathryn.
contradiction	Ian was born in 2018 and Diane was born in 1997.	Ian is elder than Diane.
contradiction	Jim was born in 2013 and Joan was born in 1996.	Jim is elder than Joan.
contradiction	George was born in 1997 and Melissa was born in 1992.	George is elder than Melissa.
contradiction	Joan was born in 1991 and Lauren was born in 1990.	Joan is elder than Lauren.
contradiction	David was born in 1996 and Carl was born in 1995.	David is elder than Carl.
contradiction	Tony was born in 1997 and Catherine was born in 1992.	Tony is elder than Catherine.
contradiction	Victoria was born in 1993 and Kathryn was born in 1992.	Victoria is elder than Kathryn.
contradiction	Edwin was born in 1998 and Dan was born in 1992.	Edwin is elder than Dan.
contradiction	Sara was born in 1998 and Peter was born in 1993.	Sara is elder than Peter.
contradiction	Keith was born in 2016 and Carol was born in 2015.	Keith is elder than Carol.
contradiction	Mary was born in 2020 and Caroline was born in 2014.	Mary is elder than Caroline.
contradiction	Donald was born in 2010 and Lauren was born in 1995.	Donald is elder than Lauren.
contradiction	Samuel was born in 2007 and Ken was born in 2001.	Samuel is elder than Ken.
contradiction	Ashley was born in 2002 and Patrick was born in 2000.	Ashley is elder than Patrick.
contradiction	Thomas was born in 2000 and Amy was born in 1997.	Thomas is elder than Amy.
contradiction	Carolyn was born in 2010 and Charles was born in 2001.	Carolyn is elder than Charles.
contradiction	Donna was born in 1999 and Jean was born in 1992.	Donna is elder than Jean.
contradiction	Lauren was born in 2018 and Roger was born in 2009.	Lauren is elder than Roger.
contradiction	Virginia was born in 1993 and Alison was born in 1991.	Virginia is elder than Alison.
contradiction	Harry was born in 2006 and Charlie was born in 1993.	Harry is elder than Charlie.
contradiction	Thomas was born in 2016 and Louis was born in 2009.	Thomas is elder than Louis.
contradiction	Annie was born in 2016 and Roy was born in 2014.	Annie is elder than Roy.
contradiction	Paul was born in 2006 and Alfred was born in 1994.	Paul is elder than Alfred.
contradiction	Dave was born in 1996 and Wendy was born in 1994.	Dave is elder than Wendy.
contradiction	Ian was born in 2006 and Dick was born in 2005.	Ian is elder than Dick.
contradiction	Stephen was born in 2018 and Nicole was born in 1994.	Stephen is elder than Nicole.
contradiction	Patricia was born in 1998 and Don was born in 1990.	Patricia is elder than Don.
contradiction	Roy was born in 2000 and Jeff was born in 1995.	Roy is elder than Jeff.
contradiction	Alfred was born in 2006 and Wendy was born in 2003.	Alfred is elder than Wendy.
contradiction	Christine was born in 2009 and Lawrence was born in 1998.	Christine is elder than Lawrence.
contradiction	Ashley was born in 1992 and Charlie was born in 1991.	Ashley is elder than Charlie.
contradiction	Barbara was born in 2020 and Margaret was born in 2012.	Barbara is elder than Margaret.
contradiction	Julie was born in 1993 and Carl was born in 1992.	Julie is elder than Carl.
contradiction	Christopher was born in 2004 and Michael was born in 1992.	Christopher is elder than Michael.
contradiction	Fiona was born in 2016 and Mary was born in 2004.	Fiona is elder than Mary.
contradiction	Nicole was born in 1998 and Roger was born in 1995.	Nicole is elder than Roger.
contradiction	Peter was born in 2003 and Alexandra was born in 1995.	Peter is elder than Alexandra.
contradiction	Nancy was born in 1993 and Harriet was born in 1992.	Nancy is elder than Harriet.
contradiction	Marie was born in 2007 and Jack was born in 2004.	Marie is elder than Jack.
contradiction	Billy was born in 2018 and Steven was born in 2015.	Billy is elder than Steven.
contradiction	Andrew was born in 2008 and Michael was born in 2006.	Andrew is elder than Michael.
contradiction	Deborah was born in 1996 and Arthur was born in 1993.	Deborah is elder than Arthur.
contradiction	Jimmy was born in 2014 and John was born in 1998.	Jimmy is elder than John.
contradiction	Susan was born in 1991 and Katie was born in 1990.	Susan is elder than Katie.
contradiction	Donald was born in 2000 and Arthur was born in 1997.	Donald is elder than Arthur.
contradiction	Kathryn was born in 2013 and Sophie was born in 1991.	Kathryn is elder than Sophie.
contradiction	Louis was born in 2020 and Edwin was born in 2013.	Louis is elder than Edwin.
contradiction	Philip was born in 2001 and Harold was born in 1992.	Philip is elder than Harold.
contradiction	Donna was born in 2008 and Scott was born in 2004.	Donna is elder than Scott.
contradiction	Linda was born in 2003 and Eleanor was born in 1990.	Linda is elder than Eleanor.
contradiction	Nancy was born in 2002 and Steve was born in 1998.	Nancy is elder than Steve.
contradiction	Jerry was born in 1995 and Anthony was born in 1991.	Jerry is elder than Anthony.
contradiction	Marie was born in 2009 and Anna was born in 1997.	Marie is elder than Anna.
contradiction	Eleanor was born in 1996 and Amanda was born in 1992.	Eleanor is elder than Amanda.
contradiction	Sophie was born in 2020 and Elizabeth was born in 2006.	Sophie is elder than Elizabeth.
contradiction	Wendy was born in 2019 and Elaine was born in 1990.	Wendy is elder than Elaine.
contradiction	Edwin was born in 2010 and David was born in 2006.	Edwin is elder than David.
contradiction	Don was born in 2018 and Christopher was born in 1996.	Don is elder than Christopher.
contradiction	Scott was born in 2020 and Colin was born in 2015.	Scott is elder than Colin.
contradiction	Amanda was born in 1995 and Tony was born in 1993.	Amanda is elder than Tony.
contradiction	James was born in 2013 and Daniel was born in 1996.	James is elder than Daniel.
contradiction	Fiona was born in 2020 and Rachel was born in 1991.	Fiona is elder than Rachel.
contradiction	Edwin was born in 1995 and Alan was born in 1994.	Edwin is elder than Alan.
contradiction	Frank was born in 2007 and Dorothy was born in 2004.	Frank is elder than Dorothy.
contradiction	Stephanie was born in 2008 and Gary was born in 1993.	Stephanie is elder than Gary.
contradiction	Michelle was born in 1996 and Billy was born in 1995.	Michelle is elder than Billy.
contradiction	Alexander was born in 1998 and Ron was born in 1993.	Alexander is elder than Ron.
contradiction	Eleanor was born in 2003 and Amanda was born in 1998.	Eleanor is elder than Amanda.
contradiction	Kate was born in 2013 and Alison was born in 1993.	Kate is elder than Alison.
contradiction	Maria was born in 1998 and Simon was born in 1997.	Maria is elder than Simon.
contradiction	Mary was born in 2008 and Ruth was born in 2005.	Mary is elder than Ruth.
contradiction	Wendy was born in 1992 and Scott was born in 1990.	Wendy is elder than Scott.
contradiction	Louis was born in 1993 and George was born in 1991.	Louis is elder than George.
contradiction	Albert was born in 1994 and Brian was born in 1992.	Albert is elder than Brian.
contradiction	Donald was born in 1998 and Jennifer was born in 1993.	Donald is elder than Jennifer.
contradiction	Samuel was born in 2005 and Matt was born in 2001.	Samuel is elder than Matt.
contradiction	Robin was born in 2012 and Michelle was born in 1990.	Robin is elder than Michelle.
contradiction	Jay was born in 2019 and Stephanie was born in 2018.	Jay is elder than Stephanie.
contradiction	Philip was born in 1996 and Roy was born in 1993.	Philip is elder than Roy.
contradiction	Janet was born in 2007 and Marie was born in 1996.	Janet is elder than Marie.
contradiction	Nancy was born in 2000 and Sharon was born in 1990.	Nancy is elder than Sharon.
contradiction	Eric was born in 2003 and Lauren was born in 1996.	Eric is elder than Lauren.
contradiction	Albert was born in 2017 and Ron was born in 1995.	Albert is elder than Ron.
contradiction	Jack was born in 2015 and Janet was born in 2002.	Jack is elder than Janet.
contradiction	Alan was born in 2008 and Charlotte was born in 1993.	Alan is elder than Charlotte.
contradiction	Steve was born in 2019 and Martin was born in 1996.	Steve is elder than Martin.
contradiction	Lauren was born in 2009 and Eleanor was born in 1993.	Lauren is elder than Eleanor.
contradiction	Martha was born in 2017 and Steven was born in 1998.	Martha is elder than Steven.
contradiction	Virginia was born in 2015 and Anna was born in 2012.	Virginia is elder than Anna.
contradiction	Edwin was born in 2010 and Jerry was born in 1992.	Edwin is elder than Jerry.
contradiction	Sara was born in 2010 and Bill was born in 1994.	Sara is elder than Bill.
contradiction	Rose was born in 1999 and Bobby was born in 1994.	Rose is elder than Bobby.
contradiction	Kevin was born in 1991 and Annie was born in 1990.	Kevin is elder than Annie.
contradiction	Jennifer was born in 2009 and Kelly was born in 2008.	Jennifer is elder than Kelly.
contradiction	Arthur was born in 2000 and Bob was born in 1991.	Arthur is elder than Bob.
contradiction	Ellen was born in 1992 and Jessica was born in 1990.	Ellen is elder than Jessica.
contradiction	Johnny was born in 2016 and Anthony was born in 1992.	Johnny is elder than Anthony.
contradiction	Maria was born in 2006 and Dick was born in 1994.	Maria is elder than Dick.
contradiction	Louise was born in 2018 and Elizabeth was born in 2007.	Louise is elder than Elizabeth.
contradiction	Jane was born in 2005 and Donald was born in 1998.	Jane is elder than Donald.
contradiction	Patricia was born in 2018 and Samuel was born in 1994.	Patricia is elder than Samuel.
contradiction	Tony was born in 2000 and Grace was born in 1997.	Tony is elder than Grace.
contradiction	Suzanne was born in 2019 and Sharon was born in 2001.	Suzanne is elder than Sharon.
contradiction	Judy was born in 1993 and Anne was born in 1991.	Judy is elder than Anne.
contradiction	Fiona was born in 1994 and Chris was born in 1991.	Fiona is elder than Chris.
contradiction	Alfred was born in 2009 and James was born in 2003.	Alfred is elder than James.
contradiction	Scott was born in 2019 and Charles was born in 2011.	Scott is elder than Charles.
contradiction	Bill was born in 2005 and Lisa was born in 1999.	Bill is elder than Lisa.
contradiction	Bruce was born in 2020 and Alexander was born in 1992.	Bruce is elder than Alexander.
contradiction	Larry was born in 1999 and Thomas was born in 1997.	Larry is elder than Thomas.
contradiction	Laura was born in 2012 and Walter was born in 1996.	Laura is elder than Walter.
contradiction	Elizabeth was born in 2015 and Judy was born in 2006.	Elizabeth is elder than Judy.
contradiction	Charlie was born in 2010 and Donna was born in 2002.	Charlie is elder than Donna.
contradiction	Alan was born in 2012 and Joan was born in 2009.	Alan is elder than Joan.
contradiction	Stephen was born in 1993 and Jean was born in 1992.	Stephen is elder than Jean.
contradiction	Harold was born in 2012 and Stephanie was born in 1992.	Harold is elder than Stephanie.
contradiction	Emma was born in 1992 and Betty was born in 1990.	Emma is elder than Betty.
contradiction	Dick was born in 1992 and Louise was born in 1991.	Dick is elder than Louise.
contradiction	Michael was born in 1998 and Julie was born in 1995.	Michael is elder than Julie.
contradiction	Frances was born in 2017 and Bill was born in 2006.	Frances is elder than Bill.
contradiction	Amy was born in 2015 and Thomas was born in 2004.	Amy is elder than Thomas.
contradiction	Brian was born in 2010 and Scott was born in 1997.	Brian is elder than Scott.
contradiction	Laura was born in 2003 and Ron was born in 2001.	Laura is elder than Ron.
contradiction	Dan was born in 2017 and Julia was born in 1997.	Dan is elder than Julia.
contradiction	Charles was born in 2003 and Margaret was born in 1991.	Charles is elder than Margaret.
contradiction	Diana was born in 2006 and Helen was born in 1992.	Diana is elder than Helen.
contradiction	Joe was born in 1992 and Leslie was born in 1991.	Joe is elder than Leslie.
contradiction	Don was born in 2011 and Louise was born in 1991.	Don is elder than Louise.
contradiction	Roy was born in 1998 and Judy was born in 1995.	Roy is elder than Judy.
contradiction	Ron was born in 2017 and Benjamin was born in 2009.	Ron is elder than Benjamin.
contradiction	Martin was born in 2009 and Lisa was born in 1995.	Martin is elder than Lisa.
contradiction	Lynn was born in 1991 and Eric was born in 1990.	Lynn is elder than Eric.
contradiction	Virginia was born in 1994 and Carol was born in 1990.	Virginia is elder than Carol.
contradiction	Diana was born in 2007 and Ryan was born in 2000.	Diana is elder than Ryan.
contradiction	Dan was born in 2008 and Annie was born in 1997.	Dan is elder than Annie.
contradiction	Jane was born in 2000 and Rebecca was born in 1992.	Jane is elder than Rebecca.
contradiction	Edith was born in 2018 and Jane was born in 1993.	Edith is elder than Jane.
contradiction	Charles was born in 2009 and Al was born in 2005.	Charles is elder than Al.
contradiction	Mike was born in 1998 and Kate was born in 1993.	Mike is elder than Kate.
contradiction	Carolyn was born in 2005 and Kathryn was born in 2002.	Carolyn is elder than Kathryn.
contradiction	Ryan was born in 1992 and Maria was born in 1991.	Ryan is elder than Maria.
contradiction	Matt was born in 2011 and Louise was born in 1999.	Matt is elder than Louise.
contradiction	Claire was born in 2017 and Marilyn was born in 2005.	Claire is elder than Marilyn.
contradiction	Ralph was born in 2015 and Andrew was born in 2004.	Ralph is elder than Andrew.
contradiction	Eleanor was born in 2019 and Pamela was born in 2009.	Eleanor is elder than Pamela.
contradiction	Cynthia was born in 2007 and Bob was born in 2005.	Cynthia is elder than Bob.
contradiction	Grace was born in 2006 and Marilyn was born in 1992.	Grace is elder than Marilyn.
contradiction	Howard was born in 2000 and Jennifer was born in 1992.	Howard is elder than Jennifer.
contradiction	Alexander was born in 2006 and Rachel was born in 1990.	Alexander is elder than Rachel.
contradiction	Sara was born in 2015 and George was born in 2009.	Sara is elder than George.
contradiction	Harold was born in 2007 and Tim was born in 1997.	Harold is elder than Tim.
contradiction	Deborah was born in 2008 and Alexander was born in 1992.	Deborah is elder than Alexander.
contradiction	Barbara was born in 2002 and Al was born in 1996.	Barbara is elder than Al.
contradiction	Victoria was born in 2018 and Martin was born in 1995.	Victoria is elder than Martin.
contradiction	Jean was born in 2009 and Harriet was born in 2005.	Jean is elder than Harriet.
contradiction	Frederick was born in 2000 and Mike was born in 1997.	Frederick is elder than Mike.
contradiction	Alexandra was born in 2018 and Elizabeth was born in 2012.	Alexandra is elder than Elizabeth.
contradiction	Albert was born in 2006 and Jim was born in 1992.	Albert is elder than Jim.
contradiction	Walter was born in 2003 and Martin was born in 1992.	Walter is elder than Martin.
contradiction	Carl was born in 2011 and Edward was born in 2006.	Carl is elder than Edward.
contradiction	Tim was born in 2012 and Sharon was born in 2008.	Tim is elder than Sharon.
contradiction	John was born in 1996 and Cynthia was born in 1993.	John is elder than Cynthia.
contradiction	Elizabeth was born in 2020 and Ken was born in 2014.	Elizabeth is elder than Ken.
contradiction	Howard was born in 1997 and Anne was born in 1995.	Howard is elder than Anne.
contradiction	Harry was born in 2008 and Linda was born in 2006.	Harry is elder than Linda.
contradiction	Christine was born in 1996 and Frederick was born in 1994.	Christine is elder than Frederick.
contradiction	Carol was born in 1998 and Ian was born in 1996.	Carol is elder than Ian.
contradiction	Roger was born in 2004 and Carl was born in 1999.	Roger is elder than Carl.
contradiction	Elizabeth was born in 1993 and Matthew was born in 1991.	Elizabeth is elder than Matthew.
contradiction	Rachel was born in 2012 and Bruce was born in 2010.	Rachel is elder than Bruce.
contradiction	Lynn was born in 1995 and Lauren was born in 1994.	Lynn is elder than Lauren.
contradiction	Bill was born in 2003 and Anne was born in 1990.	Bill is elder than Anne.
contradiction	Charlie was born in 1994 and Maria was born in 1992.	Charlie is elder than Maria.
contradiction	Charlotte was born in 1992 and Walter was born in 1991.	Charlotte is elder than Walter.
contradiction	Roger was born in 1993 and Mary was born in 1991.	Roger is elder than Mary.
contradiction	Ian was born in 2014 and Walter was born in 2004.	Ian is elder than Walter.
contradiction	Richard was born in 2004 and Dorothy was born in 1991.	Richard is elder than Dorothy.
contradiction	Rose was born in 1991 and Lawrence was born in 1990.	Rose is elder than Lawrence.
contradiction	Gary was born in 2013 and Carol was born in 1992.	Gary is elder than Carol.
contradiction	Bill was born in 1998 and Virginia was born in 1990.	Bill is elder than Virginia.
contradiction	Fiona was born in 2003 and David was born in 1992.	Fiona is elder than David.
contradiction	Emma was born in 1997 and Alexandra was born in 1994.	Emma is elder than Alexandra.
contradiction	Daniel was born in 1993 and Emma was born in 1991.	Daniel is elder than Emma.
contradiction	Jessica was born in 1994 and Ken was born in 1991.	Jessica is elder than Ken.
contradiction	Judy was born in 2000 and Kelly was born in 1990.	Judy is elder than Kelly.
contradiction	Emily was born in 2016 and Francis was born in 1998.	Emily is elder than Francis.
contradiction	Greg was born in 1998 and Joan was born in 1995.	Greg is elder than Joan.
contradiction	Hugh was born in 2002 and Mark was born in 1993.	Hugh is elder than Mark.
contradiction	Patricia was born in 2010 and Anna was born in 1992.	Patricia is elder than Anna.
contradiction	Donna was born in 2014 and Ron was born in 2003.	Donna is elder than Ron.
contradiction	Ashley was born in 1992 and Jill was born in 1990.	Ashley is elder than Jill.
contradiction	Adam was born in 1992 and Jim was born in 1991.	Adam is elder than Jim.
contradiction	Daniel was born in 1993 and Marie was born in 1992.	Daniel is elder than Marie.
contradiction	Amy was born in 2018 and Eleanor was born in 2016.	Amy is elder than Eleanor.
contradiction	Jessica was born in 1996 and Michelle was born in 1990.	Jessica is elder than Michelle.
contradiction	Dan was born in 2012 and Richard was born in 2009.	Dan is elder than Richard.
contradiction	Alexander was born in 2016 and Ashley was born in 2012.	Alexander is elder than Ashley.
contradiction	Sara was born in 2001 and Christopher was born in 2000.	Sara is elder than Christopher.
contradiction	Jean was born in 2004 and Steven was born in 1994.	Jean is elder than Steven.
contradiction	Wendy was born in 2004 and Janet was born in 1993.	Wendy is elder than Janet.
contradiction	Martin was born in 1997 and Edith was born in 1994.	Martin is elder than Edith.
contradiction	Colin was born in 2006 and Charlie was born in 2000.	Colin is elder than Charlie.
contradiction	Mary was born in 1996 and Louis was born in 1990.	Mary is elder than Louis.
contradiction	Dave was born in 1994 and Adam was born in 1993.	Dave is elder than Adam.
contradiction	Annie was born in 2012 and Michael was born in 1990.	Annie is elder than Michael.
contradiction	Michael was born in 2020 and Harry was born in 2003.	Michael is elder than Harry.
contradiction	Lucy was born in 1995 and Frederick was born in 1991.	Lucy is elder than Frederick.
contradiction	Jay was born in 2014 and Kim was born in 2004.	Jay is elder than Kim.
contradiction	Emily was born in 2008 and Betty was born in 1997.	Emily is elder than Betty.
contradiction	Billy was born in 2012 and Eric was born in 1990.	Billy is elder than Eric.
contradiction	Anne was born in 2002 and Heather was born in 2000.	Anne is elder than Heather.
contradiction	Elaine was born in 1991 and Lynn was born in 1990.	Elaine is elder than Lynn.
contradiction	Rachel was born in 2010 and Ralph was born in 2005.	Rachel is elder than Ralph.
contradiction	Lucy was born in 2009 and Margaret was born in 1991.	Lucy is elder than Margaret.
contradiction	Marie was born in 1995 and Alexander was born in 1990.	Marie is elder than Alexander.
contradiction	Steve was born in 2015 and Jack was born in 2006.	Steve is elder than Jack.
contradiction	Dorothy was born in 2015 and Amy was born in 2002.	Dorothy is elder than Amy.
contradiction	Laura was born in 1997 and Sharon was born in 1996.	Laura is elder than Sharon.
contradiction	Sara was born in 2016 and Walter was born in 2000.	Sara is elder than Walter.
contradiction	Ray was born in 1998 and Joan was born in 1993.	Ray is elder than Joan.
contradiction	Julia was born in 2007 and Fred was born in 1995.	Julia is elder than Fred.
contradiction	Robin was born in 1999 and Louis was born in 1996.	Robin is elder than Louis.
contradiction	Fred was born in 2007 and Jessica was born in 2003.	Fred is elder than Jessica.
contradiction	Patrick was born in 2008 and Anne was born in 2005.	Patrick is elder than Anne.
contradiction	Edward was born in 2012 and Francis was born in 2006.	Edward is elder than Francis.
contradiction	Wendy was born in 2005 and Anne was born in 1992.	Wendy is elder than Anne.
contradiction	Sue was born in 2011 and Kenneth was born in 2002.	Sue is elder than Kenneth.
contradiction	Ron was born in 2001 and David was born in 1995.	Ron is elder than David.
contradiction	Emily was born in 2003 and Jane was born in 1997.	Emily is elder than Jane.
contradiction	Jeff was born in 1992 and Carol was born in 1990.	Jeff is elder than Carol.
contradiction	Alice was born in 2010 and Colin was born in 1991.	Alice is elder than Colin.
contradiction	Wendy was born in 2016 and Heather was born in 1997.	Wendy is elder than Heather.
contradiction	Catherine was born in 2016 and Carl was born in 1991.	Catherine is elder than Carl.
contradiction	Matthew was born in 2019 and Stephanie was born in 2000.	Matthew is elder than Stephanie.
contradiction	Marie was born in 2007 and Suzanne was born in 1997.	Marie is elder than Suzanne.
contradiction	Daniel was born in 2002 and Margaret was born in 2001.	Daniel is elder than Margaret.
contradiction	Carolyn was born in 1999 and Jonathan was born in 1990.	Carolyn is elder than Jonathan.
contradiction	Sandra was born in 2012 and Howard was born in 2000.	Sandra is elder than Howard.
contradiction	Martha was born in 2011 and Jay was born in 2003.	Martha is elder than Jay.
contradiction	Robin was born in 1999 and Philip was born in 1991.	Robin is elder than Philip.
contradiction	Elizabeth was born in 2003 and Joseph was born in 1996.	Elizabeth is elder than Joseph.
contradiction	Kelly was born in 2020 and Julie was born in 2018.	Kelly is elder than Julie.
contradiction	Barbara was born in 1994 and Suzanne was born in 1993.	Barbara is elder than Suzanne.
contradiction	Andrew was born in 2000 and Elaine was born in 1990.	Andrew is elder than Elaine.
contradiction	Jonathan was born in 1998 and George was born in 1993.	Jonathan is elder than George.
contradiction	Wendy was born in 2002 and Joan was born in 1995.	Wendy is elder than Joan.
contradiction	Evelyn was born in 2011 and Catherine was born in 2000.	Evelyn is elder than Catherine.
contradiction	Louis was born in 2005 and Jay was born in 2000.	Louis is elder than Jay.
contradiction	Anne was born in 1992 and Matt was born in 1991.	Anne is elder than Matt.
contradiction	Julia was born in 1993 and Cynthia was born in 1991.	Julia is elder than Cynthia.
contradiction	Jennifer was born in 2006 and Angela was born in 2002.	Jennifer is elder than Angela.
contradiction	Nancy was born in 2007 and Ian was born in 2005.	Nancy is elder than Ian.
contradiction	Patrick was born in 2018 and Peter was born in 2016.	Patrick is elder than Peter.
contradiction	Walter was born in 1992 and Emily was born in 1991.	Walter is elder than Emily.
contradiction	Sandra was born in 2017 and Eleanor was born in 2006.	Sandra is elder than Eleanor.
contradiction	Judy was born in 2009 and Bob was born in 2005.	Judy is elder than Bob.
contradiction	Dick was born in 2002 and Scott was born in 1994.	Dick is elder than Scott.
contradiction	Dick was born in 2011 and Dorothy was born in 2000.	Dick is elder than Dorothy.
contradiction	Elizabeth was born in 2018 and Jessica was born in 2008.	Elizabeth is elder than Jessica.
contradiction	James was born in 2005 and Ruth was born in 1999.	James is elder than Ruth.
contradiction	Keith was born in 2004 and Bob was born in 1990.	Keith is elder than Bob.
contradiction	Bobby was born in 1993 and Anna was born in 1992.	Bobby is elder than Anna.
contradiction	Johnny was born in 2018 and Jennifer was born in 2010.	Johnny is elder than Jennifer.
contradiction	Chris was born in 1999 and Sue was born in 1994.	Chris is elder than Sue.
contradiction	Julia was born in 2013 and Jill was born in 2009.	Julia is elder than Jill.
contradiction	Dick was born in 1993 and Diana was born in 1992.	Dick is elder than Diana.
contradiction	Diana was born in 1995 and Anne was born in 1994.	Diana is elder than Anne.
contradiction	Margaret was born in 1992 and Walter was born in 1991.	Margaret is elder than Walter.
contradiction	Helen was born in 2000 and Lauren was born in 1992.	Helen is elder than Lauren.
contradiction	Frances was born in 2004 and Steve was born in 1990.	Frances is elder than Steve.
contradiction	Grace was born in 2019 and Rebecca was born in 1990.	Grace is elder than Rebecca.
contradiction	Grace was born in 2015 and Greg was born in 2002.	Grace is elder than Greg.
contradiction	Marie was born in 2000 and William was born in 1990.	Marie is elder than William.
contradiction	Ian was born in 2002 and Tim was born in 1999.	Ian is elder than Tim.
contradiction	Hugh was born in 2004 and Harry was born in 2000.	Hugh is elder than Harry.
contradiction	Rose was born in 2008 and Stephanie was born in 2006.	Rose is elder than Stephanie.
contradiction	Pamela was born in 2020 and Al was born in 2016.	Pamela is elder than Al.
contradiction	Charlotte was born in 2000 and Jane was born in 1996.	Charlotte is elder than Jane.
contradiction	Heather was born in 2009 and Samuel was born in 1995.	Heather is elder than Samuel.
contradiction	Stephanie was born in 1995 and Richard was born in 1990.	Stephanie is elder than Richard.
contradiction	Bob was born in 2019 and Alexander was born in 1992.	Bob is elder than Alexander.
contradiction	Eric was born in 1996 and Alan was born in 1995.	Eric is elder than Alan.
contradiction	Alfred was born in 2012 and Rebecca was born in 1999.	Alfred is elder than Rebecca.
contradiction	Alexander was born in 1995 and Claire was born in 1992.	Alexander is elder than Claire.
contradiction	Joe was born in 2009 and Ben was born in 2006.	Joe is elder than Ben.
contradiction	Wendy was born in 1999 and Martha was born in 1993.	Wendy is elder than Martha.
contradiction	Kathryn was born in 2012 and Elaine was born in 1999.	Kathryn is elder than Elaine.
contradiction	Nicole was born in 2000 and Joe was born in 1991.	Nicole is elder than Joe.
contradiction	Sam was born in 1997 and Florence was born in 1990.	Sam is elder than Florence.
contradiction	Lisa was born in 2004 and Ellen was born in 1996.	Lisa is elder than Ellen.
contradiction	Dorothy was born in 2005 and Sharon was born in 2004.	Dorothy is elder than Sharon.
contradiction	Sue was born in 2013 and Nicole was born in 2002.	Sue is elder than Nicole.
contradiction	David was born in 2008 and Jim was born in 1991.	David is elder than Jim.
contradiction	Marie was born in 2007 and Amanda was born in 1994.	Marie is elder than Amanda.
contradiction	Alan was born in 1991 and Katherine was born in 1990.	Alan is elder than Katherine.
contradiction	Kevin was born in 2010 and Grace was born in 1993.	Kevin is elder than Grace.
contradiction	Kathy was born in 1993 and Dave was born in 1990.	Kathy is elder than Dave.
contradiction	Jean was born in 2016 and Barbara was born in 1997.	Jean is elder than Barbara.
contradiction	John was born in 1996 and Jim was born in 1991.	John is elder than Jim.
contradiction	Patricia was born in 1998 and Jeff was born in 1994.	Patricia is elder than Jeff.
contradiction	Ed was born in 2007 and David was born in 2003.	Ed is elder than David.
contradiction	Harry was born in 1999 and Patricia was born in 1994.	Harry is elder than Patricia.
contradiction	James was born in 2000 and Francis was born in 1996.	James is elder than Francis.
contradiction	William was born in 2005 and Susan was born in 1994.	William is elder than Susan.
contradiction	Christine was born in 2009 and Frances was born in 2005.	Christine is elder than Frances.
contradiction	Carl was born in 1991 and Alan was born in 1990.	Carl is elder than Alan.
contradiction	Bruce was born in 1997 and Alex was born in 1993.	Bruce is elder than Alex.
contradiction	Evelyn was born in 1997 and Jack was born in 1996.	Evelyn is elder than Jack.
contradiction	Julie was born in 2010 and Anne was born in 1997.	Julie is elder than Anne.
contradiction	Edith was born in 2011 and Alex was born in 2008.	Edith is elder than Alex.
contradiction	Diane was born in 1998 and Laura was born in 1994.	Diane is elder than Laura.
contradiction	Tom was born in 2011 and Lisa was born in 2008.	Tom is elder than Lisa.
contradiction	James was born in 2020 and Annie was born in 2014.	James is elder than Annie.
contradiction	Rose was born in 2003 and Harold was born in 2000.	Rose is elder than Harold.
contradiction	Leslie was born in 2003 and Jay was born in 1994.	Leslie is elder than Jay.
contradiction	Martha was born in 1999 and Ryan was born in 1990.	Martha is elder than Ryan.
contradiction	Jane was born in 2008 and Lisa was born in 1990.	Jane is elder than Lisa.
contradiction	Jane was born in 1994 and Greg was born in 1991.	Jane is elder than Greg.
contradiction	Philip was born in 2014 and Bob was born in 1990.	Philip is elder than Bob.
contradiction	Richard was born in 2011 and Ruth was born in 2010.	Richard is elder than Ruth.
contradiction	Ian was born in 2003 and Florence was born in 1993.	Ian is elder than Florence.
contradiction	Julie was born in 2015 and Evelyn was born in 2011.	Julie is elder than Evelyn.
contradiction	Eric was born in 2014 and Lawrence was born in 1999.	Eric is elder than Lawrence.
contradiction	Kathryn was born in 1994 and Claire was born in 1993.	Kathryn is elder than Claire.
contradiction	Simon was born in 2004 and Sue was born in 1990.	Simon is elder than Sue.
contradiction	Samuel was born in 2007 and Carl was born in 1993.	Samuel is elder than Carl.
contradiction	Martin was born in 2016 and Patrick was born in 1997.	Martin is elder than Patrick.
contradiction	Albert was born in 2016 and Dave was born in 2014.	Albert is elder than Dave.
contradiction	Lynn was born in 2012 and Jerry was born in 1991.	Lynn is elder than Jerry.
contradiction	Claire was born in 2012 and Kim was born in 1998.	Claire is elder than Kim.
contradiction	John was born in 1991 and Dorothy was born in 1990.	John is elder than Dorothy.
contradiction	Bruce was born in 2016 and Nick was born in 1997.	Bruce is elder than Nick.
contradiction	Grace was born in 2019 and Gary was born in 2017.	Grace is elder than Gary.
contradiction	Dave was born in 1993 and Diana was born in 1992.	Dave is elder than Diana.
contradiction	Jerry was born in 2019 and Stephanie was born in 1998.	Jerry is elder than Stephanie.
contradiction	Brian was born in 2013 and Christine was born in 2006.	Brian is elder than Christine.
contradiction	Frederick was born in 2020 and Francis was born in 2006.	Frederick is elder than Francis.
contradiction	Frederick was born in 2001 and Steven was born in 1999.	Frederick is elder than Steven.
contradiction	Sophie was born in 2005 and Fred was born in 1997.	Sophie is elder than Fred.
contradiction	Lisa was born in 1996 and Victoria was born in 1992.	Lisa is elder than Victoria.
contradiction	Bruce was born in 2015 and Lauren was born in 1995.	Bruce is elder than Lauren.
contradiction	Keith was born in 2004 and Alfred was born in 1998.	Keith is elder than Alfred.
contradiction	Matt was born in 1995 and Anna was born in 1990.	Matt is elder than Anna.
contradiction	Barbara was born in 1995 and Jack was born in 1992.	Barbara is elder than Jack.
contradiction	David was born in 1996 and Francis was born in 1995.	David is elder than Francis.
contradiction	Eleanor was born in 1997 and Kenneth was born in 1994.	Eleanor is elder than Kenneth.
contradiction	Evelyn was born in 2006 and Billy was born in 2003.	Evelyn is elder than Billy.
contradiction	Henry was born in 2013 and Florence was born in 1992.	Henry is elder than Florence.
contradiction	Benjamin was born in 2003 and Kathleen was born in 1991.	Benjamin is elder than Kathleen.
contradiction	Alexander was born in 2001 and Henry was born in 1991.	Alexander is elder than Henry.
contradiction	Tony was born in 2017 and Alexander was born in 2014.	Tony is elder than Alexander.
contradiction	Grace was born in 1991 and Ellen was born in 1990.	Grace is elder than Ellen.
contradiction	Deborah was born in 2013 and Jean was born in 1990.	Deborah is elder than Jean.
contradiction	Alex was born in 2015 and Leslie was born in 2009.	Alex is elder than Leslie.
contradiction	Tony was born in 1992 and Mike was born in 1991.	Tony is elder than Mike.
contradiction	Ian was born in 1993 and Florence was born in 1990.	Ian is elder than Florence.
contradiction	Frank was born in 2002 and Louis was born in 1995.	Frank is elder than Louis.
contradiction	Ruth was born in 1992 and Edward was born in 1990.	Ruth is elder than Edward.
contradiction	Dick was born in 2019 and Anna was born in 1993.	Dick is elder than Anna.
contradiction	Emily was born in 1996 and Jennifer was born in 1993.	Emily is elder than Jennifer.
contradiction	Jennifer was born in 2000 and Lynn was born in 1994.	Jennifer is elder than Lynn.
contradiction	Katherine was born in 2014 and Bill was born in 2005.	Katherine is elder than Bill.
contradiction	Nancy was born in 2014 and Henry was born in 1992.	Nancy is elder than Henry.
contradiction	Ray was born in 2016 and Kevin was born in 1995.	Ray is elder than Kevin.
contradiction	Edith was born in 1996 and Anthony was born in 1992.	Edith is elder than Anthony.
contradiction	Roy was born in 2020 and Anne was born in 1994.	Roy is elder than Anne.
contradiction	Ben was born in 1992 and Scott was born in 1990.	Ben is elder than Scott.
contradiction	Elaine was born in 2007 and Robin was born in 1998.	Elaine is elder than Robin.
contradiction	Harriet was born in 2009 and Samuel was born in 2002.	Harriet is elder than Samuel.
contradiction	John was born in 2008 and Victoria was born in 1992.	John is elder than Victoria.
contradiction	Lynn was born in 1992 and Roy was born in 1990.	Lynn is elder than Roy.
contradiction	Judy was born in 1999 and Charles was born in 1995.	Judy is elder than Charles.
contradiction	Philip was born in 2005 and Robert was born in 1998.	Philip is elder than Robert.
contradiction	Judy was born in 1996 and Christopher was born in 1993.	Judy is elder than Christopher.
contradiction	Judy was born in 2002 and Billy was born in 2000.	Judy is elder than Billy.
contradiction	Ellen was born in 2012 and Jay was born in 2010.	Ellen is elder than Jay.
contradiction	Katherine was born in 2017 and Alfred was born in 1991.	Katherine is elder than Alfred.
contradiction	Richard was born in 1999 and James was born in 1990.	Richard is elder than James.
contradiction	Louis was born in 1996 and Donald was born in 1991.	Louis is elder than Donald.
contradiction	Dorothy was born in 2016 and Maria was born in 1998.	Dorothy is elder than Maria.
contradiction	Nicole was born in 1995 and Samuel was born in 1991.	Nicole is elder than Samuel.
contradiction	Lauren was born in 2000 and Ron was born in 1996.	Lauren is elder than Ron.
contradiction	Charlie was born in 1995 and Stephen was born in 1991.	Charlie is elder than Stephen.
contradiction	Keith was born in 1991 and Amy was born in 1990.	Keith is elder than Amy.
contradiction	Louise was born in 2007 and Paul was born in 1998.	Louise is elder than Paul.
contradiction	Stephanie was born in 1996 and Karen was born in 1995.	Stephanie is elder than Karen.
contradiction	Fiona was born in 2017 and Grace was born in 1994.	Fiona is elder than Grace.
contradiction	Lawrence was born in 2008 and Alex was born in 1998.	Lawrence is elder than Alex.
contradiction	Christine was born in 1996 and Roy was born in 1995.	Christine is elder than Roy.
contradiction	Al was born in 1999 and Marie was born in 1991.	Al is elder than Marie.
contradiction	Martin was born in 2014 and Emma was born in 2000.	Martin is elder than Emma.
contradiction	Frank was born in 2006 and Dan was born in 1993.	Frank is elder than Dan.
