contradiction	Lisa lives in Hanoi.	Lisa lives in Chile.
contradiction	Alice lives in Kathmandu.	Alice lives in Colombia.
contradiction	Anne lives in Rome.	Anne lives in Chile.
contradiction	Suzanne lives in Hanoi.	Suzanne lives in Oman.
contradiction	Edith lives in Tehran.	Edith lives in United Arab Emirates.
contradiction	Francis lives in Washington, D.C..	Francis lives in United Arab Emirates.
contradiction	Alex lives in Washington, D.C..	Alex lives in Iceland.
contradiction	Charles lives in Kyiv.	Charles lives in Ghana.
contradiction	Stephanie lives in Port-au-Prince.	Stephanie lives in Ireland.
contradiction	Katherine lives in Islamabad.	Katherine lives in Taiwan.
contradiction	Paul lives in Tbilisi.	Paul lives in Ecuador.
contradiction	Barbara lives in Ottawa.	Barbara lives in Switzerland.
contradiction	Stephanie lives in Abu Dhabi.	Stephanie lives in Poland.
contradiction	Janet lives in Bangkok.	Janet lives in Greece.
contradiction	Kathryn lives in Manila.	Kathryn lives in Fiji.
contradiction	Keith lives in Buenos Aires.	Keith lives in Qatar.
contradiction	Fred lives in Bern.	Fred lives in Nepal.
contradiction	Lauren lives in Havana.	Lauren lives in Pakistan.
contradiction	Jeff lives in Suva.	Jeff lives in Singapore.
contradiction	Charles lives in Seoul.	Charles lives in Ukraine.
contradiction	Michelle lives in Bern.	Michelle lives in Argentina.
contradiction	John lives in Jakarta.	John lives in Ireland.
contradiction	Judith lives in Lisbon.	Judith lives in New Zealand.
contradiction	Judy lives in Havana.	Judy lives in Sweden.
contradiction	Deborah lives in Reykjavik.	Deborah lives in Haiti.
contradiction	Wendy lives in Tokyo.	Wendy lives in Hungary.
contradiction	Joan lives in Suva.	Joan lives in Colombia.
contradiction	Florence lives in Hanoi.	Florence lives in Qatar.
contradiction	Suzanne lives in Kuala Lumpur.	Suzanne lives in South Korea.
contradiction	Heather lives in Riyadh.	Heather lives in Portugal.
contradiction	Alexandra lives in Berlin.	Alexandra lives in Switzerland.
contradiction	Martha lives in Seoul.	Martha lives in India.
contradiction	Heather lives in Baku.	Heather lives in Maldives.
contradiction	Cynthia lives in Reykjavik.	Cynthia lives in Turkey.
contradiction	Michael lives in Baghdad.	Michael lives in Bhutan.
contradiction	Billy lives in Ottawa.	Billy lives in Nepal.
contradiction	Jay lives in Kathmandu.	Jay lives in Bangladesh.
contradiction	Annie lives in Port-au-Prince.	Annie lives in Pakistan.
contradiction	Amy lives in Budapest.	Amy lives in Netherlands.
contradiction	Jennifer lives in Abu Dhabi.	Jennifer lives in Austria.
contradiction	Sara lives in Warsaw.	Sara lives in Taiwan.
contradiction	James lives in Brasilia.	James lives in Argentina.
contradiction	Jean lives in Buenos Aires.	Jean lives in Taiwan.
contradiction	Michelle lives in Brussels.	Michelle lives in Iceland.
contradiction	Victoria lives in Dhaka.	Victoria lives in New Zealand.
contradiction	Betty lives in Tripoli.	Betty lives in South Korea.
contradiction	Alice lives in Muscat.	Alice lives in Bangladesh.
contradiction	Melissa lives in Seoul.	Melissa lives in France.
contradiction	Jay lives in Santiago.	Jay lives in Poland.
contradiction	Judith lives in Buenos Aires.	Judith lives in Poland.
contradiction	Charlotte lives in Kabul.	Charlotte lives in Uruguay.
contradiction	Harold lives in Accra.	Harold lives in Oman.
contradiction	Stephen lives in Minsk.	Stephen lives in Fiji.
contradiction	Alison lives in Baku.	Alison lives in Denmark.
contradiction	Kathleen lives in Vientiane.	Kathleen lives in Bangladesh.
contradiction	Kevin lives in Doha.	Kevin lives in Taiwan.
contradiction	Christine lives in Tehran.	Christine lives in Switzerland.
contradiction	Edward lives in Moscow.	Edward lives in New Zealand.
contradiction	Alice lives in Taipei.	Alice lives in Pakistan.
contradiction	Patricia lives in Hanoi.	Patricia lives in France.
contradiction	Kelly lives in Harare.	Kelly lives in Singapore.
contradiction	Wendy lives in Rome.	Wendy lives in Japan.
contradiction	Ben lives in Port-au-Prince.	Ben lives in Ukraine.
contradiction	Jill lives in Pyongyang.	Jill lives in Denmark.
contradiction	Katie lives in Riyadh.	Katie lives in Greece.
contradiction	Harry lives in Wellington.	Harry lives in Taiwan.
contradiction	Jeff lives in Mexico City.	Jeff lives in Hungary.
contradiction	Martin lives in Brussels.	Martin lives in Pakistan.
contradiction	Billy lives in Taipei.	Billy lives in Finland.
contradiction	Larry lives in Male.	Larry lives in Brazil.
contradiction	Jeff lives in Abu Dhabi.	Jeff lives in Iran.
contradiction	Gary lives in Havana.	Gary lives in Zimbabwe.
contradiction	Diane lives in Kyiv.	Diane lives in Israel.
contradiction	Laura lives in Baghdad.	Laura lives in Ireland.
contradiction	Matt lives in Baghdad.	Matt lives in South Korea.
contradiction	Ruth lives in Warsaw.	Ruth lives in South Korea.
contradiction	Frances lives in Bern.	Frances lives in New Zealand.
contradiction	Dave lives in Moscow.	Dave lives in Mexico.
contradiction	Albert lives in Kabul.	Albert lives in India.
contradiction	Ben lives in Kuala Lumpur.	Ben lives in Colombia.
contradiction	Lawrence lives in Baghdad.	Lawrence lives in Poland.
contradiction	Marilyn lives in Vienna.	Marilyn lives in North Korea.
contradiction	Evelyn lives in Harare.	Evelyn lives in Portugal.
contradiction	Rebecca lives in Montevideo.	Rebecca lives in United Kingdom.
contradiction	Marie lives in Buenos Aires.	Marie lives in Cuba.
contradiction	Mike lives in Amsterdam.	Mike lives in South Korea.
contradiction	Elizabeth lives in Tripoli.	Elizabeth lives in Azerbaijan.
contradiction	Jessica lives in Rome.	Jessica lives in Brazil.
contradiction	Leslie lives in Minsk.	Leslie lives in Mexico.
contradiction	Kathryn lives in Dhaka.	Kathryn lives in Canada.
contradiction	Jonathan lives in Paris.	Jonathan lives in United States of America.
contradiction	Edwin lives in Budapest.	Edwin lives in New Zealand.
contradiction	Edwin lives in Helsinki.	Edwin lives in North Korea.
contradiction	Steven lives in Seoul.	Steven lives in Belgium.
contradiction	Sandra lives in Ankara.	Sandra lives in Japan.
contradiction	Mike lives in Rome.	Mike lives in Uruguay.
contradiction	Sally lives in Islamabad.	Sally lives in Netherlands.
contradiction	Walter lives in Bern.	Walter lives in Ghana.
contradiction	Jay lives in Amsterdam.	Jay lives in Brazil.
contradiction	Jimmy lives in Dhaka.	Jimmy lives in Maldives.
contradiction	Joe lives in Tbilisi.	Joe lives in Germany.
contradiction	Sharon lives in Warsaw.	Sharon lives in Iran.
contradiction	Harry lives in Lisbon.	Harry lives in Bangladesh.
contradiction	Daniel lives in Bogotá.	Daniel lives in Chile.
contradiction	Dave lives in Rome.	Dave lives in Haiti.
contradiction	Jonathan lives in Dhaka.	Jonathan lives in Taiwan.
contradiction	Johnny lives in Moscow.	Johnny lives in Cuba.
contradiction	Keith lives in Reykjavik.	Keith lives in Ireland.
contradiction	Lucy lives in Athens.	Lucy lives in Finland.
contradiction	Brian lives in Quito.	Brian lives in Australia.
contradiction	Evelyn lives in Cairo.	Evelyn lives in Portugal.
contradiction	Kim lives in Tbilisi.	Kim lives in Denmark.
contradiction	Ed lives in Baghdad.	Ed lives in Italy.
contradiction	John lives in Stockholm.	John lives in Israel.
contradiction	Tim lives in London.	Tim lives in Australia.
contradiction	Diane lives in Stockholm.	Diane lives in Indonesia.
contradiction	Lynn lives in Male.	Lynn lives in Hungary.
contradiction	Ryan lives in Moscow.	Ryan lives in Germany.
contradiction	Lynn lives in Bogotá.	Lynn lives in Cuba.
contradiction	Ron lives in Bangkok.	Ron lives in Argentina.
contradiction	Frederick lives in Bangkok.	Frederick lives in Haiti.
contradiction	Jill lives in Abu Dhabi.	Jill lives in Maldives.
contradiction	Bruce lives in Helsinki.	Bruce lives in Singapore.
contradiction	Sarah lives in Harare.	Sarah lives in New Zealand.
contradiction	Daniel lives in Baku.	Daniel lives in Oman.
contradiction	Claire lives in Quito.	Claire lives in India.
contradiction	Lisa lives in Kyiv.	Lisa lives in Netherlands.
contradiction	Joseph lives in Jakarta.	Joseph lives in Belarus.
contradiction	Florence lives in Kathmandu.	Florence lives in Denmark.
contradiction	Eric lives in Port-au-Prince.	Eric lives in Sweden.
contradiction	Diane lives in Harare.	Diane lives in Cuba.
contradiction	Heather lives in Baghdad.	Heather lives in Cuba.
contradiction	Edwin lives in Vientiane.	Edwin lives in United Kingdom.
contradiction	Bob lives in Paris.	Bob lives in Switzerland.
contradiction	Carol lives in Tehran.	Carol lives in Singapore.
contradiction	Susan lives in Copenhagen.	Susan lives in Vietnam.
contradiction	Alex lives in Paris.	Alex lives in Portugal.
contradiction	Anna lives in Baghdad.	Anna lives in Zimbabwe.
contradiction	Anna lives in Muscat.	Anna lives in Haiti.
contradiction	Francis lives in Bogotá.	Francis lives in Maldives.
contradiction	Harold lives in Moscow.	Harold lives in Austria.
contradiction	Ruth lives in Port-au-Prince.	Ruth lives in Taiwan.
contradiction	Elizabeth lives in Paris.	Elizabeth lives in Iran.
contradiction	Tom lives in Dublin.	Tom lives in Turkey.
contradiction	Rebecca lives in Bogotá.	Rebecca lives in Laos.
contradiction	Fred lives in Riyadh.	Fred lives in Italy.
contradiction	Eleanor lives in Accra.	Eleanor lives in Sweden.
contradiction	Elizabeth lives in Quito.	Elizabeth lives in Azerbaijan.
contradiction	Walter lives in Quito.	Walter lives in Pakistan.
contradiction	Tim lives in Moscow.	Tim lives in Thailand.
contradiction	Fiona lives in Brasilia.	Fiona lives in Poland.
contradiction	Edwin lives in Vienna.	Edwin lives in Singapore.
contradiction	Jennifer lives in Stockholm.	Jennifer lives in Taiwan.
contradiction	Adam lives in Jerusalem.	Adam lives in Cuba.
contradiction	Howard lives in Suva.	Howard lives in Iraq.
contradiction	Maria lives in Tbilisi.	Maria lives in United Kingdom.
contradiction	Joseph lives in Paris.	Joseph lives in Austria.
contradiction	Johnny lives in Ottawa.	Johnny lives in Pakistan.
contradiction	Bob lives in Harare.	Bob lives in Israel.
contradiction	Joseph lives in Seoul.	Joseph lives in Canada.
contradiction	Amy lives in Minsk.	Amy lives in Indonesia.
contradiction	Sharon lives in Ottawa.	Sharon lives in Argentina.
contradiction	Matt lives in Buenos Aires.	Matt lives in Israel.
contradiction	Charles lives in Copenhagen.	Charles lives in Cuba.
contradiction	Diana lives in Beijing.	Diana lives in Sweden.
contradiction	Keith lives in Male.	Keith lives in Saudi Arabia.
contradiction	Anne lives in Harare.	Anne lives in Austria.
contradiction	Kevin lives in Mexico City.	Kevin lives in Hungary.
contradiction	Melissa lives in Amsterdam.	Melissa lives in Turkey.
contradiction	Jay lives in Helsinki.	Jay lives in New Zealand.
contradiction	Helen lives in Vienna.	Helen lives in Turkey.
contradiction	Lucy lives in Berlin.	Lucy lives in Belarus.
contradiction	Kevin lives in Tokyo.	Kevin lives in Switzerland.
contradiction	Jean lives in Beijing.	Jean lives in Haiti.
contradiction	Virginia lives in Jakarta.	Virginia lives in Netherlands.
contradiction	Bill lives in Port-au-Prince.	Bill lives in Afghanistan.
contradiction	Anthony lives in Berlin.	Anthony lives in Ecuador.
contradiction	Bobby lives in Tokyo.	Bobby lives in Saudi Arabia.
contradiction	Janet lives in Singapore.	Janet lives in South Korea.
contradiction	Francis lives in Baku.	Francis lives in Bangladesh.
contradiction	Alexandra lives in Ankara.	Alexandra lives in Malaysia.
contradiction	Kim lives in Kathmandu.	Kim lives in South Korea.
contradiction	Judith lives in Suva.	Judith lives in Haiti.
contradiction	Robin lives in Wellington.	Robin lives in France.
contradiction	Louise lives in Amsterdam.	Louise lives in Thailand.
contradiction	Ian lives in Minsk.	Ian lives in Laos.
contradiction	Kathryn lives in Islamabad.	Kathryn lives in Oman.
contradiction	Steven lives in Budapest.	Steven lives in China.
contradiction	Tim lives in Kuala Lumpur.	Tim lives in Libya.
contradiction	Cynthia lives in Pyongyang.	Cynthia lives in China.
contradiction	Francis lives in Buenos Aires.	Francis lives in Libya.
contradiction	Andrea lives in Wellington.	Andrea lives in India.
contradiction	Jim lives in Dhaka.	Jim lives in Vietnam.
contradiction	Martin lives in Copenhagen.	Martin lives in Ukraine.
contradiction	Ruth lives in New Delhi.	Ruth lives in Georgia.
contradiction	Ken lives in Singapore.	Ken lives in France.
contradiction	Tim lives in Ankara.	Tim lives in Netherlands.
contradiction	Bobby lives in Vientiane.	Bobby lives in Iraq.
contradiction	Steve lives in Abu Dhabi.	Steve lives in Georgia.
contradiction	Cynthia lives in Vienna.	Cynthia lives in France.
contradiction	Ray lives in Baghdad.	Ray lives in Qatar.
contradiction	Jennifer lives in Seoul.	Jennifer lives in Ghana.
contradiction	Kim lives in Dublin.	Kim lives in Taiwan.
contradiction	Benjamin lives in Islamabad.	Benjamin lives in New Zealand.
contradiction	Al lives in Jakarta.	Al lives in Nepal.
contradiction	Marie lives in Tbilisi.	Marie lives in United States of America.
contradiction	Richard lives in Jakarta.	Richard lives in Oman.
contradiction	Charlotte lives in Reykjavik.	Charlotte lives in Belgium.
contradiction	Tony lives in Muscat.	Tony lives in United Kingdom.
contradiction	Walter lives in Tbilisi.	Walter lives in United States of America.
contradiction	Karen lives in Bern.	Karen lives in Greece.
contradiction	Edwin lives in Kuala Lumpur.	Edwin lives in Greece.
contradiction	Ray lives in Tehran.	Ray lives in Denmark.
contradiction	Jim lives in Accra.	Jim lives in Israel.
contradiction	Charles lives in Riyadh.	Charles lives in Japan.
contradiction	Judy lives in Jerusalem.	Judy lives in Singapore.
contradiction	Harriet lives in Hanoi.	Harriet lives in United Kingdom.
contradiction	Ben lives in Brasilia.	Ben lives in Portugal.
contradiction	Ellen lives in Jerusalem.	Ellen lives in Argentina.
contradiction	Susan lives in London.	Susan lives in Sweden.
contradiction	Eric lives in Tokyo.	Eric lives in Maldives.
contradiction	Margaret lives in Doha.	Margaret lives in Poland.
contradiction	Lisa lives in Tbilisi.	Lisa lives in Iran.
contradiction	Dick lives in Vientiane.	Dick lives in Uruguay.
contradiction	Rachel lives in Lisbon.	Rachel lives in Denmark.
contradiction	Edwin lives in Port-au-Prince.	Edwin lives in Saudi Arabia.
contradiction	Caroline lives in Montevideo.	Caroline lives in Ecuador.
contradiction	Stephanie lives in Doha.	Stephanie lives in Argentina.
contradiction	Marilyn lives in Doha.	Marilyn lives in Iceland.
contradiction	Roy lives in Warsaw.	Roy lives in China.
contradiction	Samuel lives in Rome.	Samuel lives in United Kingdom.
contradiction	Virginia lives in Minsk.	Virginia lives in Afghanistan.
contradiction	Ashley lives in Tbilisi.	Ashley lives in Austria.
contradiction	Chris lives in Vientiane.	Chris lives in Iceland.
contradiction	Adam lives in Vientiane.	Adam lives in France.
contradiction	Donald lives in Moscow.	Donald lives in United Arab Emirates.
contradiction	Fred lives in Brasilia.	Fred lives in Bangladesh.
contradiction	Jimmy lives in Dhaka.	Jimmy lives in France.
contradiction	Eleanor lives in Bern.	Eleanor lives in Georgia.
contradiction	Lisa lives in Tbilisi.	Lisa lives in Canada.
contradiction	Alexander lives in Muscat.	Alexander lives in North Korea.
contradiction	Kathryn lives in Tripoli.	Kathryn lives in North Korea.
contradiction	Christine lives in Ottawa.	Christine lives in Netherlands.
contradiction	Elizabeth lives in Jakarta.	Elizabeth lives in Nepal.
contradiction	Nicole lives in Mexico City.	Nicole lives in Pakistan.
contradiction	Evelyn lives in Suva.	Evelyn lives in Canada.
contradiction	Don lives in Quito.	Don lives in Laos.
contradiction	Adam lives in Kabul.	Adam lives in United Kingdom.
contradiction	Patricia lives in Tbilisi.	Patricia lives in United States of America.
contradiction	Kevin lives in Dhaka.	Kevin lives in New Zealand.
contradiction	Frank lives in Copenhagen.	Frank lives in Israel.
contradiction	Christopher lives in Kabul.	Christopher lives in Greece.
contradiction	Sarah lives in Reykjavik.	Sarah lives in Ukraine.
contradiction	Emily lives in Bern.	Emily lives in Cuba.
contradiction	Jean lives in Santiago.	Jean lives in Netherlands.
contradiction	Leslie lives in Amsterdam.	Leslie lives in France.
contradiction	Charlie lives in Pyongyang.	Charlie lives in Netherlands.
contradiction	Keith lives in Male.	Keith lives in Laos.
contradiction	Ryan lives in Abu Dhabi.	Ryan lives in Italy.
contradiction	Alexandra lives in Havana.	Alexandra lives in Egypt.
contradiction	Ryan lives in Quito.	Ryan lives in Malaysia.
contradiction	Anthony lives in Muscat.	Anthony lives in Hungary.
contradiction	Anthony lives in Cairo.	Anthony lives in Uruguay.
contradiction	Alexander lives in Warsaw.	Alexander lives in Qatar.
contradiction	Sam lives in Buenos Aires.	Sam lives in Zimbabwe.
contradiction	Eric lives in Mexico City.	Eric lives in Taiwan.
contradiction	Grace lives in Taipei.	Grace lives in Ireland.
contradiction	Elaine lives in Port-au-Prince.	Elaine lives in Azerbaijan.
contradiction	Gary lives in Hanoi.	Gary lives in Pakistan.
contradiction	Claire lives in Kabul.	Claire lives in Taiwan.
contradiction	Claire lives in Singapore.	Claire lives in Belgium.
contradiction	Tony lives in Bogotá.	Tony lives in Egypt.
contradiction	Christine lives in Rome.	Christine lives in Ukraine.
contradiction	Eleanor lives in Port-au-Prince.	Eleanor lives in India.
contradiction	Ed lives in Canberra.	Ed lives in Nepal.
contradiction	David lives in Reykjavik.	David lives in Fiji.
contradiction	Sarah lives in Montevideo.	Sarah lives in Qatar.
contradiction	Larry lives in Port-au-Prince.	Larry lives in Laos.
contradiction	Jason lives in Bogotá.	Jason lives in Italy.
contradiction	Daniel lives in Athens.	Daniel lives in United States of America.
contradiction	Charlotte lives in Harare.	Charlotte lives in Pakistan.
contradiction	George lives in Paris.	George lives in Pakistan.
contradiction	Ray lives in New Delhi.	Ray lives in United Arab Emirates.
contradiction	Edith lives in Brussels.	Edith lives in Finland.
contradiction	Barbara lives in Buenos Aires.	Barbara lives in Oman.
contradiction	Dave lives in Washington, D.C..	Dave lives in Australia.
contradiction	Frederick lives in Ottawa.	Frederick lives in Saudi Arabia.
contradiction	Kevin lives in Hanoi.	Kevin lives in Georgia.
contradiction	Marie lives in Budapest.	Marie lives in Ecuador.
contradiction	Rebecca lives in Budapest.	Rebecca lives in Singapore.
contradiction	Elizabeth lives in Port-au-Prince.	Elizabeth lives in Afghanistan.
contradiction	Martin lives in Tokyo.	Martin lives in Germany.
contradiction	Michael lives in Bogotá.	Michael lives in Cuba.
contradiction	Ken lives in Tbilisi.	Ken lives in Uruguay.
contradiction	Emily lives in Havana.	Emily lives in United Kingdom.
contradiction	Elizabeth lives in Lisbon.	Elizabeth lives in Thailand.
contradiction	Kathy lives in Reykjavik.	Kathy lives in Russia.
contradiction	Florence lives in Kabul.	Florence lives in Vietnam.
contradiction	Dave lives in Athens.	Dave lives in Finland.
contradiction	Rose lives in Rome.	Rose lives in Iran.
contradiction	Jessica lives in Bogotá.	Jessica lives in Belarus.
contradiction	Maria lives in Male.	Maria lives in Qatar.
contradiction	Sue lives in Male.	Sue lives in South Korea.
contradiction	Hugh lives in Washington, D.C..	Hugh lives in Canada.
contradiction	Linda lives in Bogotá.	Linda lives in Georgia.
contradiction	Fiona lives in Cairo.	Fiona lives in United Kingdom.
contradiction	Steven lives in Male.	Steven lives in Austria.
contradiction	Steve lives in Accra.	Steve lives in Portugal.
contradiction	Edwin lives in Jerusalem.	Edwin lives in Austria.
contradiction	Andrew lives in Islamabad.	Andrew lives in Laos.
contradiction	Linda lives in Beijing.	Linda lives in Chile.
contradiction	Samuel lives in Athens.	Samuel lives in Mexico.
contradiction	Janet lives in Harare.	Janet lives in Japan.
contradiction	Marie lives in Hanoi.	Marie lives in Oman.
contradiction	Al lives in Baku.	Al lives in Taiwan.
contradiction	Robin lives in Taipei.	Robin lives in India.
contradiction	Lauren lives in Brussels.	Lauren lives in China.
contradiction	Anne lives in Bogotá.	Anne lives in Bangladesh.
contradiction	Dick lives in London.	Dick lives in Italy.
contradiction	Harry lives in Copenhagen.	Harry lives in Vietnam.
contradiction	Jerry lives in Tokyo.	Jerry lives in North Korea.
contradiction	Kathryn lives in Rome.	Kathryn lives in South Korea.
contradiction	Alexandra lives in Quito.	Alexandra lives in Belgium.
contradiction	Jason lives in Muscat.	Jason lives in Brazil.
contradiction	Scott lives in Vientiane.	Scott lives in Portugal.
contradiction	Patricia lives in Thimphu.	Patricia lives in China.
contradiction	Virginia lives in Kabul.	Virginia lives in Poland.
contradiction	Amanda lives in Tokyo.	Amanda lives in Greece.
contradiction	Johnny lives in Dublin.	Johnny lives in Colombia.
contradiction	Victoria lives in Mexico City.	Victoria lives in India.
contradiction	Sophie lives in Wellington.	Sophie lives in Finland.
contradiction	Nancy lives in Kuala Lumpur.	Nancy lives in Pakistan.
contradiction	Frank lives in Manila.	Frank lives in North Korea.
contradiction	Charlie lives in Taipei.	Charlie lives in Maldives.
contradiction	Jason lives in Hanoi.	Jason lives in Israel.
contradiction	Frederick lives in Dublin.	Frederick lives in Chile.
contradiction	Ken lives in Thimphu.	Ken lives in Nepal.
contradiction	Matthew lives in Quito.	Matthew lives in Egypt.
contradiction	Michael lives in Islamabad.	Michael lives in Sweden.
contradiction	Caroline lives in Wellington.	Caroline lives in Germany.
contradiction	Sharon lives in Suva.	Sharon lives in Bhutan.
contradiction	Edith lives in Helsinki.	Edith lives in Vietnam.
contradiction	Kenneth lives in Jakarta.	Kenneth lives in Portugal.
contradiction	Kate lives in Doha.	Kate lives in Israel.
contradiction	Anthony lives in Jakarta.	Anthony lives in Chile.
contradiction	Christopher lives in Seoul.	Christopher lives in United States of America.
contradiction	Ashley lives in Mexico City.	Ashley lives in Denmark.
contradiction	Amy lives in Warsaw.	Amy lives in Greece.
contradiction	Margaret lives in Tokyo.	Margaret lives in Turkey.
contradiction	Maria lives in Dublin.	Maria lives in Iceland.
contradiction	Ryan lives in Suva.	Ryan lives in Afghanistan.
contradiction	Donald lives in Abu Dhabi.	Donald lives in Germany.
contradiction	Alice lives in Buenos Aires.	Alice lives in Poland.
contradiction	Ruth lives in Tbilisi.	Ruth lives in Austria.
contradiction	Stephen lives in Pyongyang.	Stephen lives in Finland.
contradiction	Dick lives in Tbilisi.	Dick lives in Finland.
contradiction	Ann lives in Havana.	Ann lives in Russia.
contradiction	Katherine lives in Helsinki.	Katherine lives in Iraq.
contradiction	Fred lives in Port-au-Prince.	Fred lives in Oman.
contradiction	Elaine lives in Port-au-Prince.	Elaine lives in Ukraine.
contradiction	Barbara lives in Paris.	Barbara lives in Uruguay.
contradiction	Donna lives in Thimphu.	Donna lives in Ecuador.
contradiction	Angela lives in Islamabad.	Angela lives in Hungary.
contradiction	Ken lives in Kathmandu.	Ken lives in North Korea.
contradiction	Albert lives in Vientiane.	Albert lives in Turkey.
contradiction	Lucy lives in Washington, D.C..	Lucy lives in Pakistan.
contradiction	Richard lives in Harare.	Richard lives in United Kingdom.
contradiction	Matt lives in Suva.	Matt lives in Switzerland.
contradiction	Alison lives in Amsterdam.	Alison lives in Philippines.
contradiction	Lucy lives in Kabul.	Lucy lives in Austria.
contradiction	Charles lives in Athens.	Charles lives in Philippines.
contradiction	Jill lives in Kuala Lumpur.	Jill lives in Canada.
contradiction	Harry lives in Ottawa.	Harry lives in Philippines.
contradiction	Roger lives in Islamabad.	Roger lives in Italy.
contradiction	Sam lives in Kyiv.	Sam lives in Iran.
contradiction	Kathryn lives in Helsinki.	Kathryn lives in Bangladesh.
contradiction	Susan lives in Minsk.	Susan lives in Pakistan.
contradiction	Nancy lives in Helsinki.	Nancy lives in Mexico.
contradiction	Thomas lives in Minsk.	Thomas lives in Germany.
contradiction	Ken lives in Accra.	Ken lives in Greece.
contradiction	Bobby lives in Helsinki.	Bobby lives in Denmark.
contradiction	Roy lives in Budapest.	Roy lives in Austria.
contradiction	Dick lives in Warsaw.	Dick lives in Libya.
contradiction	Roy lives in Canberra.	Roy lives in United Kingdom.
contradiction	Patricia lives in Quito.	Patricia lives in Austria.
contradiction	Jill lives in Taipei.	Jill lives in Saudi Arabia.
contradiction	Christine lives in London.	Christine lives in Israel.
contradiction	Matthew lives in Taipei.	Matthew lives in Zimbabwe.
contradiction	Claire lives in Brussels.	Claire lives in Oman.
contradiction	Stephen lives in Kuala Lumpur.	Stephen lives in Pakistan.
contradiction	Marilyn lives in Muscat.	Marilyn lives in Cuba.
contradiction	Albert lives in Tbilisi.	Albert lives in Libya.
contradiction	Barbara lives in Santiago.	Barbara lives in Canada.
contradiction	Louis lives in Jakarta.	Louis lives in China.
contradiction	Walter lives in Harare.	Walter lives in Taiwan.
contradiction	Billy lives in Beijing.	Billy lives in Belgium.
contradiction	Evelyn lives in Bogotá.	Evelyn lives in Saudi Arabia.
contradiction	Robert lives in Beijing.	Robert lives in United States of America.
contradiction	Ellen lives in Rome.	Ellen lives in Iran.
contradiction	Ryan lives in Suva.	Ryan lives in France.
contradiction	Emma lives in Baku.	Emma lives in Pakistan.
contradiction	Sam lives in Montevideo.	Sam lives in Argentina.
contradiction	Joe lives in Montevideo.	Joe lives in United Kingdom.
contradiction	Billy lives in Cairo.	Billy lives in South Korea.
contradiction	Stephanie lives in Muscat.	Stephanie lives in Portugal.
contradiction	Chris lives in Berlin.	Chris lives in Brazil.
contradiction	Alice lives in Warsaw.	Alice lives in Indonesia.
contradiction	Angela lives in Kuala Lumpur.	Angela lives in Belarus.
contradiction	Thomas lives in New Delhi.	Thomas lives in Afghanistan.
contradiction	Ray lives in Budapest.	Ray lives in South Korea.
contradiction	Patricia lives in Kabul.	Patricia lives in Bangladesh.
contradiction	Frances lives in Thimphu.	Frances lives in Australia.
contradiction	Wendy lives in Bern.	Wendy lives in Chile.
contradiction	Sam lives in Washington, D.C..	Sam lives in United Kingdom.
contradiction	Patricia lives in Seoul.	Patricia lives in Switzerland.
contradiction	Ann lives in Riyadh.	Ann lives in Ghana.
contradiction	Lynn lives in Stockholm.	Lynn lives in Thailand.
contradiction	Kate lives in London.	Kate lives in Oman.
contradiction	Sara lives in Lisbon.	Sara lives in Qatar.
contradiction	Stephen lives in Reykjavik.	Stephen lives in New Zealand.
contradiction	Tom lives in Stockholm.	Tom lives in Israel.
contradiction	Bobby lives in Kabul.	Bobby lives in Turkey.
contradiction	William lives in Thimphu.	William lives in Switzerland.
contradiction	George lives in Taipei.	George lives in Haiti.
contradiction	Johnny lives in Kathmandu.	Johnny lives in Indonesia.
contradiction	Elaine lives in Vientiane.	Elaine lives in Belarus.
contradiction	Pamela lives in Taipei.	Pamela lives in Italy.
contradiction	Louise lives in Brasilia.	Louise lives in Portugal.
contradiction	John lives in Paris.	John lives in Brazil.
contradiction	Donna lives in Riyadh.	Donna lives in Vietnam.
contradiction	Ruth lives in Berlin.	Ruth lives in Poland.
contradiction	Don lives in Washington, D.C..	Don lives in Italy.
contradiction	Karen lives in Warsaw.	Karen lives in Saudi Arabia.
contradiction	Florence lives in Santiago.	Florence lives in Brazil.
contradiction	Maria lives in Accra.	Maria lives in Laos.
contradiction	Chris lives in Montevideo.	Chris lives in Canada.
contradiction	Emma lives in Bangkok.	Emma lives in Maldives.
contradiction	Albert lives in Canberra.	Albert lives in Zimbabwe.
contradiction	James lives in Wellington.	James lives in Iraq.
contradiction	Stephanie lives in Baku.	Stephanie lives in Laos.
contradiction	Steve lives in Havana.	Steve lives in Belgium.
contradiction	Benjamin lives in Ottawa.	Benjamin lives in Laos.
contradiction	Stephen lives in Reykjavik.	Stephen lives in China.
contradiction	Andrea lives in Ankara.	Andrea lives in China.
contradiction	Tony lives in Vientiane.	Tony lives in Afghanistan.
contradiction	Alison lives in Athens.	Alison lives in Qatar.
contradiction	Sally lives in Lisbon.	Sally lives in Greece.
contradiction	Henry lives in Islamabad.	Henry lives in Poland.
contradiction	Lucy lives in Bangkok.	Lucy lives in North Korea.
contradiction	Louis lives in Suva.	Louis lives in Maldives.
contradiction	Catherine lives in Cairo.	Catherine lives in Iran.
contradiction	Dick lives in Bangkok.	Dick lives in Colombia.
contradiction	Carl lives in Brussels.	Carl lives in Nepal.
contradiction	Roger lives in Berlin.	Roger lives in Qatar.
contradiction	Lawrence lives in Ottawa.	Lawrence lives in Haiti.
contradiction	Steven lives in Port-au-Prince.	Steven lives in Fiji.
contradiction	Linda lives in Beijing.	Linda lives in Ecuador.
contradiction	Robert lives in Dhaka.	Robert lives in Georgia.
contradiction	Eleanor lives in Bangkok.	Eleanor lives in Maldives.
contradiction	Lawrence lives in Dhaka.	Lawrence lives in Germany.
contradiction	Bob lives in Copenhagen.	Bob lives in Mexico.
contradiction	Joe lives in Cairo.	Joe lives in Mexico.
contradiction	Ken lives in Warsaw.	Ken lives in Belgium.
contradiction	Annie lives in Vientiane.	Annie lives in Hungary.
contradiction	Greg lives in New Delhi.	Greg lives in Finland.
contradiction	Susan lives in Vientiane.	Susan lives in Sweden.
contradiction	Harold lives in Cairo.	Harold lives in Greece.
contradiction	Nicole lives in Quito.	Nicole lives in India.
contradiction	Deborah lives in Brasilia.	Deborah lives in United Kingdom.
contradiction	Ruth lives in Baghdad.	Ruth lives in Nepal.
contradiction	Daniel lives in Accra.	Daniel lives in Portugal.
contradiction	Ellen lives in Muscat.	Ellen lives in Ukraine.
contradiction	Matthew lives in Quito.	Matthew lives in Taiwan.
contradiction	Arthur lives in Beijing.	Arthur lives in Iceland.
contradiction	Charlie lives in Harare.	Charlie lives in Australia.
contradiction	Colin lives in Canberra.	Colin lives in Nepal.
contradiction	Katherine lives in Port-au-Prince.	Katherine lives in Finland.
contradiction	Jason lives in Berlin.	Jason lives in Taiwan.
contradiction	Virginia lives in Brasilia.	Virginia lives in Philippines.
contradiction	Edwin lives in Amsterdam.	Edwin lives in Iraq.
contradiction	Emma lives in Copenhagen.	Emma lives in Australia.
contradiction	Alfred lives in Thimphu.	Alfred lives in Libya.
contradiction	Alfred lives in Cairo.	Alfred lives in Haiti.
contradiction	Donna lives in London.	Donna lives in Egypt.
contradiction	Virginia lives in Male.	Virginia lives in France.
contradiction	Frederick lives in Beijing.	Frederick lives in United Kingdom.
contradiction	Joe lives in Islamabad.	Joe lives in France.
contradiction	Helen lives in Doha.	Helen lives in Taiwan.
contradiction	Steven lives in Tokyo.	Steven lives in Maldives.
contradiction	Charles lives in Abu Dhabi.	Charles lives in Egypt.
contradiction	Jeff lives in Ottawa.	Jeff lives in Saudi Arabia.
contradiction	Eleanor lives in Brussels.	Eleanor lives in Indonesia.
contradiction	Nick lives in Amsterdam.	Nick lives in Portugal.
contradiction	Rachel lives in Ottawa.	Rachel lives in Philippines.
contradiction	Susan lives in Dublin.	Susan lives in Russia.
contradiction	Johnny lives in Montevideo.	Johnny lives in India.
contradiction	Ray lives in Wellington.	Ray lives in Netherlands.
contradiction	Alison lives in Paris.	Alison lives in Italy.
contradiction	Jill lives in New Delhi.	Jill lives in Saudi Arabia.
contradiction	George lives in Seoul.	George lives in Portugal.
contradiction	Elaine lives in Baghdad.	Elaine lives in Hungary.
contradiction	Samuel lives in Budapest.	Samuel lives in Ghana.
contradiction	Roy lives in Bangkok.	Roy lives in Denmark.
contradiction	Al lives in Helsinki.	Al lives in Singapore.
contradiction	Angela lives in Doha.	Angela lives in Ecuador.
contradiction	Dorothy lives in Taipei.	Dorothy lives in Colombia.
contradiction	Nicole lives in Hanoi.	Nicole lives in Philippines.
contradiction	Carl lives in Tokyo.	Carl lives in Portugal.
contradiction	Carol lives in Beijing.	Carol lives in Vietnam.
contradiction	Victoria lives in Beijing.	Victoria lives in Ukraine.
contradiction	Sally lives in Warsaw.	Sally lives in Australia.
contradiction	Sarah lives in Tripoli.	Sarah lives in United Arab Emirates.
contradiction	Laura lives in Riyadh.	Laura lives in Malaysia.
contradiction	Jonathan lives in Stockholm.	Jonathan lives in Australia.
contradiction	Elizabeth lives in Dublin.	Elizabeth lives in Greece.
contradiction	Alan lives in Mexico City.	Alan lives in Hungary.
contradiction	Martha lives in Quito.	Martha lives in Russia.
contradiction	Ken lives in Taipei.	Ken lives in Ukraine.
contradiction	Lynn lives in Wellington.	Lynn lives in Israel.
contradiction	Diana lives in Moscow.	Diana lives in Uruguay.
contradiction	Steve lives in Jerusalem.	Steve lives in France.
contradiction	Thomas lives in Reykjavik.	Thomas lives in Belgium.
contradiction	Tom lives in Baghdad.	Tom lives in Zimbabwe.
contradiction	Eric lives in Tehran.	Eric lives in Austria.
contradiction	Pamela lives in Thimphu.	Pamela lives in Saudi Arabia.
contradiction	Kelly lives in London.	Kelly lives in Uruguay.
contradiction	Matt lives in Helsinki.	Matt lives in Nepal.
contradiction	Elizabeth lives in Paris.	Elizabeth lives in Chile.
contradiction	Grace lives in Islamabad.	Grace lives in Iran.
contradiction	Philip lives in Seoul.	Philip lives in Mexico.
contradiction	Maria lives in Minsk.	Maria lives in Brazil.
contradiction	Alison lives in Ankara.	Alison lives in Laos.
contradiction	Sam lives in Tokyo.	Sam lives in Zimbabwe.
contradiction	Dan lives in Montevideo.	Dan lives in Cuba.
contradiction	Frances lives in Helsinki.	Frances lives in Bhutan.
contradiction	Ken lives in Baghdad.	Ken lives in Canada.
contradiction	Julie lives in Tripoli.	Julie lives in Argentina.
contradiction	Victoria lives in Ottawa.	Victoria lives in Thailand.
contradiction	Ashley lives in Santiago.	Ashley lives in Taiwan.
contradiction	Ellen lives in Kabul.	Ellen lives in Ghana.
contradiction	Annie lives in Hanoi.	Annie lives in Egypt.
contradiction	Brian lives in Vientiane.	Brian lives in Taiwan.
contradiction	Ian lives in Kyiv.	Ian lives in Zimbabwe.
contradiction	Alan lives in Paris.	Alan lives in Italy.
contradiction	Charlie lives in Ottawa.	Charlie lives in Malaysia.
contradiction	Donna lives in Riyadh.	Donna lives in France.
contradiction	Larry lives in Ottawa.	Larry lives in Zimbabwe.
contradiction	Alex lives in Brasilia.	Alex lives in Poland.
contradiction	Katherine lives in Suva.	Katherine lives in Finland.
contradiction	Amy lives in Vientiane.	Amy lives in Taiwan.
contradiction	Karen lives in Warsaw.	Karen lives in Ukraine.
contradiction	Sara lives in Kathmandu.	Sara lives in Brazil.
contradiction	John lives in Kathmandu.	John lives in Denmark.
contradiction	Sue lives in Baku.	Sue lives in Uruguay.
contradiction	Heather lives in Canberra.	Heather lives in Mexico.
contradiction	Carol lives in Beijing.	Carol lives in Philippines.
contradiction	Margaret lives in Port-au-Prince.	Margaret lives in Austria.
contradiction	Ryan lives in Buenos Aires.	Ryan lives in Iraq.
contradiction	Gary lives in Vienna.	Gary lives in Haiti.
contradiction	Philip lives in Jakarta.	Philip lives in Afghanistan.
contradiction	Katherine lives in Baku.	Katherine lives in Ireland.
contradiction	Paul lives in Brasilia.	Paul lives in Haiti.
contradiction	Emily lives in Minsk.	Emily lives in Brazil.
contradiction	Ruth lives in Islamabad.	Ruth lives in Israel.
contradiction	Jill lives in Amsterdam.	Jill lives in Poland.
contradiction	Ray lives in Cairo.	Ray lives in United Kingdom.
contradiction	Harry lives in Berlin.	Harry lives in Ukraine.
contradiction	Janet lives in Reykjavik.	Janet lives in Poland.
contradiction	Ryan lives in Kabul.	Ryan lives in Switzerland.
contradiction	Lawrence lives in Kyiv.	Lawrence lives in Azerbaijan.
contradiction	Charlotte lives in Riyadh.	Charlotte lives in Zimbabwe.
contradiction	Amanda lives in Amsterdam.	Amanda lives in Bhutan.
contradiction	Leslie lives in Bern.	Leslie lives in Canada.
contradiction	Sophie lives in Buenos Aires.	Sophie lives in United States of America.
contradiction	Ryan lives in Vientiane.	Ryan lives in Russia.
contradiction	Jane lives in Quito.	Jane lives in Chile.
contradiction	Larry lives in Muscat.	Larry lives in Haiti.
contradiction	Deborah lives in Tbilisi.	Deborah lives in Zimbabwe.
contradiction	Janet lives in Beijing.	Janet lives in Germany.
contradiction	Keith lives in Beijing.	Keith lives in United Arab Emirates.
contradiction	Chris lives in Manila.	Chris lives in Zimbabwe.
contradiction	Andrea lives in Lisbon.	Andrea lives in North Korea.
contradiction	Joe lives in Tbilisi.	Joe lives in Uruguay.
contradiction	Diana lives in Reykjavik.	Diana lives in China.
contradiction	Robert lives in Accra.	Robert lives in Sweden.
contradiction	Dorothy lives in Muscat.	Dorothy lives in Georgia.
contradiction	Alan lives in Seoul.	Alan lives in Bhutan.
contradiction	Alfred lives in Pyongyang.	Alfred lives in Netherlands.
contradiction	Ann lives in Tokyo.	Ann lives in New Zealand.
contradiction	Steve lives in Kabul.	Steve lives in Libya.
contradiction	Jill lives in Tripoli.	Jill lives in Malaysia.
contradiction	Kevin lives in Pyongyang.	Kevin lives in Netherlands.
contradiction	Ed lives in Budapest.	Ed lives in Thailand.
contradiction	Rebecca lives in Santiago.	Rebecca lives in Cuba.
contradiction	Kevin lives in Lisbon.	Kevin lives in China.
contradiction	Harold lives in Pyongyang.	Harold lives in Afghanistan.
contradiction	Benjamin lives in Vientiane.	Benjamin lives in Germany.
contradiction	Sharon lives in Wellington.	Sharon lives in Bangladesh.
contradiction	Eleanor lives in Warsaw.	Eleanor lives in Azerbaijan.
contradiction	Andrew lives in Bogotá.	Andrew lives in Indonesia.
contradiction	Joe lives in Kathmandu.	Joe lives in United States of America.
contradiction	Louis lives in Beijing.	Louis lives in Zimbabwe.
contradiction	Nicole lives in Dhaka.	Nicole lives in Germany.
contradiction	Jack lives in Montevideo.	Jack lives in Finland.
contradiction	Elaine lives in Montevideo.	Elaine lives in Greece.
contradiction	Emma lives in Pyongyang.	Emma lives in Vietnam.
contradiction	Laura lives in Ottawa.	Laura lives in Greece.
contradiction	Scott lives in Vientiane.	Scott lives in Iran.
contradiction	Alfred lives in Ankara.	Alfred lives in Bangladesh.
contradiction	Hugh lives in Havana.	Hugh lives in Ecuador.
contradiction	Adam lives in Hanoi.	Adam lives in Germany.
contradiction	Howard lives in Rome.	Howard lives in Portugal.
contradiction	Peter lives in Canberra.	Peter lives in Colombia.
contradiction	Lucy lives in Baghdad.	Lucy lives in Oman.
contradiction	Rachel lives in Pyongyang.	Rachel lives in Italy.
contradiction	Greg lives in Pyongyang.	Greg lives in Hungary.
contradiction	Annie lives in Seoul.	Annie lives in Australia.
contradiction	Margaret lives in Male.	Margaret lives in China.
contradiction	Henry lives in Baghdad.	Henry lives in Malaysia.
contradiction	Simon lives in Minsk.	Simon lives in Mexico.
contradiction	Katie lives in Seoul.	Katie lives in Finland.
contradiction	Nancy lives in Tripoli.	Nancy lives in Bhutan.
contradiction	Cynthia lives in Muscat.	Cynthia lives in South Korea.
contradiction	Kathleen lives in Kathmandu.	Kathleen lives in Mexico.
contradiction	Maria lives in Kathmandu.	Maria lives in Canada.
contradiction	Tony lives in Accra.	Tony lives in Australia.
contradiction	Ryan lives in New Delhi.	Ryan lives in New Zealand.
contradiction	Daniel lives in Berlin.	Daniel lives in Vietnam.
contradiction	Frederick lives in Quito.	Frederick lives in Pakistan.
contradiction	Keith lives in Brussels.	Keith lives in Uruguay.
contradiction	Sharon lives in Copenhagen.	Sharon lives in New Zealand.
contradiction	Marie lives in Athens.	Marie lives in Cuba.
contradiction	Kathryn lives in Vientiane.	Kathryn lives in Maldives.
contradiction	Larry lives in Suva.	Larry lives in Austria.
contradiction	Howard lives in Jakarta.	Howard lives in United Kingdom.
contradiction	Robin lives in Jakarta.	Robin lives in Zimbabwe.
contradiction	Edward lives in Brussels.	Edward lives in Netherlands.
contradiction	Albert lives in Ottawa.	Albert lives in Belgium.
contradiction	Patricia lives in Bangkok.	Patricia lives in Singapore.
contradiction	Carl lives in Thimphu.	Carl lives in Argentina.
contradiction	Helen lives in Tripoli.	Helen lives in Japan.
contradiction	Julia lives in Ankara.	Julia lives in Vietnam.
contradiction	Howard lives in Havana.	Howard lives in Iceland.
contradiction	Philip lives in Male.	Philip lives in Israel.
contradiction	Kelly lives in Tokyo.	Kelly lives in Switzerland.
contradiction	Frederick lives in Suva.	Frederick lives in United Kingdom.
contradiction	Donald lives in Bangkok.	Donald lives in Argentina.
contradiction	Carolyn lives in Havana.	Carolyn lives in Chile.
contradiction	Ray lives in Paris.	Ray lives in Iran.
contradiction	Wendy lives in Buenos Aires.	Wendy lives in United Kingdom.
contradiction	Anna lives in Washington, D.C..	Anna lives in Nepal.
contradiction	Annie lives in Bogotá.	Annie lives in Bhutan.
contradiction	Donna lives in Tbilisi.	Donna lives in Pakistan.
contradiction	Sharon lives in Brussels.	Sharon lives in Ecuador.
contradiction	Heather lives in Male.	Heather lives in Turkey.
contradiction	George lives in Tripoli.	George lives in South Korea.
contradiction	Paul lives in Pyongyang.	Paul lives in United Arab Emirates.
contradiction	Bill lives in Doha.	Bill lives in United Arab Emirates.
contradiction	Albert lives in Beijing.	Albert lives in Laos.
contradiction	Emma lives in Singapore.	Emma lives in Thailand.
contradiction	Donna lives in Accra.	Donna lives in Portugal.
contradiction	Catherine lives in Santiago.	Catherine lives in Colombia.
contradiction	Daniel lives in Dublin.	Daniel lives in Philippines.
contradiction	Jill lives in Montevideo.	Jill lives in Cuba.
contradiction	Richard lives in Dublin.	Richard lives in Taiwan.
contradiction	Keith lives in Taipei.	Keith lives in Uruguay.
contradiction	Margaret lives in Tripoli.	Margaret lives in Switzerland.
contradiction	Dave lives in Brussels.	Dave lives in Haiti.
contradiction	Stephen lives in Minsk.	Stephen lives in New Zealand.
contradiction	Dorothy lives in Vienna.	Dorothy lives in Belarus.
contradiction	Judy lives in Suva.	Judy lives in United States of America.
contradiction	Annie lives in Havana.	Annie lives in Germany.
contradiction	Robin lives in Lisbon.	Robin lives in Philippines.
contradiction	Martin lives in Kuala Lumpur.	Martin lives in Ukraine.
contradiction	Fred lives in Washington, D.C..	Fred lives in Austria.
contradiction	Albert lives in Riyadh.	Albert lives in Laos.
contradiction	Alice lives in Manila.	Alice lives in Australia.
contradiction	Fred lives in Paris.	Fred lives in Netherlands.
contradiction	Frederick lives in Havana.	Frederick lives in India.
contradiction	Harriet lives in Islamabad.	Harriet lives in Ireland.
contradiction	Joan lives in Muscat.	Joan lives in Finland.
contradiction	Martha lives in Reykjavik.	Martha lives in Denmark.
contradiction	Robert lives in Tokyo.	Robert lives in Iceland.
contradiction	Bruce lives in Seoul.	Bruce lives in Indonesia.
contradiction	Nicole lives in Buenos Aires.	Nicole lives in Finland.
contradiction	William lives in Cairo.	William lives in Australia.
contradiction	Steve lives in Dhaka.	Steve lives in Taiwan.
contradiction	Mark lives in Brussels.	Mark lives in Taiwan.
contradiction	Thomas lives in Moscow.	Thomas lives in United States of America.
contradiction	Thomas lives in Canberra.	Thomas lives in Pakistan.
contradiction	Francis lives in Vienna.	Francis lives in Egypt.
contradiction	Ashley lives in Kathmandu.	Ashley lives in Ghana.
contradiction	Rose lives in Copenhagen.	Rose lives in Portugal.
contradiction	Bobby lives in Lisbon.	Bobby lives in Indonesia.
contradiction	David lives in Bern.	David lives in Pakistan.
contradiction	Sara lives in Vienna.	Sara lives in Brazil.
contradiction	Linda lives in Dublin.	Linda lives in Maldives.
contradiction	Marilyn lives in Stockholm.	Marilyn lives in Thailand.
contradiction	Martin lives in Moscow.	Martin lives in Iran.
contradiction	Maria lives in Dhaka.	Maria lives in Finland.
contradiction	Francis lives in Harare.	Francis lives in Laos.
contradiction	Jean lives in Hanoi.	Jean lives in Haiti.
contradiction	Anna lives in Canberra.	Anna lives in Denmark.
contradiction	Nick lives in Seoul.	Nick lives in Iceland.
contradiction	Kelly lives in Wellington.	Kelly lives in Hungary.
contradiction	Alison lives in Washington, D.C..	Alison lives in Switzerland.
contradiction	Lynn lives in Santiago.	Lynn lives in Ukraine.
contradiction	Nancy lives in Tbilisi.	Nancy lives in Saudi Arabia.
contradiction	Edwin lives in Wellington.	Edwin lives in Israel.
contradiction	Johnny lives in Singapore.	Johnny lives in Libya.
contradiction	Brian lives in Havana.	Brian lives in India.
contradiction	Eric lives in Taipei.	Eric lives in Japan.
contradiction	Scott lives in Suva.	Scott lives in Haiti.
contradiction	Nicole lives in Berlin.	Nicole lives in Argentina.
contradiction	Ray lives in Kuala Lumpur.	Ray lives in Taiwan.
contradiction	Nancy lives in Tbilisi.	Nancy lives in Cuba.
contradiction	Mark lives in Brussels.	Mark lives in Colombia.
contradiction	Pamela lives in Port-au-Prince.	Pamela lives in Hungary.
contradiction	Robert lives in Tokyo.	Robert lives in Chile.
contradiction	Nicole lives in New Delhi.	Nicole lives in Oman.
contradiction	Anna lives in Hanoi.	Anna lives in Belarus.
contradiction	Fred lives in Bogotá.	Fred lives in Brazil.
contradiction	Tony lives in Cairo.	Tony lives in Philippines.
contradiction	Anthony lives in Baku.	Anthony lives in Qatar.
contradiction	Gary lives in Harare.	Gary lives in Poland.
contradiction	Frank lives in Copenhagen.	Frank lives in India.
contradiction	Andrew lives in Abu Dhabi.	Andrew lives in Oman.
contradiction	Virginia lives in Harare.	Virginia lives in United Arab Emirates.
contradiction	Rebecca lives in Male.	Rebecca lives in Brazil.
contradiction	Kathleen lives in Budapest.	Kathleen lives in Egypt.
contradiction	Helen lives in Paris.	Helen lives in Philippines.
contradiction	Sam lives in Athens.	Sam lives in Thailand.
contradiction	Francis lives in Athens.	Francis lives in Haiti.
contradiction	Johnny lives in Tehran.	Johnny lives in Argentina.
contradiction	Marilyn lives in Doha.	Marilyn lives in Turkey.
contradiction	David lives in Seoul.	David lives in Finland.
contradiction	Alice lives in Lisbon.	Alice lives in Bhutan.
contradiction	Wendy lives in Jakarta.	Wendy lives in Singapore.
contradiction	Patricia lives in Kuala Lumpur.	Patricia lives in Georgia.
contradiction	Simon lives in Abu Dhabi.	Simon lives in Azerbaijan.
contradiction	Bruce lives in Helsinki.	Bruce lives in Zimbabwe.
contradiction	Laura lives in Mexico City.	Laura lives in Indonesia.
contradiction	Alice lives in Vientiane.	Alice lives in China.
contradiction	Betty lives in Athens.	Betty lives in Portugal.
contradiction	Mary lives in New Delhi.	Mary lives in Denmark.
contradiction	Claire lives in Athens.	Claire lives in Hungary.
contradiction	Stephen lives in Rome.	Stephen lives in North Korea.
contradiction	Simon lives in Stockholm.	Simon lives in Zimbabwe.
contradiction	Sandra lives in Suva.	Sandra lives in Pakistan.
contradiction	Kathy lives in Tehran.	Kathy lives in Fiji.
contradiction	Charles lives in Bangkok.	Charles lives in Iceland.
contradiction	Diana lives in Reykjavik.	Diana lives in Iran.
contradiction	Daniel lives in Santiago.	Daniel lives in United Kingdom.
contradiction	Edith lives in Taipei.	Edith lives in South Korea.
contradiction	Katherine lives in Quito.	Katherine lives in Israel.
contradiction	Ralph lives in Paris.	Ralph lives in Maldives.
contradiction	James lives in Berlin.	James lives in Haiti.
contradiction	Ben lives in Bern.	Ben lives in Qatar.
contradiction	Sarah lives in Male.	Sarah lives in Portugal.
contradiction	James lives in Bogotá.	James lives in Malaysia.
contradiction	Florence lives in Amsterdam.	Florence lives in United Kingdom.
contradiction	Frank lives in Warsaw.	Frank lives in Qatar.
contradiction	Jill lives in Bogotá.	Jill lives in Belarus.
contradiction	Virginia lives in Kabul.	Virginia lives in India.
contradiction	Harriet lives in Dublin.	Harriet lives in Italy.
contradiction	Heather lives in Wellington.	Heather lives in Iran.
contradiction	Elaine lives in Brasilia.	Elaine lives in Azerbaijan.
contradiction	Charlie lives in Minsk.	Charlie lives in Iceland.
contradiction	Keith lives in Tripoli.	Keith lives in Russia.
contradiction	Amanda lives in Copenhagen.	Amanda lives in Fiji.
contradiction	Kathy lives in Baku.	Kathy lives in India.
contradiction	Christopher lives in Baghdad.	Christopher lives in Argentina.
contradiction	Lucy lives in Brasilia.	Lucy lives in Belarus.
contradiction	Nicole lives in Kabul.	Nicole lives in Switzerland.
contradiction	Harriet lives in Kyiv.	Harriet lives in Brazil.
contradiction	Joseph lives in Kyiv.	Joseph lives in Ecuador.
contradiction	Bruce lives in Reykjavik.	Bruce lives in Australia.
contradiction	Pamela lives in New Delhi.	Pamela lives in Colombia.
contradiction	Lynn lives in Tripoli.	Lynn lives in Azerbaijan.
contradiction	Suzanne lives in Jakarta.	Suzanne lives in Nepal.
contradiction	Patrick lives in Santiago.	Patrick lives in Greece.
contradiction	Katherine lives in Port-au-Prince.	Katherine lives in United States of America.
contradiction	Cynthia lives in Suva.	Cynthia lives in Germany.
contradiction	Rebecca lives in Paris.	Rebecca lives in Mexico.
contradiction	Marilyn lives in Kyiv.	Marilyn lives in Portugal.
contradiction	Francis lives in Moscow.	Francis lives in Canada.
contradiction	Kate lives in Ankara.	Kate lives in Ukraine.
contradiction	Anna lives in Kyiv.	Anna lives in Israel.
contradiction	Kim lives in Beijing.	Kim lives in Zimbabwe.
contradiction	Jerry lives in Warsaw.	Jerry lives in Pakistan.
contradiction	Jessica lives in Warsaw.	Jessica lives in Russia.
contradiction	Susan lives in Athens.	Susan lives in India.
contradiction	Albert lives in Copenhagen.	Albert lives in Russia.
contradiction	Diana lives in Riyadh.	Diana lives in Iceland.
contradiction	Louise lives in Tokyo.	Louise lives in Iceland.
contradiction	Kate lives in Taipei.	Kate lives in Portugal.
contradiction	Lynn lives in Montevideo.	Lynn lives in Laos.
contradiction	Chris lives in Canberra.	Chris lives in Ireland.
contradiction	Jane lives in Bern.	Jane lives in United States of America.
contradiction	Ray lives in Islamabad.	Ray lives in Nepal.
contradiction	Carol lives in Athens.	Carol lives in Ukraine.
contradiction	Martha lives in Athens.	Martha lives in Fiji.
contradiction	Stephen lives in Moscow.	Stephen lives in Bhutan.
contradiction	Eleanor lives in Manila.	Eleanor lives in Netherlands.
contradiction	Alexandra lives in Male.	Alexandra lives in Chile.
contradiction	Cynthia lives in Montevideo.	Cynthia lives in Taiwan.
contradiction	Jonathan lives in Stockholm.	Jonathan lives in Ecuador.
contradiction	Dave lives in Jakarta.	Dave lives in South Korea.
contradiction	Ashley lives in Helsinki.	Ashley lives in United States of America.
contradiction	Katie lives in Hanoi.	Katie lives in Zimbabwe.
contradiction	Catherine lives in Jerusalem.	Catherine lives in Nepal.
contradiction	Emma lives in Athens.	Emma lives in Afghanistan.
contradiction	Christopher lives in Muscat.	Christopher lives in Hungary.
contradiction	Margaret lives in Bangkok.	Margaret lives in Pakistan.
contradiction	Eric lives in Ankara.	Eric lives in Malaysia.
contradiction	Bob lives in Moscow.	Bob lives in Indonesia.
contradiction	Harold lives in Male.	Harold lives in Canada.
contradiction	Bill lives in Bogotá.	Bill lives in Japan.
contradiction	Carolyn lives in Brussels.	Carolyn lives in Vietnam.
contradiction	Simon lives in Santiago.	Simon lives in Japan.
contradiction	Fred lives in Santiago.	Fred lives in Switzerland.
contradiction	Harold lives in Harare.	Harold lives in Ukraine.
contradiction	Ben lives in Pyongyang.	Ben lives in Austria.
contradiction	Sandra lives in Moscow.	Sandra lives in Ghana.
contradiction	Bruce lives in Thimphu.	Bruce lives in Belgium.
contradiction	Sophie lives in Jerusalem.	Sophie lives in North Korea.
contradiction	Harry lives in Havana.	Harry lives in Israel.
contradiction	Julie lives in Manila.	Julie lives in Uruguay.
contradiction	Eleanor lives in Jakarta.	Eleanor lives in Netherlands.
contradiction	Elizabeth lives in Kuala Lumpur.	Elizabeth lives in Egypt.
contradiction	Brian lives in Berlin.	Brian lives in China.
contradiction	Grace lives in Amsterdam.	Grace lives in United Kingdom.
contradiction	Lucy lives in Dhaka.	Lucy lives in Egypt.
contradiction	Rebecca lives in Port-au-Prince.	Rebecca lives in France.
contradiction	Kevin lives in Male.	Kevin lives in India.
contradiction	Hugh lives in Kabul.	Hugh lives in Nepal.
contradiction	Lynn lives in Reykjavik.	Lynn lives in Greece.
contradiction	Amanda lives in Amsterdam.	Amanda lives in North Korea.
contradiction	Tim lives in Taipei.	Tim lives in Hungary.
contradiction	Steven lives in Port-au-Prince.	Steven lives in Vietnam.
contradiction	Kathleen lives in Vientiane.	Kathleen lives in Japan.
contradiction	Colin lives in Buenos Aires.	Colin lives in Pakistan.
contradiction	Brian lives in Bangkok.	Brian lives in Colombia.
contradiction	Lucy lives in Copenhagen.	Lucy lives in Japan.
contradiction	Stephanie lives in Moscow.	Stephanie lives in Portugal.
contradiction	Nicole lives in Montevideo.	Nicole lives in Zimbabwe.
contradiction	Karen lives in Lisbon.	Karen lives in Haiti.
contradiction	Edwin lives in Helsinki.	Edwin lives in Belarus.
contradiction	Caroline lives in Thimphu.	Caroline lives in Maldives.
contradiction	Jill lives in Mexico City.	Jill lives in Ghana.
contradiction	Kate lives in Doha.	Kate lives in Ukraine.
contradiction	Alan lives in Vienna.	Alan lives in United Kingdom.
contradiction	Stephen lives in Dhaka.	Stephen lives in Israel.
contradiction	Nick lives in Tripoli.	Nick lives in Pakistan.
contradiction	Frederick lives in Singapore.	Frederick lives in Hungary.
contradiction	Walter lives in Suva.	Walter lives in Australia.
contradiction	Alan lives in Tehran.	Alan lives in Pakistan.
contradiction	Tom lives in Port-au-Prince.	Tom lives in Chile.
contradiction	Ron lives in Vienna.	Ron lives in Italy.
contradiction	Donald lives in Ankara.	Donald lives in Maldives.
contradiction	Frederick lives in Wellington.	Frederick lives in Iraq.
contradiction	Jane lives in Helsinki.	Jane lives in Iraq.
contradiction	Ruth lives in Baku.	Ruth lives in Afghanistan.
contradiction	Ken lives in Montevideo.	Ken lives in France.
contradiction	Michael lives in Harare.	Michael lives in Japan.
contradiction	Ian lives in Mexico City.	Ian lives in France.
contradiction	Christopher lives in Quito.	Christopher lives in United States of America.
contradiction	Joan lives in Berlin.	Joan lives in Nepal.
contradiction	Deborah lives in Lisbon.	Deborah lives in Argentina.
contradiction	Jerry lives in Washington, D.C..	Jerry lives in Qatar.
contradiction	Steve lives in Amsterdam.	Steve lives in Uruguay.
contradiction	Michelle lives in Vienna.	Michelle lives in Belgium.
contradiction	Alan lives in Accra.	Alan lives in Canada.
contradiction	Deborah lives in Cairo.	Deborah lives in Haiti.
contradiction	Francis lives in Berlin.	Francis lives in United Kingdom.
contradiction	Larry lives in Havana.	Larry lives in Germany.
contradiction	Donald lives in Dublin.	Donald lives in Fiji.
contradiction	Jay lives in Kabul.	Jay lives in Colombia.
contradiction	Michael lives in Montevideo.	Michael lives in Brazil.
contradiction	Francis lives in Pyongyang.	Francis lives in Portugal.
contradiction	Edward lives in Santiago.	Edward lives in Belgium.
contradiction	Virginia lives in London.	Virginia lives in Belgium.
contradiction	Carolyn lives in New Delhi.	Carolyn lives in Bangladesh.
contradiction	Elizabeth lives in Athens.	Elizabeth lives in Bangladesh.
contradiction	Judith lives in Berlin.	Judith lives in Australia.
contradiction	Victoria lives in Brasilia.	Victoria lives in Azerbaijan.
contradiction	Carolyn lives in Kathmandu.	Carolyn lives in Cuba.
contradiction	Philip lives in Rome.	Philip lives in Zimbabwe.
contradiction	Fred lives in Stockholm.	Fred lives in Ireland.
contradiction	Johnny lives in Budapest.	Johnny lives in Brazil.
contradiction	Betty lives in Buenos Aires.	Betty lives in Qatar.
contradiction	Ben lives in Harare.	Ben lives in Poland.
contradiction	Edith lives in Tripoli.	Edith lives in Portugal.
contradiction	Steve lives in Kabul.	Steve lives in Denmark.
contradiction	Katie lives in Dhaka.	Katie lives in Afghanistan.
contradiction	Jack lives in Cairo.	Jack lives in Ireland.
contradiction	Ron lives in Pyongyang.	Ron lives in Philippines.
contradiction	Michelle lives in Washington, D.C..	Michelle lives in Israel.
contradiction	John lives in Pyongyang.	John lives in Belarus.
contradiction	Frances lives in Taipei.	Frances lives in Nepal.
contradiction	Scott lives in Mexico City.	Scott lives in Cuba.
contradiction	Jonathan lives in Reykjavik.	Jonathan lives in China.
contradiction	Bruce lives in Bangkok.	Bruce lives in Laos.
contradiction	Kelly lives in Budapest.	Kelly lives in Italy.
contradiction	Carolyn lives in Beijing.	Carolyn lives in Austria.
contradiction	Jonathan lives in Abu Dhabi.	Jonathan lives in Hungary.
contradiction	Hugh lives in New Delhi.	Hugh lives in France.
contradiction	Angela lives in Tokyo.	Angela lives in Ukraine.
contradiction	Paul lives in Ankara.	Paul lives in Argentina.
contradiction	Maria lives in Beijing.	Maria lives in Hungary.
contradiction	Margaret lives in Stockholm.	Margaret lives in South Korea.
contradiction	Pamela lives in Dhaka.	Pamela lives in Iran.
contradiction	Ryan lives in Athens.	Ryan lives in South Korea.
contradiction	Bill lives in Ottawa.	Bill lives in Qatar.
contradiction	Matthew lives in New Delhi.	Matthew lives in New Zealand.
contradiction	Leslie lives in Seoul.	Leslie lives in Thailand.
contradiction	Mike lives in Copenhagen.	Mike lives in Iceland.
contradiction	Jack lives in Tbilisi.	Jack lives in United States of America.
contradiction	Ed lives in Tripoli.	Ed lives in China.
contradiction	Elizabeth lives in Thimphu.	Elizabeth lives in Finland.
contradiction	George lives in Tehran.	George lives in Chile.
contradiction	Sandra lives in Mexico City.	Sandra lives in Argentina.
contradiction	Marie lives in Thimphu.	Marie lives in Haiti.
contradiction	Catherine lives in Warsaw.	Catherine lives in Iceland.
contradiction	Pamela lives in Pyongyang.	Pamela lives in Germany.
contradiction	Rachel lives in Port-au-Prince.	Rachel lives in Denmark.
contradiction	Alison lives in Lisbon.	Alison lives in Cuba.
contradiction	Ashley lives in Beijing.	Ashley lives in Turkey.
contradiction	Virginia lives in Kyiv.	Virginia lives in Denmark.
contradiction	Louise lives in Warsaw.	Louise lives in Libya.
contradiction	Harry lives in Jerusalem.	Harry lives in Ireland.
contradiction	Michael lives in Montevideo.	Michael lives in Mexico.
contradiction	Rachel lives in Reykjavik.	Rachel lives in United States of America.
contradiction	Francis lives in Minsk.	Francis lives in Georgia.
contradiction	Kelly lives in Brasilia.	Kelly lives in Mexico.
contradiction	Ellen lives in Tbilisi.	Ellen lives in Malaysia.
contradiction	Billy lives in Athens.	Billy lives in Laos.
contradiction	Brian lives in Male.	Brian lives in Canada.
contradiction	Melissa lives in Tripoli.	Melissa lives in Austria.
contradiction	Jeff lives in Singapore.	Jeff lives in Ecuador.
contradiction	Jerry lives in Rome.	Jerry lives in Indonesia.
contradiction	Harry lives in Kathmandu.	Harry lives in New Zealand.
contradiction	Ruth lives in Havana.	Ruth lives in Germany.
contradiction	Colin lives in Tehran.	Colin lives in Ireland.
contradiction	Kate lives in Washington, D.C..	Kate lives in Bhutan.
contradiction	Harold lives in Islamabad.	Harold lives in Switzerland.
contradiction	Melissa lives in Manila.	Melissa lives in Ukraine.
contradiction	Michael lives in Athens.	Michael lives in China.
contradiction	Henry lives in Lisbon.	Henry lives in Brazil.
contradiction	Maria lives in Kyiv.	Maria lives in Switzerland.
contradiction	Kim lives in Baku.	Kim lives in Japan.
contradiction	Kenneth lives in Santiago.	Kenneth lives in Denmark.
contradiction	Andrea lives in Taipei.	Andrea lives in Azerbaijan.
contradiction	Mary lives in London.	Mary lives in Finland.
contradiction	Anna lives in Male.	Anna lives in France.
contradiction	Kevin lives in Vientiane.	Kevin lives in Argentina.
contradiction	Matt lives in Stockholm.	Matt lives in Brazil.
contradiction	David lives in Accra.	David lives in North Korea.
contradiction	Louis lives in Riyadh.	Louis lives in China.
contradiction	Nancy lives in Stockholm.	Nancy lives in Pakistan.
contradiction	Joan lives in Manila.	Joan lives in Argentina.
contradiction	Harriet lives in Manila.	Harriet lives in Ireland.
contradiction	Frances lives in Abu Dhabi.	Frances lives in Ecuador.
contradiction	George lives in Quito.	George lives in United States of America.
contradiction	Tony lives in Ottawa.	Tony lives in Ghana.
contradiction	Lucy lives in Baku.	Lucy lives in New Zealand.
contradiction	Catherine lives in Ankara.	Catherine lives in Singapore.
contradiction	Lucy lives in Thimphu.	Lucy lives in Belarus.
contradiction	Maria lives in Bogotá.	Maria lives in South Korea.
contradiction	Dan lives in Wellington.	Dan lives in Hungary.
contradiction	Bruce lives in Singapore.	Bruce lives in United Arab Emirates.
contradiction	John lives in Baku.	John lives in Switzerland.
contradiction	Ray lives in Stockholm.	Ray lives in Malaysia.
contradiction	Kate lives in Wellington.	Kate lives in India.
contradiction	Robin lives in Mexico City.	Robin lives in Belarus.
contradiction	Martha lives in Hanoi.	Martha lives in Fiji.
contradiction	Laura lives in Hanoi.	Laura lives in Philippines.
contradiction	Bruce lives in Minsk.	Bruce lives in Italy.
contradiction	Suzanne lives in Tokyo.	Suzanne lives in Thailand.
contradiction	Simon lives in Jerusalem.	Simon lives in United Kingdom.
contradiction	Charlotte lives in Manila.	Charlotte lives in Ecuador.
contradiction	Evelyn lives in Beijing.	Evelyn lives in France.
contradiction	Louis lives in Dhaka.	Louis lives in Switzerland.
contradiction	Bruce lives in Riyadh.	Bruce lives in Ghana.
contradiction	Hugh lives in Wellington.	Hugh lives in Saudi Arabia.
contradiction	Martin lives in Ottawa.	Martin lives in Afghanistan.
contradiction	Karen lives in Budapest.	Karen lives in Brazil.
contradiction	Jennifer lives in Helsinki.	Jennifer lives in United States of America.
contradiction	Betty lives in Riyadh.	Betty lives in Netherlands.
contradiction	Frances lives in Dublin.	Frances lives in Canada.
contradiction	Barbara lives in Tbilisi.	Barbara lives in Bangladesh.
contradiction	Karen lives in Tbilisi.	Karen lives in Mexico.
contradiction	Alice lives in Paris.	Alice lives in Mexico.
contradiction	Philip lives in Cairo.	Philip lives in Haiti.
contradiction	Ian lives in Cairo.	Ian lives in Netherlands.
contradiction	Janet lives in Baghdad.	Janet lives in Russia.
contradiction	Edith lives in Canberra.	Edith lives in Canada.
contradiction	Robert lives in Bangkok.	Robert lives in United Arab Emirates.
contradiction	Robin lives in Bogotá.	Robin lives in Finland.
contradiction	Louis lives in Bern.	Louis lives in Australia.
